make,model,year,price,mileage,city,engine_capacity
United,US Scooty 100,2025,205000,1,Islamabad,0
Yadea,Ruibin,2025,155000,1,Rawalpindi,0
Evee,S1,2025,155000,1,Islamabad,0
Evee,Nisa,2025,110000,1,Rawalpindi,0
Yadea,Epoc-H,2025,169000,1,Rawalpindi,0
Yadea,GT30,2025,189000,1,Islamabad,0
Yadea,Ruibin,2025,204000,1,Rawalpindi,0
United,EV Bullet,2025,285000,1,Rawalpindi,0
Evee,S1,2025,203000,1,Lahore,0
Evee,Nisa,2025,158000,1,Lahore,0
Evee,S1 Pro,2025,266000,1,Rawalpindi,0
Jolta,Electric Storm Pro,2025,175000,1,Lahore,0
Jolta,Electric Sparrow,2025,145000,1,Lahore,0
Jolta,Electric Storm,2025,165000,1,Lahore,0
Evee,S1 Air,2025,279000,1,Lahore,0
Evee,Gen-Z,2025,177000,1,Lahore,0
Evee,C1 Air,2025,250000,1,Rawalpindi,0
Evee,Gen-Z,2025,145000,1,Rawalpindi,0
Evee,Nisa,2025,285000,1,Islamabad,0
Yadea,Epoc-H,2025,350000,1,Rawalpindi,0
Evee,Gen-Z,2025,150000,1,Rawalpindi,0
Evee,S1,2025,150000,1,Rawalpindi,0
Evee,S1,2025,210000,1,Karachi,0
Evee,Gen-Z,2025,170000,1,Rawalpindi,0
Jolta,Electric JES-70D,2023,140000,1,Mardan,0
Evee,C1 Air,2025,305000,1,Rawalpindi,0
United,US Scooty 100,2025,265000,1,Peshawar,0
Evee,C1,2025,205000,1,Rawalpindi,0
United,US Scooty 100,2025,299000,1,Rawalpindi,0
Evee,Nisa,2025,158000,1,Islamabad,0
Yadea,T5,2024,188000,1,Multan,0
Evee,S1 Pro,2025,266000,1,Lahore,0
Jolta,Electric JE-70D,2025,150000,1,Burewala,0
Jolta,Electric JES-70D,2025,165000,1,Burewala,0
Evee,C1,2025,200000,1,Rawalpindi,0
Evee,C1 Pro,2025,230000,1,Rawalpindi,0
Evee,Flipper,2025,98000,1,Rawalpindi,0
Evee,Nisa,2025,159000,1,Rawalpindi,0
Evee,C1 Pro,2025,230000,1,Islamabad,0
United,US Scooty 100,2025,185000,1,Islamabad,0
Evee,Nisa,2025,155000,1,Islamabad,0
Evee,Gen-Z,2025,175000,1,Rawalpindi,0
Evee,Nisa,2025,155000,1,Rawalpindi,0
United,US Scooty 100,2025,360000,1,Rawalpindi,0
United,US Scooty 100,2025,265000,1,Rawalpindi,0
Evee,C1 Pro,2025,230000,1,Peshawar,0
United,US Scooty 100,2025,245000,1,Islamabad,0
Evee,C1 Air,2025,155000,1,Rawalpindi,0
Evee,Nisa,2025,158000,1,Rawalpindi,0
United,Electric Classy,2025,155000,1,Rawalpindi,0
Evee,Nisa 3W,2025,285000,1,Rawalpindi,0
United,Electric Sharp,2025,210000,1,Rawalpindi,0
United,Electric Classy,2025,175000,1,Rawalpindi,0
United,Electric Smart,2025,185000,1,Rawalpindi,0
Jolta,Electric JE-70D,2025,150000,2,Lahore,0
Jolta,Electric JE-70L,2025,226000,2,Lahore,0
Jolta,Electric Sparrow,2025,145000,2,Lahore,0
Jolta,Electric Storm,2025,165000,2,Lahore,0
Jolta,Electric JE-70G,2025,171000,2,Lahore,0
Evee,Nisa,2025,159000,2,Lahore,0
Evee,C1,2025,200000,2,Islamabad,0
Evee,Gen-Z,2025,170000,2,Rawalpindi,0
Jolta,Electric Sparrow,2025,145000,3,Lahore,0
Jolta,Electric Neo Pro,2025,180000,3,Lahore,0
Jolta,Electric Storm,2025,165000,3,Lahore,0
Jolta,Electric Neo,2025,175000,3,Lahore,0
Jolta,Electric Aero,2025,264000,3,Lahore,0
Jolta,Electric Aero Pro,2025,310000,3,Lahore,0
Jolta,Electric JE-100D,2025,186000,3,Lahore,0
Evee,C1 Pro,2025,230000,3,Rawalpindi,0
Jolta,Electric Neo,2025,175000,4,Lahore,0
Jolta,Electric JE-100L,2025,239000,5,Lahore,0
Evee,C1,2025,200000,5,Rawalpindi,0
United,EV Revolt,2025,245000,10,Lahore,0
Jolta,Electric JE-70D,2025,150000,15,Lahore,0
Evee,Nisa 3W,2025,285000,15,Lahore,0
Evee,S1,2025,210000,20,Lahore,0
Jolta,Electric Storm,2025,170000,20,Bahawalpur,0
Evee,Nisa 3W,2024,280000,20,Lahore,0
Honda,CBR 1000RR,2008,2100000,23,Haripur,0
Jolta,Electric Sparrow,2025,150000,50,Bahawalpur,0
Honda,CBR 1000RR,1989,950000,50,Lahore,0
Evee,Gen-Z,2025,170000,50,Lahore,0
Evee,Gen-Z,2024,175000,60,Multan,0
Evee,C1,2025,159000,70,Lahore,0
Evee,Flipper,2024,70000,80,Karachi,0
Evee,Mito,2025,131000,100,Lahore,0
Evee,Gen-Z,2025,177000,100,Lahore,0
Evee,S1 Pro,2025,260000,100,Lahore,0
Evee,Nisa,2025,160000,100,Lahore,0
Evee,Gen-Z,2025,165000,101,Sialkot,0
United,US Scooty 100,2015,60000,123,Rawalpindi,0
Evee,Gen-Z,2024,165000,148,Lahore,0
Evee,Gen-Z,2025,170000,150,Peshawar,0
United,US Scooty 100,2024,250000,150,Lahore,0
Evee,C1,2025,225000,197,Lahore,0
United,Electric Sharp,2025,200000,200,Lahore,0
United,Electric Classy,2023,150000,250,Sheikhupura,0
Evee,C1 Air,2025,268000,389,Karachi,0
Jolta,Electric JES-70D,2022,120000,400,Gujranwala,0
Evee,Gen-Z,2025,165000,400,Islamabad,0
Evee,C1,2024,125000,500,Mamu kunjan,0
Evee,S1,2025,190000,500,Sheikhupura,0
Evee,C1,2023,200000,500,Lahore,0
Evee,S1,2025,190000,500,Lahore,0
Evee,C1,2025,265000,530,Mingora,0
Jolta,Electric JE-70D,2024,175000,550,Lahore,0
Evee,Flipper,2024,70000,555,Okara,0
United,Electric Classy,2025,155000,600,Gujranwala,0
Evee,Gen-Z,2025,165000,600,Lahore,0
United,US Scooty 100,2025,235000,650,Lahore,0
Evee,C1,2025,245000,700,Lahore,0
Evee,Nisa 3W,2024,225000,800,Islamabad,0
Yadea,G5,2025,255000,800,Islamabad,0
Evee,Gen-Z,2024,175000,930,Islamabad,0
Evee,Gen-Z,2025,178000,949,Islamabad,0
Yadea,GT30,2025,160000,950,Peshawar,0
Evee,Gen-Z,2025,77500,985,Rawalpindi,0
Jolta,Electric JE-70D,2022,80000,1000,Hyderabad,0
United,Electric Sharp,2024,308000,1100,Karachi,0
Evee,Nisa,2024,150000,1157,Kahuta,0
Evee,S1,2025,190000,1200,Sialkot,0
Evee,C1,2024,95000,1250,Rawalpindi,0
Yadea,Ruibin,2025,190000,1360,Peshawar,0
Evee,S1,2025,195000,1450,Lahore,0
Evee,Gen-Z,2025,160000,1500,Lahore,0
Evee,Flipper,2025,79000,1600,Karachi,0
Evee,Flipper,2024,85000,1600,Rawalpindi,0
Evee,C1 Pro,2025,150000,1600,Lahore,0
United,US Scooty 100,2024,115000,1610,Wah cantt,0
Yadea,Ruibin,2025,200000,1700,Multan,0
Jolta,Electric JE-70L,2022,150000,1700,Sialkot,0
Evee,Mito,2025,150000,2000,Swabi,0
Evee,C1 Pro,2024,200000,2000,Islamabad,0
Evee,Flipper,2024,83000,2200,Islamabad,0
Jolta,Electric Storm,2023,135000,2229,Lahore,0
United,US Scooty 100,2022,245000,2330,Lahore,0
Jolta,Electric JE-70L,2023,190000,2383,Karachi,0
Evee,S1 Pro,2025,250000,2500,Okara,0
Jolta,Electric JE-70D,2021,65000,2580,Swabi,0
Evee,Gen-Z,2024,175000,2595,Lahore,0
Evee,C1,2024,175000,2800,Lahore,0
Evee,Nisa,2024,135000,3000,Rawalpindi,0
Evee,C1 Pro,2024,189000,3000,Karachi,0
Jolta,Electric JE-70G,2024,110000,3000,Faisalabad,0
Honda,CBR 1000RR,2020,10500000,3000,Multan,0
Evee,C1 Pro,2024,215000,3085,Karachi,0
United,US Scooty 100,2020,160000,3100,Lahore,0
United,US Scooty 100,2018,130000,3200,Lahore,0
Honda,CBR 1000RR,2023,12500000,3338,Karachi,0
Evee,C1 Pro,2024,2005000,3400,Islamabad,0
Evee,C1,2024,205000,3500,Lodhran,0
Evee,C1 Air,2024,260000,3500,Lahore,0
United,EV Bullet,2025,270000,3500,Peshawar,0
Yadea,G5,2024,235000,3750,Gujrat,0
Yadea,T5,2024,230000,4000,Islamabad,0
Evee,C1,2024,130000,4000,Lahore,0
Yadea,T5,2024,230000,4200,Multan,0
Yadea,G5,2024,190000,4400,Kharian,0
United,US Scooty 100,2024,145000,5000,Lahore,0
Jolta,Electric JE-70D,2020,150000,5000,Toba Tek Singh,0
Yadea,G5,2024,200000,5500,Sialkot,0
United,Electric Sharp,2024,130000,5999,Karachi,0
United,US Scooty 100,2020,155000,6000,Lahore,0
United,US Scooty 100,2024,85000,6000,Abbottabad,0
Jolta,Electric JE-70D,2023,80000,6147,Hyderabad,0
United,US Scooty 100,2019,150000,6800,Jhelum,0
United,Electric Classy,2015,55000,7000,Rawalpindi,0
Evee,C1,2024,210000,7000,Sargodha,0
Evee,C1 Pro,2024,170000,7000,Sargodha,0
United,US Scooty 100,2021,165000,9100,Lahore,0
United,US Scooty 100,2022,165000,9100,Sialkot,0
Honda,CBR 1000RR,2017,6200000,9300,Multan,0
Jolta,Electric JES-70D,2023,130000,9712,Faisalabad,0
Honda,CBR 1000RR,2013,4200000,10000,Multan,0
Evee,Mito,2025,160000,10000,Rawalpindi,0
Jolta,Electric Aero Pro,2023,300000,10000,Lahore,0
Jolta,Electric JE-70D,2022,112000,10000,Sargodha,0
Jolta,Electric JE-70D,2023,140000,10000,Mardan,0
Jolta,Electric JE-70G,2022,130000,10000,Hyderabad,0
Evee,C1 Air,2024,245000,10260,Lahore,0
Yadea,T5,2024,195000,11625,Lahore,0
Yadea,T5,2024,199000,11700,Lahore,0
United,Electric Classy,2024,200000,12000,Kasur,0
Honda,CBR 1000RR,1992,670000,12000,Islamabad,0
United,US Scooty 100,2017,150000,12000,Faisalabad,0
Evee,C1 Air,2024,280000,12588,Lahore,0
United,US Scooty 100,2019,150000,13000,Lahore,0
United,US Scooty 100,2019,170000,14000,Lahore,0
Jolta,Electric JES-70Li,2022,175000,14000,Rawalpindi,0
Jolta,Electric JE-70G,2022,100000,15636,Lahore,0
Jolta,Electric JE-70Li,2021,130000,15743,Nowshera,0
Yadea,T5,2024,200000,18000,Lahore,0
Honda,CBR 1000RR,2012,2775000,18000,Lahore,0
United,EV Bullet,2024,210000,19000,Lahore,0
Honda,CBR 1000RR,2005,600000,20000,Lahore,0
Jolta,Electric JE-70L,2022,70000,20000,Karachi,0
Jolta,Electric JE-70D,2023,115000,20000,Faisalabad,0
Jolta,Electric JE-70D,2023,120000,20070,Lahore,0
Honda,CBR 1000RR,2009,2850000,23000,Lahore,0
Honda,CBR 1000RR,2005,1690000,23000,Rawalpindi,0
Honda,Africa Twin CRF 1000L,2017,1100000,24000,Rawalpindi,0
Honda,CBR 1000RR,2010,2600000,25000,Karachi,0
United,US Scooty 100,2019,70000,30000,Khanewal,0
Jolta,Electric JE-70D,2022,120000,30000,Karachi,0
Jolta,Electric JE-70D,2021,98000,35000,Mandi bahauddin,0
Jolta,Electric JE-70D,2021,60000,79733,Okara,0
Honda,CBR 1000RR,2004,1250000,122233,Multan,0
United,US Scooty 100,2019,150000,140000,Peshawar,0
United,US Scooty 100,2013,35000,460000,Swabi,0
United,US Scooty 100,2014,60000,500060,Lahore,0
Yamaha,YBR 150,2023,150000,3800,Rawalpindi,150
New,Asia Ramza,2025,245000,1,Islamabad,70
New,Asia Ramza,2025,170000,1,Lahore,70
Honda,CD 70,2015,150000,2800,Lahore,70
Honda,CD 70,1969,52000,4000,Karachi,70
Honda,CD 70,2015,220000,4500,Peshawar,70
Honda,CD 70,2020,195000,6500,Jhelum,70
Honda,CD 70,1983,100000,10000,Karachi,70
Honda,CD 70,2010,85000,10000,Rawalpindi,70
Honda,CD 70,1975,42000,50000,Karachi,70
Honda,CD 70,2007,42000,1,Lahore,70
Union,Star US,2025,112000,1,Rawalpindi,70
Hi,Speed SR 70,2025,115000,1,Rawalpindi,70
Super,Star CD 70,2025,195000,1,Lahore,70
Honda,CD 70,2020,120000,1,Islamabad,70
Hi,Speed CDI SR- EURO-2,2023,110000,1,Karachi,70
Super,Star CD 70,2021,65000,1,Karachi,70
Unique,UD 70,2016,60000,1,Karachi,70
Union,Star US,2019,40000,1,Karachi,70
Hi,Speed CDI SR- EURO-2,2015,35000,1,Chakwal,70
Honda,CD 70,2025,105000,1,Karachi,70
Pak,Hero PH 70,2009,15000,1,Sialkot,70
Super,Star CD 70,2024,100000,1,Karachi,70
Honda,CD 70,2012,50000,1,Karachi,70
Honda,CD 70,2025,170000,1,Peshawar,70
Honda,CD 70,2025,167000,1,Mian Wali,70
United,US 70,2025,87000,1,Karachi,70
Honda,CD 70,2017,72000,1,Lahore,70
Unique,Xtreme UD 70,2013,60000,1,Rahim Yar Khan,70
Unique,Xtreme UD 70,2025,114000,1,Karachi,70
Honda,CD 70,2025,159000,1,Lahore,70
Super,Power SP 70,2011,48000,1,Islamabad,70
Super,Power SP 70,2025,102000,1,Karachi,70
Unique,Xtreme UD 70,2016,47000,1,Karachi,70
Super,Star CD 70,2007,31000,1,Karachi,70
Road,Prince 70 Passion Plus,2025,100000,1,Hafizabad,70
Super,Power SP 70,2021,80000,1,Karachi,70
Chinese,Bikes 70,2004,47000,1,Shikar pur,70
Unique,Xtreme UD 70,2019,63000,1,Karachi,70
Honda,CD 70,2015,65000,1,Karachi,70
MS,Jaguar Motorcycle E-70,2025,278000,1,Gujranwala,70
United,US 70,2019,65000,1,Islamabad,70
Unique,Xtreme UD 70,2023,81000,1,Karachi,70
Honda,CD 70,2022,110000,1,Faisalabad,70
Yamaha,Dhoom YD-70,2010,38000,1,Karachi,70
United,US 70,2015,37000,1,Rawalpindi,70
Honda,CD 70,2009,70000,1,Layyah,70
Union,Star US,2010,40000,1,Karachi,70
Crown,CR 70 Jazba,2021,55000,1,Faisalabad,70
Honda,CD 70,2013,95000,1,Gujar Khan,70
Super,Star CD 70,2025,115000,1,Karachi,70
Union,Star US,2025,114000,1,Karachi,70
United,US 70,2021,63500,1,Karachi,70
Unique,UD 70,2020,58500,1,Karachi,70
Honda,CD 70,2013,60000,1,Rahim Yar Khan,70
Super,Star CD 70,2025,112000,1,Karachi,70
Unique,Xtreme UD 70,2025,119000,1,Karachi,70
United,US 70,2013,40000,1,Chakwal,70
Metro,MR 70,1900,35000,1,Attock,70
Honda,CD 70,2011,70000,1,Multan,70
Toyo,,2025,99000,1,Karachi,70
United,US 70,2018,44000,1,Sillanwali,70
Honda,CD 70,2018,92000,1,Wah cantt,70
Pak,Hero RF 70,2011,45000,1,Karachi,70
Pak,Hero RF 70,2012,35000,1,Rawalpindi,70
Super,Power SP 70,2010,46999,1,Karachi,70
Super,Star CD 70,2025,110000,1,Multan,70
Honda,CD 70,2010,49000,1,Jamshoro,70
Honda,CD 70,1993,76000,1,Karachi,70
Honda,CD 70,2010,37000,1,Karachi,70
Unique,Xtreme UD 70,2017,58000,1,Karachi,70
Honda,CD 70,2000,60000,1,Karachi,70
Honda,CD 70,2020,100000,1,Attock,70
Honda,CD 70,2020,105000,1,Narowal,70
Honda,CD 70,1998,28000,1,Sargodha,70
Road,Prince 70 Passion Plus,2016,60000,1,Bhakkar,70
Hi,Speed CDI SR- EURO-2,2023,102000,1,Karachi,70
Honda,CD 70,2005,40000,1,Multan,70
Habib,HB 70,2013,36000,1,Multan,70
Hi,Speed CDI SR- EURO-2,2020,60000,1,Rawalpindi,70
Chinese,Bikes 70,2014,23000,1,Multan,70
Super,Power SP 70,2018,72000,1,Karachi,70
Road,Prince 70 Passion Plus,2025,92000,1,Bahawalpur,70
Honda,CD 70,1985,75000,1,Karachi,70
Unique,Xtreme UD 70,2017,45000,1,Karachi,70
Road,Prince 70 Passion Plus,2025,140000,1,Lahore,70
Unique,Xtreme UD 70,2019,80000,1,Karachi,70
Road,Prince 70 Passion Plus,2006,22000,1,Faisalabad,70
Unique,Xtreme UD 70,2013,32000,1,Karachi,70
Honda,CD 70,2009,40000,1,Lahore,70
Honda,CD 70,1999,55000,1,Hyderabad,70
Honda,CD 70,2007,69000,1,Rawalpindi,70
Pak,Hero PH 70,2008,40000,1,Rawalpindi,70
Honda,CD 70,2021,52000,1,Karachi,70
United,US 70,2011,40000,1,Islamabad,70
Unique,Xtreme UD 70,2015,37000,1,Karachi,70
Hi,Speed CDI SR- EURO-2,2019,58000,1,Kohat,70
Unique,Xtreme UD 70,2009,65000,1,Karachi,70
Super,Star CD 70,2014,39000,1,Faisalabad,70
Ravi,Humsafar 70,2010,30000,1,Lahore,70
Road,Prince 70 Passion Plus,2021,55000,1,Karachi,70
Unique,Xtreme UD 70,2019,53000,1,Karachi,70
Honda,CD 70,2025,168000,1,Sargodha,70
Super,Star CD 70,2025,105000,1,Karachi,70
Road,Prince RP 70 Scooty,2022,56000,1,Lahore,0
Honda,CD 70,2001,35000,1,Karachi,70
Honda,CD 70,2013,56000,1,Lahore,70
Honda,CD 70,2008,55000,1,Lahore,70
Honda,CD 70,2008,27999,1,Karachi,70
Honda,CD 70,2021,120000,1,Rawalpindi,70
Unique,Xtreme UD 70,2012,39000,1,Karachi,70
Super,Star CD 70,2021,55000,1,Faisalabad,70
Pak,Hero RF 70,2006,45000,1,Rawalpindi,70
United,US 70,2014,36500,1,Lahore,70
Hi,Speed CDI SR- EURO-2,2025,107000,1,Rawalpindi,70
Union,Star US,2025,107000,1,Rawalpindi,70
Road,Prince 70 Passion Plus,2020,42000,1,Lahore,70
Super,Power SP 70,2012,35000,1,Lahore,70
Hi,Speed SR 70,2025,90000,1,Karachi,70
United,US 70,2025,100000,1,Rawalpindi,70
Unique,UD 70,2016,42000,1,Karachi,70
United,US 70,2014,55000,1,Islamabad,70
Road,Prince 70 Passion Plus,2025,110000,1,Karachi,70
Hi,Speed CDI SR- EURO-2,2025,108000,1,Hyderabad,70
Hi,Speed CDI SR- EURO-2,2025,115000,1,Hyderabad,70
Honda,CD 70,2025,160000,1,Rawalpindi,70
Super,Star CD 70,2025,125000,1,Rawalpindi,70
Road,Prince Classic 70,2025,106000,1,Rawalpindi,70
Super,Star CD 70,2025,118000,1,Rawalpindi,70
Union,Star US,2025,118000,1,Rawalpindi,70
Super,Asia SA 70,2013,35000,2,Haripur,70
Road,Prince 70 Passion Plus,2025,114000,2,Karachi,70
Honda,CD 70,2012,75000,2,Rawalpindi,70
Road,Prince 70 Passion Plus,2025,120000,2,Karachi,70
Honda,CD 70,2017,50000,2,Peshawar,70
Honda,CD 70,2014,70000,3,Lahore,70
Honda,CD 70,2004,40000,3,Nowshera,70
Honda,CD 70,2020,60000,4,Hyderabad,70
Unique,Xtreme UD 70,2019,60000,4,Karachi,70
Honda,CD 70,2025,161000,4,Rawalpindi,70
Chinese,Bikes 70,2025,105000,4,Karachi,70
Honda,CD 70,2025,155000,5,Lahore,70
Honda,CD 70,2025,158000,5,Islamabad,70
Honda,CD 70,2022,100000,5,Lahore,70
Honda,CD 70,2003,34000,5,Rawalpindi,70
Honda,CD 70,2025,160000,6,Kasur,70
Honda,CD 70,2022,85000,6,Islamabad,70
Honda,CD 70 Dream,2025,163000,6,Rawalpindi,70
Super,Power SP 70,2025,95000,7,Karachi,70
Chinese,Bikes 70,2016,80000,7,Islamabad,70
Honda,CD 70,2011,65000,8,Hyderabad,70
United,US 70,2024,85000,8,Islamabad,70
Honda,CD 70,2025,170000,8,Mian Wali,70
Road,Prince RP 70 Scooty,2025,100000,8,Faisalabad,0
United,US 70,2019,50000,10,Lahore,70
Super,Power SP 70,2014,30000,10,Karachi,70
Union,Star US,2016,62000,10,Rawalpindi,70
Super,Power SP 70,2021,59000,10,Karachi,70
Honda,CD 70,2025,155000,10,Sialkot,70
Super,Power SP 70,2022,75000,10,Karachi,70
ZXMCO,ZX 70 City Rider,2020,65000,10,Mardan,70
Road,Prince 70 Passion Plus,2021,42000,10,Lahore,70
Honda,CD 70,2025,155000,10,Nowshera cantt,70
Super,Star CD 70,2008,34000,12,Karachi,70
Super,Power SP 70,2021,60000,12,Karachi,70
Crown,CRLF 70,2025,98000,12,Karachi,70
Honda,CD 70,2025,170000,13,Faisalabad,70
Unique,Xtreme UD 70,2025,100000,14,Hyderabad,70
Bionic,,2022,110000,15,Jauharabad,70
United,US 70,2023,75000,15,Rawalpindi,70
Honda,CD 70,2018,75000,15,Sialkot,70
Road,Prince 70 Passion Plus,2025,105000,15,Lahore,70
Chinese,Bikes 70,2025,95000,15,Karachi,70
United,US 70,2025,145000,15,Islamabad,70
Unique,Xtreme UD 70,2021,65000,16,Karachi,70
Super,Star CD 70,2024,102000,17,Rawalpindi,70
Unique,Xtreme UD 70,2025,75000,18,Karachi,70
Road,Prince 70 Passion Plus,2025,115000,20,Multan,70
Honda,CD 70,2019,55000,20,Karachi,70
Road,Prince RP 70 Scooty,2024,120000,20,Gujranwala,0
Ravi,Humsafar 70,2025,110000,20,Lahore,70
Honda,CD 70 Dream,2025,168000,20,Mardan,70
Road,Prince 70 Passion Plus,2025,100000,20,Karachi,70
Chinese,Bikes 70,2024,110000,20,Rawalpindi,70
Honda,CD 70,2025,165000,20,Faisalabad,70
Union,Star US,2021,65000,23,Islamabad,70
United,US 70,2018,55000,24,Lahore,70
Honda,CD 70,2017,50000,24,Chakwal,70
Honda,CD 70,2023,135000,24,Peshawar,70
Union,Star US,2025,110000,25,Islamabad,70
Crown,CR 70 HD Plus,2011,30000,25,Gaggo mandi,70
Metro,Boom 70,2025,190000,25,Faisalabad,70
United,US 70,2025,105000,28,Islamabad,70
Super,Power SP 70,2025,112000,30,Karachi,70
Union,Star US,2025,125000,30,Karachi,70
Honda,CD 70,2019,47000,32,Lahore,70
Honda,CD 70,2009,40000,35,Sialkot,70
Road,Prince 70 Passion Plus,2025,100000,37,Lahore,70
Honda,CD 70,2020,92000,40,Lahore,70
Honda,CD 70,2016,49000,40,Lahore,70
Honda,CD 70,2017,110000,40,Islamabad,70
Super,Power SP 70,2017,50000,40,Karachi,70
Honda,CD 70,2016,82000,42,Chakwal,70
Honda,CD 70,2006,45000,45,Hasilpur,70
Road,Prince 70 Passion Plus,2025,480000,45,Sukkur,70
United,US 70,2025,100000,45,Faisalabad,70
Honda,CD 70,2019,90000,45,Lahore,70
Honda,CD 70,2021,75000,48,Islamabad,70
United,US 70,2021,75000,48,Islamabad,70
Yamaha,Dhoom YD-70,2011,40000,48,Lahore,70
Union,Star US,2025,97000,50,Rawalpindi,70
Super,Asia SA 70,2025,100000,50,Lahore,70
Honda,CD 70,2025,157000,50,Gujranwala,70
Honda,CD 70,2025,90000,50,Karachi,70
United,US 70,2013,38000,50,Rawalpindi,70
Honda,CD 70,2007,50000,50,Islamabad,70
Honda,CD 70,2016,90000,50,Karachi,70
United,US 70,2020,60000,50,Pind Dadan Khan,70
United,US 70,2025,110000,50,Lahore,70
Crown,CRLF 70,2013,32000,50,Karachi,70
United,US 70,2018,36000,50,Gujranwala,70
Honda,CD 70,2022,114000,50,Chichawatni,70
Honda,CD 70,2020,92000,50,Lahore,70
Unique,Xtreme UD 70,2025,118000,50,Karachi,70
Honda,CD 70,2025,165000,50,Kasur,70
Honda,CD 70,2020,115000,50,Karachi,70
Honda,CD 70,2006,80000,50,Karachi,70
Honda,CD 70,2013,57000,50,Lahore,70
Honda,CD 70,2013,40000,50,Karachi,70
Union,Star US,2025,113000,52,Rawalpindi,70
Honda,CD 70,2021,110000,55,Karachi,70
Honda,CD 70 Dream,2014,80000,55,Islamabad,70
Honda,CD 70,1995,34500,55,Lahore,70
Honda,CD 70,2021,105000,58,Multan,70
Honda,CD 70,2025,173000,59,Islamabad,70
Express,E-70,2020,50000,60,Lahore,70
Honda,CD 70,2025,168000,60,Peshawar,70
Honda,CD 70,2025,170000,60,Karachi,70
Honda,CD 70,2014,73000,60,Taxila,70
Honda,CD 70,2014,62000,60,Wazirabad,70
Unique,UD 70,2024,75000,60,Rawalpindi,70
Super,Star CD 70,2025,114000,60,Nawabshah,70
Honda,CD 70,2019,100000,65,Liaqat Pur,70
Honda,CD 70,2025,174000,68,Islamabad,70
Honda,CD 70,2025,161000,70,Faisalabad,70
Honda,CD 70,2018,90000,70,Karachi,70
Honda,CD 70,2025,155000,70,Faisalabad,70
Honda,CD 70,2023,78000,70,Karachi,70
Super,Star CD 70,2017,70000,70,Karachi,70
Honda,CD 70,2020,95000,70,Karachi,70
Union,Star US,1900,105000,70,Islamabad,70
Honda,CD 70,2005,33000,70,Layyah,70
Honda,CD 70,2021,105000,70,Lahore,70
Unique,Xtreme UD 70,2020,50000,70,Karachi,70
Union,Star US,2021,68000,70,Karachi,70
Honda,CD 70,2023,120000,70,Faisalabad,70
Unique,UD 70,2017,42000,70,Multan,70
Honda,CD 70,2013,95000,70,Sadiqabad,70
Honda,CD 70,2009,50000,70,Sadiqabad,70
Metro,MR 70,2011,95000,72,Dera ismail khan,70
Honda,CD 70,1990,40000,80,Lahore,70
Honda,CD 70,2025,170000,82,Layyah,70
Honda,CD 70,2025,165000,84,Karachi,70
Honda,CD 70,2024,168000,85,Mandi bahauddin,70
Supreme,SP 70 Plus,2025,90000,88,Karachi,70
United,US 70,2025,100000,90,Karachi,70
United,US 70,2025,102000,95,Islamabad,70
United,US 70,2025,105000,96,Faisalabad,70
Hi,Speed CDI SR- EURO-2,2023,90000,100,Karak,70
Honda,CD 70,2025,157000,100,Larkana,70
Crown,RF 70,2025,90000,100,Karachi,70
Honda,CD 70,2025,157000,100,Lahore,70
Road,Prince 70 Passion Plus,2018,25000,100,Lahore,70
Honda,CD 70,2014,77000,100,Rawalpindi,70
Honda,CD 70,2025,160000,100,Multan,70
Honda,CD 70,2018,75000,100,Karachi,70
Honda,CD 70,2023,140000,100,Islamabad,70
Unique,Xtreme UD 70,2025,102000,100,Karachi,70
Unique,Xtreme UD 70,2011,36000,100,Karachi,70
Road,Prince 70 Passion Plus,2025,95000,100,Rawalpindi,70
Honda,CD 70,1991,80000,100,Lahore,70
Honda,CD 70,2016,59999,100,Karachi,70
Pak,Hero PH 70,2010,43500,100,Okara,70
Pak,Hero PH 70,2011,43500,100,Okara,70
Union,Star US,2021,50000,100,Karachi,70
Honda,CD 70,2025,155000,100,Lahore,70
Super,Star CD 70,2025,107000,100,Rawalpindi,70
Unique,Xtreme UD 70,2024,95000,102,Karachi,70
Asia,Hero CDI 70,2011,35000,105,Islamabad,70
Hi,Speed CDI SR- EURO-2,2018,45000,111,Karachi,70
Super,Power SP 70,2019,48000,111,Karachi,70
Honda,CD 70,2021,110000,112,Karachi,70
Honda,CD 70,2017,50000,120,Shahdara,70
Unique,UD 70,2020,52000,120,Karachi,70
Honda,CD 70,2017,60000,120,Karachi,70
United,US 70,2025,100000,120,Lahore,70
United,US 70,2022,70000,120,Islamabad,70
Crown,CRLF 70,2025,95000,120,Lahore,70
Chinese,Bikes 70,2024,85000,123,Hyderabad,70
Union,Star US,2018,52999,123,Islamabad,70
Honda,CD 70,2022,118000,123,Mian Wali,70
Super,Power Deluxe 70,2021,88000,123,Karachi,70
Super,Power SP 70,2025,85000,123,Karachi,70
Union,Star US,2021,70000,123,Rawalpindi,70
Super,Power SP 70,2023,75000,123,Karachi,70
Bionic,,2024,105000,123,Sialkot,70
Honda,CD 70,2025,150000,125,Mirpur khas,70
Unique,UD 70,2025,110000,129,Dera Ghazi Khan,70
United,US 70,2025,100000,130,Karachi,70
Super,Star CD 70,2025,101000,136,Hyderabad,70
Unique,Xtreme UD 70,2025,92500,138,Abbottabad,70
United,US 70,2025,99000,150,Taxila,70
Hi,Speed CDI SR- EURO-2,2022,75000,155,Rawalpindi,70
Honda,CD 70,2025,175000,170,Chakwal,70
Honda,CD 70,2025,155000,190,Multan,70
Honda,CD 70,2025,145000,190,Lahore,70
Honda,CD 70,2013,35000,200,Peshawar,70
Unique,Xtreme UD 70,2025,110000,200,Karachi,70
Honda,CD 70 Dream,2025,170000,200,Multan,70
Honda,CD 70,2015,75000,200,Rawalpindi,70
United,US 70,2015,55000,200,Peshawar,70
Honda,CD 70,2025,157000,200,Lahore,70
Honda,CD 70,2025,157000,200,Sialkot,70
Honda,CD 70,2025,170000,200,Lahore,70
Union,Star US,2025,114000,200,Wah cantt,70
Honda,CD 70,1998,40000,200,Karachi,70
Honda,CD 70,2017,32000,200,Karachi,70
Honda,CD 70,2025,158000,200,Okara,70
Honda,CD 70,2024,130000,200,Sheikhupura,70
United,US 70,2025,98000,200,Gujranwala,70
Union,Star US,2025,98000,200,Islamabad,70
Honda,CD 70,2025,163000,200,Mian Wali,70
Super,Star CD 70,2025,110000,200,Karachi,70
Safari,SD 70,2025,142000,212,Nowshera,70
Union,Star US,2019,59000,213,Karachi,70
Honda,CD 70,2007,35000,222,Gojra,70
United,US 70,2023,70000,236,Jhelum,70
Unique,Xtreme UD 70,2025,112000,244,Karachi,70
Honda,CD 70,2015,55000,250,Peshawar,70
Honda,CD 70,2025,156000,250,Multan,70
United,US 70,2025,99000,250,Faisalabad,70
United,US 70,2025,105000,250,Islamabad,70
United,US 70,2025,100000,250,Lahore,70
Honda,CD 70,2025,160000,260,Karachi,70
Honda,CD 70,2025,155000,260,Chowk azam,70
United,US 70,2025,100000,268,Abbottabad,70
Unique,Xtreme UD 70,2025,114000,270,Karachi,70
United,US 70,2025,105000,270,Islamabad,70
Union,Star US,2025,110000,270,Islamabad,70
United,US 70,2025,105000,280,Lahore,70
Super,Star CD 70,2025,102000,290,Karachi,70
Honda,CD 70,2025,167000,300,Lahore,70
Super,Power SP 70,1981,150000,300,Islamabad,70
United,US 70,2025,105000,300,Gojra,70
Road,Prince 70 Passion Plus,2025,100000,300,Lahore,70
United,US 70,2025,120000,300,Abbottabad,70
Honda,CD 70,2025,160000,320,Lahore,70
Union,Star US,2014,85000,331,Nowshera cantt,70
Honda,CD 70,2025,156000,350,Gojra,70
Honda,CD 70,2025,156000,380,Layyah,70
Road,Prince 70 Passion Plus,2024,93000,380,Lahore,70
Chinese,Bikes 70,2016,37000,400,Faisalabad,70
United,US 70,2025,100000,400,Islamabad,70
Union,Star US,2025,111000,400,Rawalpindi,70
Honda,CD 70,2025,162000,400,Bahawalpur,70
Honda,CD 70 Dream,2025,180000,431,Hyderabad,70
Super,Star CD 70,2025,115000,440,Karachi,70
United,US 70,2025,100000,450,Islamabad,70
Honda,CD 70,2025,165000,450,Mian Wali,70
Honda,CD 70,2010,37000,450,Karachi,70
Road,Prince 70 Passion Plus,2024,98000,459,Chakwal,70
Honda,CD 70,2025,156000,464,Rahim Yar Khan,70
Honda,CD 70,2023,89000,470,Rawalpindi,70
Unique,Xtreme UD 70,2025,180000,470,Karachi,70
Honda,CD 70 Dream,2025,163000,480,Kasur,70
Super,Star CD 70,2025,105000,500,Rawalpindi,70
Super,Star CD 70,2025,98000,500,Karachi,70
Hi,Speed SR 70,2025,100000,500,Sumandari,70
Honda,CD 70,1980,42000,500,Karachi,70
Honda,CD 70,2014,105000,500,Depal pur,70
Super,Power SP 70,2022,63000,500,Karachi,70
Honda,CD 70,2013,66500,500,Mansehra,70
United,US 70,2018,65000,500,Jhelum,70
ZXMCO,ZX 70 City Rider,2021,65000,500,Peshawar,70
United,US 70,2022,72000,500,Mardan,70
United,US 70,2025,110000,500,Faisalabad,70
Honda,CD 70,2022,90000,500,Karachi,70
United,US 70,2017,62000,500,Peshawar,70
Honda,CD 70,2023,88000,500,Peshawar,70
Honda,CD 70,2025,250000,500,Bahawalpur,70
Honda,CD 70,2006,44000,500,Lahore,70
Road,Prince 70 Passion Plus,2023,70000,500,Islamabad,70
Unique,Xtreme UD 70,2025,95000,500,Hyderabad,70
Honda,CD 70,2020,60000,550,Karachi,70
Honda,CD 70,2025,165000,550,Rawalpindi,70
United,US 70,2018,34000,580,Lahore,70
Honda,CD 70,2019,58000,600,Faisalabad,70
Unique,Xtreme UD 70,2025,110000,600,Karachi,70
Union,Star US,2025,115000,600,Islamabad,70
Chinese,Bikes 70,2018,60000,608,Karachi,70
MS,Jaguar Motorcycle,2025,112000,641,Karachi,70
Unique,Xtreme UD 70,2025,113000,650,Karachi,70
Unique,Xtreme UD 70,2025,108000,650,Mansehra,70
Road,Prince 70 Passion Plus,2025,95000,650,Lahore,70
Yamaha,Dhoom YD-70,2012,32000,700,Multan,70
Honda,CD 70,2025,185000,700,Hafizabad,70
United,US 70,2025,110000,700,Rawalpindi,70
Honda,CD 70,2025,154000,700,Gojra,70
Honda,CD 70,2024,120000,725,Karachi,70
Union,Star US,2020,58000,786,Karachi,70
United,US 70,2024,68000,786,Faisalabad,70
Road,Prince 70 Passion Plus,2022,55000,786,Lahore,70
Union,Star US,2014,46000,800,Hyderabad,70
Union,Star US,2018,48000,800,Karachi,70
Union,Star US,2025,110000,800,Lahore,70
United,US 70,2024,120000,800,Lahore,70
Chinese,Bikes 70,2025,110000,800,Karachi,70
Super,Star CD 70,2025,110000,800,Peshawar,70
United,US 70,2025,100000,800,Peshawar,70
Honda,CD 70,2025,170000,800,Wah cantt,70
United,US 70,2017,40000,800,Gujranwala,70
Road,Prince 70 Passion Plus,2025,85000,815,Multan,70
Honda,CD 70,2025,167000,830,Rawalpindi,70
Honda,CD 70,2024,78000,838,Karachi,70
Road,Prince Classic 70,2007,54999,850,Lahore,70
Honda,CD 70,2025,165000,850,Lahore,70
Honda,CD 70,2024,89500,873,Rawalpindi,70
Unique,Xtreme UD 70,2021,78000,888,Karachi,70
Unique,Xtreme UD 70,2025,110000,890,Abbottabad,70
Honda,CD 70,2025,155000,893,Lahore,70
Hi,Speed CDI SR- EURO-2,2024,100000,900,Islamabad,70
Union,Star US,2025,110000,900,Karachi,70
ZXMCO,ZX 70 City Rider,2016,88000,900,Sohawa,70
United,US 70,2025,110000,900,Multan,70
Super,Star CD 70,2025,105000,900,Karachi,70
United,US 70,2025,103000,900,Rawalpindi,70
Honda,CD 70,2025,150000,917,Okara,70
Chinese,Bikes 70,2025,120000,923,Quetta,70
Unique,Xtreme UD 70,2024,90000,950,Karachi,70
Union,Star US,2021,85000,981,Rawalpindi,70
Unique,Xtreme UD 70,2021,67000,999,Haripur,70
Super,Star CD 70,2024,82000,999,Karachi,70
Honda,CD 70,2020,110000,1000,Rawalpindi,70
Hi,Speed CDI SR- EURO-2,2017,45000,1000,Abbottabad,70
Honda,CD 70,2018,95000,1000,Bhakkar,70
Honda,CD 70,2009,42500,1000,Okara,70
Super,Power SP 70,2015,45000,1000,Peshawar,70
Honda,CD 70,2018,73000,1000,Lahore,70
United,US 70,2024,100000,1000,Faisalabad,70
Honda,CD 70,2020,110000,1000,Attock,70
Pak,Hero RF 70,2010,50000,1000,Rawalpindi,70
Super,Power SP 70,2018,55000,1000,Lahore,70
ZXMCO,ZX 70 City Rider,2019,65000,1000,Charsadda,70
Unique,Xtreme UD 70,2019,52000,1000,Karachi,70
Honda,CD 70,2017,58000,1000,Hujra Shah Mukeem,70
Super,Star CD 70,2018,36500,1000,Karachi,70
Honda,CD 70,2025,160000,1000,Lahore,70
Honda,CD 70,1982,50000,1000,Karachi,70
United,US 70,2023,70000,1000,Lahore,70
United,US 70,2025,105000,1000,Rawalpindi,70
Union,Star US,2024,105000,1000,Rawalpindi,70
Unique,Xtreme UD 70,2015,40000,1000,Karachi,70
Super,Star CD 70,2022,71500,1000,Karachi,70
Metro,Boom 70,2024,95000,1000,Faisalabad,70
Honda,CD 70,2016,68000,1000,Bahawalpur,70
Union,Star US,2021,75000,1000,Rawalpindi,70
Super,Star CD 70,2025,107000,1000,Karachi,70
Honda,CD 70,2016,80000,1000,Karachi,70
Super,Star CD 70,2017,32500,1000,Karachi,70
Honda,CD 70,2025,162000,1000,Sargodha,70
United,US 70,2025,90000,1000,Lahore,70
United,US 70,2020,55000,1000,Rawalpindi,70
Super,Power SP 70,2004,80000,1000,Bahawalpur,70
United,US 70,2015,55000,1000,Rawalpindi,70
Super,Star CD 70,2015,65000,1000,Karachi,70
Eagle,ES 70,2015,48888,1000,Rawalpindi,70
Honda,CD 70,1981,30000,1000,Karachi,70
Honda,CD 70,1992,32000,1000,Karachi,70
Unique,Xtreme UD 70,2022,75000,1000,Karachi,70
Honda,CD 70,2022,70000,1000,Hyderabad,70
Super,Star CD 70,2025,108000,1000,Karachi,70
Super,Power SP 70,2021,110000,1000,Karachi,70
United,US 70,2025,95000,1000,Karachi,70
Hi,Speed SR 70,2020,58000,1000,Peshawar,70
Super,Power SP 70,2024,100000,1000,Abbottabad,70
Chinese,Bikes 70,2025,108000,1000,Karachi,70
Honda,CD 70,2005,33000,1000,Layyah,70
Super,Power SP 70,2013,40000,1000,Karachi,70
Union,Star US,2025,105000,1000,Rawalpindi,70
Honda,CD 70,2014,92000,1000,Lahore,70
ZXMCO,ZX 70 Thunder Plus,2019,65000,1000,Abbottabad,70
Unique,Xtreme UD 70,2021,65000,1000,Nawabshah,70
ZXMCO,ZX 70 City Rider,2019,60000,1000,Peshawar,70
Road,Prince 70 Passion Plus,2016,50000,1000,Faisalabad,70
Toyo,,2021,95000,1000,Lahore,70
Pak,Hero RF 70,2011,33000,1000,Peshawar,70
United,US 70,2025,95000,1000,Lahore,70
Super,Star CD 70,2022,55000,1000,Karachi,70
Super,Star CD 70,2024,100000,1000,Karachi,70
Union,Star US,2022,70000,1000,Rawalpindi,70
Unique,Xtreme UD 70,2020,55000,1000,Karachi,70
Unique,Xtreme UD 70,2013,58000,1000,Karachi,70
United,US 70,2025,107000,1000,Islamabad,70
Honda,CD 70,2011,69999,1000,Islamabad,70
Hi,Speed CDI SR- EURO-2,2020,57000,1000,Islamabad,70
Honda,CD 70,2017,77000,1000,Lahore,70
Honda,CD 70,2018,55000,1000,Nawabshah,70
Unique,Xtreme UD 70,2018,46000,1000,Karachi,70
Hi,Speed CDI SR- EURO-2,2025,105000,1000,Mirpur A.K.,70
Honda,CD 70,2025,145000,1000,Renala khurd,70
Super,Power SP 70,2009,35000,1000,Karachi,70
Unique,Xtreme UD 70,2025,110000,1000,Quetta,70
United,US 70,2025,98500,1000,Rawalpindi,70
Union,Star US,2021,75000,1000,Karachi,70
Unique,UD 70,2019,73000,1000,Karachi,70
Hi,Speed CDI SR- EURO-2,2019,60000,1000,Kohat,70
Honda,CD 70,2022,165000,1000,Lahore,70
Hi,Speed CDI SR- EURO-2,2020,55000,1000,Rawalpindi,70
Union,Star US,2022,72000,1000,Karachi,70
Chinese,Bikes 70,2025,98000,1000,Karachi,70
Honda,CD 70,2015,75000,1000,Karachi,70
Union,Star US,2013,78000,1000,Karachi,70
Honda,CD 70,2015,150000,1005,Chiniot,70
Super,Star CD 70,2024,88000,1005,Karachi,70
Road,Prince 70 Passion Plus,2021,50000,1010,Lahore,70
Honda,CD 70,2010,45000,1050,Muzaffarabad,70
Honda,CD 70,2025,140000,1050,Chichawatni,70
Honda,CD 70,2024,160000,1060,Karachi,70
Honda,CD 70,2025,160000,1060,Multan,70
Unique,Xtreme UD 70,2024,130000,1063,Abbottabad,70
Super,Power SP 70,2025,93000,1080,Rawalpindi,70
Honda,CD 70,2025,150000,1093,Nawabshah,70
United,US 70,2025,115000,1100,Gojra,70
United,US 70,2025,80000,1100,Lahore,70
United,US 70,2025,95000,1100,Hassan abdal,70
Honda,CD 70,2025,167000,1100,Faisalabad,70
Union,Star US,2024,99000,1110,Abbottabad,70
Unique,Xtreme UD 70,2014,28000,1111,Islamabad,70
Honda,CD 70,2004,48000,1111,Karachi,70
Chinese,Bikes 70,2015,25000,1111,Chiniot,70
Honda,CD 70,2021,115000,1111,Karachi,70
Super,Power SP 70,2011,35000,1118,Karachi,70
Road,King Bullet,2023,1050000,1122,Multan,70
United,US 70,2025,105000,1134,Lahore,70
United,US 70,2025,102000,1140,Haripur,70
Honda,CD 70,2023,138000,1172,Kohat,70
Honda,CD 70,2025,165000,1192,Faisalabad,70
Honda,CD 70,2024,158000,1200,Rajana,70
Unique,UD 70,2024,99000,1200,Karachi,70
Metro,MR 70,2024,80000,1200,Islamabad,70
Road,Prince 70 Passion Plus,2018,45000,1200,Lahore,70
Honda,CD 70,2010,62000,1200,Depal pur,70
Unique,Xtreme UD 70,2025,150000,1200,Karachi,70
Honda,CD 70,2025,160000,1200,Gujranwala,70
Honda,CD 70,2025,155000,1200,Sahiwal,70
Crown,RF 70,2024,75000,1200,Rawalpindi,70
Hi,Speed CDI SR- EURO-2,2024,90000,1200,Rawalpindi,70
Honda,CD 70,2025,150000,1200,Sialkot,70
Ravi,Humsafar 70,2007,35000,1200,Lahore,70
Honda,CD 70,2024,170000,1200,Rawalpindi,70
Hi,Speed CDI SR- EURO-2,2025,102000,1200,Rawalpindi,70
Crown,RF 70,2005,25000,1200,Faisalabad,70
Honda,CD 70,2008,72000,1200,Chakwal,70
Road,Prince 70 Passion Plus,2017,40000,1200,Lahore,70
Honda,CD 70,2023,115000,1210,Gujranwala,70
Super,Asia SA 70,2014,42000,1222,Islamabad,70
United,US 70,2025,91000,1229,Lahore,70
Road,Prince 70 Passion Plus,2019,45000,1230,Islamabad,70
Union,Star US,2016,55000,1233,Rawalpindi,70
Honda,CD 70,2021,105000,1234,Bahawalpur,70
Honda,CD 70,2018,95000,1234,Hazro,70
Honda,CD 70,2019,77000,1234,Sialkot,70
United,US 70,2022,62000,1234,Faisalabad,70
Honda,CD 70,2010,89000,1234,Sargodha,70
Honda,CD 70 Dream,2018,79500,1234,Faisalabad,70
Hi,Speed CDI SR- EURO-2,2025,100000,1234,Rawalpindi,70
United,US 70,2022,62000,1234,Taxila,70
Super,Power SP 70,2021,115000,1234,Karachi,70
Honda,CD 70,2020,85000,1234,Lahore,70
Hi,Speed CDI SR- EURO-2,2021,65000,1234,Islamabad,70
Honda,CD 70,2020,55000,1234,Karachi,70
Hi,Speed SR 70,2018,58000,1234,Quetta,70
Super,Star CD 70,2025,108000,1234,Karachi,70
Honda,CD 70,2005,55000,1234,Islamabad,70
ZXMCO,ZX 70 City Rider,2012,38000,1234,Hazro,70
United,US 70,2025,105000,1234,Lahore,70
Super,Star CD 70,2025,114000,1234,Karachi,70
United,US 70,2021,72000,1234,Islamabad,70
Honda,CD 70,2018,69000,1234,Sialkot,70
Honda,CD 70,2019,105000,1234,Chichawatni,70
Super,Power SP 70,2019,35000,1234,Wah cantt,70
Union,Star 70 Deluxe,2025,110000,1250,Karachi,70
Honda,CD 70,2025,165000,1250,Islamabad,70
United,US 70,2017,35000,1300,Karachi,70
United,US 70,2025,102000,1300,Peshawar,70
Hi,Speed CDI SR- EURO-2,2025,105000,1300,Peshawar,70
Road,Prince 70 Passion Plus,2025,90000,1300,Lahore,70
Super,Star CD 70,2025,107000,1300,Karachi,70
United,US 70,2025,95000,1300,Rawalpindi,70
Super,Star CD 70,2013,60000,1320,Karachi,70
Unique,UD 70,2020,60000,1334,Karachi,70
United,US 70,2025,105000,1400,Peshawar,70
United,US 70,2021,70000,1400,Islamabad,70
Unique,UD 70,2025,115000,1400,Karachi,70
Union,Star US,2025,105000,1400,Rawalpindi,70
Honda,CD 70,2025,110000,1400,Rawalpindi,70
Treet,EURO II TR 70,2010,28500,1406,Lahore,70
United,US 70,2025,88000,1410,Karachi,70
Honda,CD 70,2025,110000,1430,Karachi,70
Honda,CD 70,2025,155000,1430,Sargodha,70
Crown,CRLF 70,2011,40000,1435,Islamabad,70
Super,Power SP 70,2013,37000,1444,Karachi,70
Metro,MR 70,2018,60000,1450,Lahore,70
United,US 70,2021,70000,1500,Islamabad,70
Safari,SD 70,2024,92000,1500,Attock,70
Honda,CD 70,2003,55000,1500,Lahore,70
Honda,CD 70,2025,165000,1500,Islamabad,70
Metro,Boom 70,2015,61000,1500,Lahore,70
Super,Power SP 70,2024,100000,1500,Karachi,70
Road,Prince 70 Passion Plus,2020,49000,1500,Faisalabad,70
Honda,CD 70,2020,75000,1500,Hyderabad,70
Super,Star CD 70,2018,79000,1500,Karachi,70
Honda,CD 70,2025,152000,1500,Gujranwala,70
Honda,CD 70,2020,62000,1500,Karachi,70
Unique,Xtreme UD 70,2014,60000,1500,Hyderabad,70
Honda,CD 70,2019,110000,1500,Hazro,70
Honda,CD 70,2019,80000,1500,Lahore,70
Honda,CD 70,2025,106000,1500,Karachi,70
United,US 70,2025,90000,1500,Mansehra,70
Honda,CD 70,2025,142000,1500,Shikar pur,70
Hi,Speed CDI SR- EURO-2,2024,80000,1500,Rawalpindi,70
United,US 70,2020,52000,1500,Rawalpindi,70
Honda,CD 70,2019,110000,1500,Rawalpindi,70
Super,Power SP 70,2007,40000,1500,Karachi,70
United,US 70,2025,120000,1500,Abbottabad,70
Hi,Speed CDI SR- EURO-2,2024,105000,1500,Rawalpindi,70
Road,Prince 70 Passion Plus,2020,50000,1500,Faisalabad,70
Union,Star US,2020,66500,1500,Karachi,70
Union,Star US,2025,130000,1500,Haripur,70
Road,Prince 70 Passion Plus,2011,38500,1500,Lahore,70
Honda,CD 70,2025,162000,1500,Gujranwala,70
Super,Star CD 70,2023,78000,1500,Karachi,70
Honda,CD 70,2025,155000,1500,Faisalabad,70
United,US 70,2025,120000,1500,Mansehra,70
Super,Star CD 70,2024,82000,1500,Hyderabad,70
Honda,CD 70,2022,114000,1500,Faisalabad,70
Honda,CD 70,2024,155000,1500,Lahore,70
Unique,Xtreme UD 70,2009,45000,1515,Karachi,70
Pak,Hero PH 70,2007,45000,1550,Lahore,70
Honda,CD 70,2025,157000,1570,Sialkot,70
Honda,CD 70,2025,165000,1600,Rawalpindi,70
Super,Star CD 70,2025,105000,1600,Karachi,70
Super,Star CD 70,2025,110000,1600,Karachi,70
Super,Star CD 70,2025,102000,1600,Karachi,70
Honda,CD 70,2025,154000,1700,Faisalabad,70
Honda,CD 70,2025,104000,1700,Lahore,70
Honda,CD 70,2025,158000,1700,Lahore,70
Honda,CD 70,2021,120000,1700,Karachi,70
Honda,CD 70,2025,160000,1700,Sialkot,70
Honda,CD 70,2024,135000,1700,Sargodha,70
Road,Prince Classic 70,2018,72000,1700,Taxila,70
Union,Star US,2025,105000,1700,Karachi,70
Union,Star US,2025,110000,1700,Rawalpindi,70
Honda,CD 70,2025,165000,1750,Pak pattan sharif,70
Bionic,,2022,70000,1784,Rawalpindi,70
Honda,CD 70 Dream,2025,165000,1800,Islamabad,70
Honda,CD 70,2024,140000,1800,Arifwala,70
Super,Star CD 70,2020,65000,1800,Islamabad,70
Honda,CD 70,2025,150000,1800,Lahore,70
Honda,CD 70,2024,128000,1800,Gujranwala,70
Unique,UD 70,2025,112000,1800,Quetta,70
Super,Power SP 70,2024,85000,1800,Karachi,70
Honda,CD 70,2025,155000,1800,Lahore,70
Honda,CD 70,2024,150000,1800,Bhimber,70
Metro,MR 70,2022,80000,1800,Chakwal,70
Super,Star CD 70,2025,105000,1800,Karachi,70
Honda,CD 70,2025,160000,1800,Karachi,70
Honda,CD 70,2018,65000,1800,Muzaffarabad,70
Honda,CD 70,2025,156000,1800,Lahore,70
Safari,SD 70,2025,99000,1800,Talagang,70
Super,Star CD 70,2025,114000,1800,Islamabad,70
Honda,CD 70,2024,138000,1800,Karachi,70
United,US 70,2022,80000,1834,Multan,70
Union,Star US,2025,120000,1843,Abbottabad,70
Honda,CD 70,2025,160000,1855,Lahore,70
Super,Star CD 70,2022,103000,1865,Karachi,70
Unique,UD 70,2024,108000,1898,Mansehra,70
Honda,CD 70,2025,150000,1900,Muridke,70
Honda,CD 70 Dream,2025,168000,1900,Karachi,70
Road,Prince 70 Passion Plus,2025,95000,1900,Lahore,70
Honda,CD 70,2025,1400000,1900,Tando adam,70
Unique,Xtreme UD 70,2025,115000,1900,Haripur,70
Honda,CD 70,2024,155000,1900,Chakwal,70
Road,Prince 70 Passion Plus,2023,68000,1920,Lahore,70
Hi,Speed CDI SR- EURO-2,2025,105000,1925,Rawalpindi,70
ZXMCO,ZX 70 City Rider,2025,90000,1950,Rawalpindi,70
Honda,CD 70,2024,154000,1980,Khanpur,70
Road,Prince 70 Passion Plus,2012,38000,1990,Lahore,70
Union,Star US,2014,45000,1998,Islamabad,70
Road,Prince 70 Passion Plus,2018,29000,1999,Lahore,70
Pak,Hero RF 70,2003,33000,1999,Karachi,70
Super,Star CD 70,2015,42000,2000,Karachi,70
United,US 70,2021,45000,2000,Lahore,70
Honda,CD 70,2025,162000,2000,Hazro,70
Honda,CD 70,2023,90000,2000,Gujranwala,70
Honda,CD 70,2020,65000,2000,Haripur,70
Honda,CD 70,2006,32000,2000,Karachi,70
Super,Power SP 70,2022,90000,2000,Karachi,70
United,US 70,2020,65000,2000,Haripur,70
Crown,RF 70,2025,110000,2000,Haripur,70
Honda,CD 70,2020,66000,2000,Mardan,70
Ravi,Humsafar 70,2009,100000,2000,Kasur,70
Road,Prince 70 Passion Plus,2020,60000,2000,Nowshera,70
Supreme,SP 70 Plus,2024,90000,2000,Karachi,70
Road,Prince 70 Passion Plus,2016,49000,2000,Lahore,70
United,US 70,2025,110000,2000,Islamabad,70
Road,Prince 70 Passion Plus,2000,40000,2000,Lahore,70
Road,Prince 70 Passion Plus,2021,40000,2000,Lahore,70
Unique,Xtreme UD 70,2023,100000,2000,Karachi,70
Unique,UD 70,2024,95000,2000,Karachi,70
Union,Star US,2025,110000,2000,Rawalpindi,70
Hi,Speed CDI SR- EURO-2,2023,63000,2000,Karachi,70
Union,Star 70 Deluxe,2025,110000,2000,Karachi,70
Honda,CD 70,2025,165000,2000,Yazman mandi,70
Super,Power SP 70,2017,40000,2000,Karachi,70
Super,Power SP 70,2017,50000,2000,Karachi,70
Road,Prince 70 Passion Plus,2017,25000,2000,Lahore,70
Honda,CD 70,2021,98000,2000,Jamshoro,70
Super,Star CD 70,2018,45000,2000,Karachi,70
Honda,CD 70,2011,31000,2000,Karachi,70
Honda,CD 70,2020,91000,2000,Islamabad,70
Honda,CD 70,2019,73000,2000,Karachi,70
Honda,CD 70,2024,145000,2000,Lahore,70
Honda,CD 70,2004,40000,2000,Karachi,70
United,US 70,2025,100000,2000,Rawalpindi,70
Honda,CD 70,2022,120000,2000,Hyderabad,70
Super,Power SP 70,2019,63000,2000,Karachi,70
Super,Asia SA 70,2024,60000,2000,Mandi bahauddin,70
Honda,CD 70,2025,165000,2000,Rawalpindi,70
United,US 70,2017,45000,2000,Rawalpindi,70
Honda,CD 70,2023,115000,2000,Sahiwal,70
Honda,CD 70,2011,80000,2000,Gujrat,70
United,US 70,2023,100000,2000,Rawalpindi,70
Honda,CD 70,2019,65000,2000,Abbottabad,70
Honda,CD 70,1974,160000,2000,Karachi,70
Unique,Xtreme UD 70,2021,100000,2000,Rawalpindi,70
Unique,Xtreme UD 70,2012,49000,2000,Okara,70
Honda,CD 70,2025,155000,2000,Depal pur,70
Honda,CD 70,2023,129000,2000,Karachi,70
Honda,CD 70,2025,149000,2000,Lahore,70
Honda,CD 70,2020,82000,2000,Karachi,70
Honda,CD 70,2019,68000,2000,Faisalabad,70
Super,Asia SA 70,2016,45000,2000,Abbottabad,70
Honda,CD 70,2022,85000,2000,Rawalpindi,70
Super,Star CD 70,2024,100000,2000,Karachi,70
Hi,Speed CDI SR- EURO-2,2022,85000,2000,Rawalpindi,70
Union,Star US,2024,100000,2000,Abbottabad,70
Honda,CD 70,2016,65000,2000,Faisalabad,70
Honda,CD 70,2015,90000,2000,Lahore,70
Hi,Speed CDI SR- EURO-2,2025,95000,2000,Rawalpindi,70
Union,Star US,2023,70000,2000,Abbottabad,70
Honda,CD 70,2025,158000,2000,Lahore,70
Unique,UD 70,2016,45000,2000,Karachi,70
Crown,RF 70,2025,70000,2000,Lahore,70
Metro,MR 70,2025,70000,2000,Sahiwal,70
United,US 70,2019,65000,2000,Multan,70
Union,Star US,2025,105000,2000,Islamabad,70
Unique,Xtreme UD 70,2020,50000,2000,Karachi,70
United,US 70,2025,117000,2000,Peshawar,70
Super,Star CD 70,2024,95000,2000,Karachi,70
Honda,CD 70,2025,150000,2000,Lahore,70
Super,Power SP 70,2025,150000,2000,Karachi,70
Habib,HB 70,2012,80000,2000,Kabirwala,70
Super,Star CD 70,2023,80000,2000,Karachi,70
Honda,CD 70 Dream,2025,165000,2000,Sargodha,70
ZXMCO,ZX 70 City Rider,2012,35000,2000,Jehangira,70
Unique,UD 70,2016,50000,2000,Rawalakot,70
Honda,CD 70,2021,120000,2003,Karachi,70
Honda,CD 70,2007,42000,2007,Faisalabad,70
Honda,CD 70,2008,65000,2008,Sargodha,70
Super,Star CD 70,2008,22000,2008,Mirpur khas,70
United,US 70,2009,35000,2009,Peshawar,70
Ravi,Humsafar 70,2009,32000,2009,Islamabad,70
Honda,CD 70,2014,38000,2014,Karachi,70
United,US 70,2014,25000,2014,Lahore,70
United,US 70,2014,32000,2014,Lahore,70
Pak,Hero RF 70,2015,57000,2015,Mirpur A.K.,70
Union,Star US,2016,70000,2016,Rawalpindi,70
Metro,MR 70,2017,45000,2017,Lahore,70
Crown,CR 70 HD Plus,2017,40000,2017,Karachi,70
Honda,CD 70,2018,70000,2018,Arifwala,70
Super,Power SP 70,2018,60000,2018,Karachi,70
United,US 70,2018,40000,2018,Rawalpindi,70
Chinese,Bikes 70,2020,50000,2020,Karachi,70
Unique,UD 70,2021,75000,2021,Karachi,70
Honda,CD 70,2021,100000,2021,Faisalabad,70
Honda,CD 70,2021,65000,2021,Faisalabad,70
Honda,CD 70,2021,45000,2021,Karachi,70
United,US 70,2021,55000,2021,Sargodha,70
Super,Power SP 70,2022,62000,2022,Karachi,70
Unique,Xtreme UD 70,2022,77000,2022,Mardan,70
Road,Prince Classic 70,2022,40000,2022,Lahore,70
Honda,CD 70,2022,127000,2022,Hazro,70
Super,Power SP 70,2022,48000,2022,Sahiwal,70
United,US 70,2023,65000,2023,Islamabad,70
Honda,CD 70,2024,138000,2023,Hyderabad,70
Honda,CD 70,2023,135000,2023,Hyderabad,70
United,US 70,2024,75000,2024,Rawalpindi,70
Honda,CD 70,2023,135000,2024,Faisalabad,70
Honda,CD 70 Dream,2025,160000,2050,Jalalpur Jattan,70
Honda,CD 70,2024,139000,2100,Gujrat,70
Honda,CD 70,2022,85000,2100,Peshawar,70
Honda,CD 70,2023,135000,2100,Lahore,70
Safari,SD 70,2024,120000,2100,Jhelum,70
Union,Star US,2024,96000,2100,Talagang,70
Super,Power SP 70,2015,28000,2140,Muzaffarabad,70
Honda,CD 70,2020,55000,2150,Karachi,70
Honda,CD 70 Dream,2024,155000,2150,Lahore,70
Pak,Hero PH 70,2007,45000,2150,Lahore,70
United,US 70,2025,105000,2198,Faisalabad,70
Honda,CD 70,2013,80000,2200,Gujrat,70
United,US 70,2025,105000,2200,Sahiwal,70
Honda,CD 70,2025,155000,2200,Karachi,70
Unique,Xtreme UD 70,2025,110000,2200,Karachi,70
Union,Star US,2025,105000,2200,Karachi,70
Honda,CD 70,2025,168000,2200,Rawalpindi,70
Road,Prince 70 Passion Plus,2023,82000,2200,Rawalpindi,70
Road,Prince 70 Passion Plus,2023,90000,2200,Rawalpindi,70
Union,Star US,2025,95000,2200,Karachi,70
Road,Prince 70 Passion Plus,2025,90000,2200,Rawalpindi,70
Super,Star CD 70,2025,119000,2212,Karachi,70
Honda,CD 70,2025,155000,2250,Gujranwala,70
Honda,CD 70,2025,170000,2300,Lahore,70
Super,Star CD 70,2025,105000,2300,Karachi,70
Honda,CD 70,2024,135000,2300,Karachi,70
Honda,CD 70,2025,170000,2300,Islamabad,70
Unique,Xtreme UD 70,2022,60000,2332,Karachi,70
Honda,CD 70,2010,75000,2333,Islamabad,70
Honda,CD 70,2013,47000,2335,Karachi,70
Honda,CD 70,2023,120000,2388,Khanewal,70
Honda,CD 70,2024,137000,2400,Okara,70
Super,Star CD 70,2024,114000,2400,Karachi,70
Unique,Xtreme UD 70,2024,105000,2400,Karachi,70
Super,Star CD 70,2025,110000,2400,Karachi,70
Honda,CD 70,2025,168000,2450,Rawalpindi,70
Honda,CD 70,2025,152000,2500,Lahore,70
Hi,Speed SR 70,2025,113000,2500,Karak,70
Hi,Speed CDI SR- EURO-2,2025,112000,2500,Karak,70
MS,Jaguar Motorcycle E-70,2024,205000,2500,Chiniot,70
Honda,CD 70,2024,150000,2500,Lahore,70
Super,Star CD 70,2025,100000,2500,Karachi,70
Unique,Xtreme UD 70,2016,47000,2500,Karachi,70
Road,Prince 70 Passion Plus,2023,73000,2500,Peshawar,70
Road,Prince 70 Passion Plus,2025,95000,2500,Lahore,70
Honda,CD 70,2017,90000,2500,Islamabad,70
Honda,CD 70,2022,135000,2500,Islamabad,70
Honda,CD 70,2019,70000,2500,Jamshoro,70
Honda,CD 70,2023,155000,2500,Lahore,70
United,US 70,2025,110000,2500,Abbottabad,70
Metro,MR 70,2016,55000,2500,Rawalpindi,70
Honda,CD 70 Dream,2025,155000,2500,Sialkot,70
Honda,CD 70,2024,126000,2500,Hyderabad,70
Union,Star 70 Deluxe,2023,78000,2500,Abbottabad,70
Hi,Speed CDI SR- EURO-2,2025,95000,2500,Gujar Khan,70
Honda,CD 70,2007,70000,2500,Larkana,70
Honda,CD 70,1983,110000,2500,Faisalabad,70
Honda,CD 70,2018,90000,2500,Islamabad,70
Honda,CD 70,2025,150000,2500,Lahore,70
Safari,SD 70,2025,92000,2500,Lahore,70
Unique,Xtreme UD 70,2025,106000,2500,Mansehra,70
Union,Star US,2025,140000,2500,Rawalpindi,70
United,US 70,2025,98000,2500,Haripur,70
United,US 70,2023,80000,2500,Islamabad,70
Honda,CD 70,1978,70000,2558,Attock,70
Safari,SD 70,2015,40000,2580,Muzaffarabad,70
United,US 70,2022,72000,2587,Wah cantt,70
Metro,MR 70,2015,51000,2588,Rawalpindi,70
Super,Power SP 70,2022,68500,2588,Karachi,70
United,US 70,2025,107000,2600,Islamabad,70
Honda,CD 70,2025,155000,2600,Lahore,70
Hi,Speed CDI SR- EURO-2,2024,95000,2600,Kohat,70
Super,Power SP 70,2025,105000,2600,Lahore,70
Honda,CD 70,2022,112000,2600,Gujranwala,70
Honda,CD 70,2024,152000,2600,Islamabad,70
Honda,CD 70,2022,117000,2600,Chichawatni,70
Honda,CD 70,2024,152000,2640,Pak pattan sharif,70
United,US 70,2025,110000,2669,Hyderabad,70
Honda,CD 70,2024,152000,2700,Sargodha,70
Honda,CD 70,2025,150000,2700,Karachi,70
Honda,CD 70,2025,155000,2700,Lahore,70
Honda,CD 70,2025,152000,2700,Lahore,70
United,US 70,2024,85000,2700,Rawalpindi,70
Union,Star US,2023,75000,2700,Islamabad,70
Honda,CD 70,2023,120000,2700,Lahore,70
Super,Power SP 70,2024,80000,2708,Faisalabad,70
Honda,CD 70,2025,155000,2750,Faisalabad,70
Honda,CD 70,2025,150000,2800,Sargodha,70
Safari,SD 70,2017,65000,2800,Abbottabad,70
Honda,CD 70,2024,155000,2800,Wah cantt,70
Road,Prince 70 Passion Plus,2025,92000,2800,Lahore,70
Honda,CD 70,2024,137000,2800,Jaranwala,70
Honda,CD 70,2011,35000,2853,Karachi,70
Asia,Hero CDI 70,2006,25000,2888,Karachi,70
United,US 70,2025,105000,2900,Lahore,70
Honda,CD 70,2025,156000,2900,Multan,70
Unique,Xtreme UD 70,2025,110000,2995,Karachi,70
Road,Prince 70 Passion Plus,2021,65000,3000,Lahore,70
Honda,CD 70,2024,155000,3000,Lahore,70
Honda,CD 70,2024,160000,3000,Wah cantt,70
United,US 70,2016,50000,3000,Quetta,70
Honda,CD 70,2025,155000,3000,Gujranwala,70
Honda,CD 70,2000,40000,3000,Islamabad,70
United,US 70,2025,100000,3000,Abbottabad,70
Honda,CD 70,2012,53000,3000,Karachi,70
United,US 70,2022,70000,3000,Rawalpindi,70
Union,Star US,2023,78000,3000,Karachi,70
Super,Star CD 70,2025,110000,3000,Karachi,70
United,US 70,2025,100000,3000,Peshawar,70
Union,Star 70 Deluxe,2025,100000,3000,Rawalpindi,70
Honda,CD 70,2023,127000,3000,Mardan,70
Honda,CD 70,2023,145000,3000,Hazro,70
Honda,CD 70,2012,90000,3000,Sialkot,70
Hi,Speed CDI SR- EURO-2,2020,60000,3000,Karachi,70
Super,Star CD 70,2025,95000,3000,Hyderabad,70
Honda,CD 70,2023,115000,3000,Chiniot,70
Super,Star CD 70,2020,45000,3000,Sargodha,70
Hi,Speed SR 70,2023,85000,3000,Karachi,70
Honda,CD 70,2023,135000,3000,Multan,70
United,US 70,2018,70000,3000,Wah cantt,70
Metro,MR 70,2021,60000,3000,Lahore,70
Super,Star CD 70,2024,102000,3000,Karachi,70
Honda,CD 70,2015,70000,3000,Nowshera,70
Honda,CD 70,2024,150000,3000,Sialkot,70
Toyo,,2020,70000,3000,Islamabad,70
Honda,CD 70,2023,125000,3000,Raiwind,70
Honda,CD 70,2005,39000,3000,Lahore,70
Unique,Xtreme UD 70,2022,68000,3000,Karachi,70
Unique,Xtreme UD 70,2021,75000,3000,Karachi,70
Honda,CD 70,2013,60000,3000,Karachi,70
Honda,CD 70,2021,110000,3000,Hyderabad,70
United,US 70,2025,100000,3000,Lahore,70
Honda,CD 70,2025,147000,3000,Shorkot,70
United,US 70,2025,85000,3000,Tando adam,70
Hi,Speed SR 70,2014,45000,3000,Karachi,70
Unique,Xtreme UD 70,2021,80000,3000,Swabi,70
Honda,CD 70,2025,160000,3000,Karachi,70
Honda,CD 70,2025,165000,3000,Rawalpindi,70
Metro,MR 70,2022,60000,3000,Gujrat,70
Chinese,Bikes 70,2012,120000,3000,Kot addu,70
Honda,CD 70,2024,160000,3000,Tando Allah Yar,70
Road,Prince 70 Passion Plus,2025,95000,3000,Quetta,70
Honda,CD 70,2024,140000,3000,Islamabad,70
Union,Star US,2013,40000,3000,Karachi,70
Honda,CD 70,2024,145000,3000,Lahore,70
Union,Star US,2024,105000,3000,Islamabad,70
Express,E-70,2025,205000,3000,Mirpur A.K.,70
Crown,RF 70,2009,120000,3000,Sadiqabad,70
United,US 70,2021,80000,3046,Haripur,70
Super,Star CD 70,2024,92500,3056,Karachi,70
Honda,CD 70,2025,154000,3100,Faisalabad,70
Honda,CD 70,2025,152000,3100,Garh more,70
Super,Star CD 70,2025,92000,3100,Hyderabad,70
Union,Star US,2022,80000,3100,Rawalpindi,70
Honda,CD 70,2024,160000,3100,Rawalpindi,70
Honda,CD 70,2020,122000,3100,Islamabad,70
Super,Power SP 70,2024,98000,3100,Karachi,70
Super,Power SP 70,2024,98000,3130,Karachi,70
Super,Power SP 70,2024,98000,3170,Karachi,70
Honda,CD 70,2024,147000,3200,Sargodha,70
Honda,CD 70,2023,100000,3200,Ghazi,70
Honda,CD 70,2022,130000,3200,Attock,70
Honda,CD 70,2025,155000,3200,Lahore,70
Power,PK 70,2022,70000,3200,Rawalpindi,70
Honda,CD 70 Dream,2022,160000,3200,Lahore,70
Honda,CD 70,2021,68000,3256,Swabi,70
Honda,CD 70,2015,65000,3266,Lahore,70
Road,Prince Classic 70,2024,84000,3300,Islamabad,70
Honda,CD 70,2024,157000,3300,Islamabad,70
Road,Prince 70 Passion Plus,2025,98000,3300,Lahore,70
Honda,CD 70,2025,160000,3300,Gujranwala,70
Honda,CD 70,2025,154000,3300,Lahore,70
Honda,CD 70,2025,154000,3305,Lahore,70
Honda,CD 70,2015,40000,3311,Okara,70
Honda,CD 70,2025,150000,3317,Lahore,70
Honda,CD 70,2025,152000,3350,Lahore,70
Super,Power SP 70,2013,50000,3351,Rawalpindi,70
Hi,Speed CDI SR- EURO-2,2025,88000,3360,Gujranwala,70
Honda,CD 70,2014,90000,3369,Rawalpindi,70
Unique,Xtreme UD 70,2024,87000,3380,Karachi,70
Honda,CD 70,2023,85000,3393,Lahore,70
United,US 70,2023,85000,3400,Hassan abdal,70
Honda,CD 70,2020,80000,3400,Rawalpindi,70
Honda,CD 70,2023,125000,3400,Mardan,70
Honda,CD 70,2025,153000,3400,Multan,70
Honda,CD 70,2025,153000,3400,Bahawalnagar,70
Crown,RF 70,2025,103000,3400,Abbottabad,70
Honda,CD 70,2025,152000,3400,Kasur,70
United,US 70,2025,100000,3410,Rawalpindi,70
Honda,CD 70,2011,36700,3437,Rawalpindi,70
United,US 70,2025,105000,3500,Lahore,70
Unique,Xtreme UD 70,2014,55000,3500,Wah cantt,70
Honda,CD 70,2025,157000,3500,Sialkot,70
United,US 70,2025,95000,3500,Lahore,70
United,US 70,2021,68000,3500,Rawalpindi,70
Unique,Xtreme UD 70,2013,35000,3500,Karachi,70
United,US 70,2025,96000,3500,Lahore,70
Chinese,Bikes 70,2021,60000,3500,Khanewal,70
Honda,CD 70,2023,150000,3500,Sargodha,70
Super,Power SP 70,2022,55000,3500,Lahore,70
Super,Star CD 70,2024,95000,3500,Hyderabad,70
Super,Star CD 70,2007,70000,3500,Karachi,70
Super,Star CD 70,2024,102000,3500,Karachi,70
Union,Star US,2023,95000,3500,Islamabad,70
United,US 70,2016,45000,3500,Jhelum,70
Super,Star CD 70,2017,68000,3500,Karachi,70
Honda,CD 70,2025,154000,3500,Karachi,70
Honda,CD 70,2015,75000,3500,Kamra,70
Hi,Speed CDI SR- EURO-2,2025,85000,3500,Rawalpindi,70
Chinese,Bikes 70,2020,45000,3500,Nowshera,70
Honda,CD 70,2022,125000,3500,Islamabad,70
Honda,CD 70,2023,150000,3500,Gujranwala,70
Honda,CD 70,2025,163000,3500,Rawalpindi,70
United,US 70,2023,96000,3500,Daud khel,70
Road,Prince 70 Passion Plus,2022,55000,3500,Lahore,70
Crown,CRLF 70,2025,95000,3500,Abbottabad,70
New,Asia NAV 70,2021,70000,3500,Kasur,70
Honda,CD 70,2025,150000,3500,Chichawatni,70
Unique,Xtreme UD 70,2022,90000,3500,Quetta,70
Union,Star US,2024,105000,3500,Islamabad,70
Hero,RF 70,2022,65000,3500,Faisalabad,70
Honda,CD 70,2025,170000,3500,Rawalpindi,70
Honda,CD 70,2023,123000,3500,Quetta,70
Union,Star US,2024,95000,3500,Rawalpindi,70
Honda,CD 70,2025,162000,3528,Islamabad,70
Honda,CD 70,2010,35000,3545,Rawalpindi,70
Honda,CD 70,1997,38000,3562,Karachi,70
Hi,Speed CDI SR- EURO-2,2025,100000,3591,Karak,70
Honda,CD 70,2024,135000,3600,Sukkur,70
Honda,CD 70,2024,145000,3600,Jhelum,70
Honda,CD 70,2025,148000,3600,Faisalabad,70
United,US 70,2025,105000,3600,Rawalpindi,70
Honda,CD 70,2024,150000,3605,Havali Lakhan,70
Union,Star US,2024,95000,3673,Karachi,70
Honda,CD 70,2025,165000,3700,Karachi,70
Super,Star CD 70,2025,105000,3700,Karachi,70
Honda,CD 70 Dream,2024,155000,3700,Lahore,70
United,US 70,2023,70000,3700,Rawalpindi,70
Honda,CD 70,2024,150000,3700,Multan,70
Honda,CD 70,2025,170000,3800,Rawalpindi,70
MS,Jaguar Motorcycle E-70,2020,60000,3800,K.N. Shah,70
Union,Star US,2016,38000,3800,Karachi,70
Road,Prince 70 Passion Plus,2024,81000,3800,Multan,70
Union,Star US,2024,140000,3800,Peshawar,70
Honda,CD 70,2025,153000,3800,Lahore,70
Bionic,,2022,72000,3800,Charsadda,70
Super,Power SP 70,2024,105000,3800,Karachi,70
United,US 70,2023,80000,3838,Faisalabad,70
Honda,CD 70,2022,145000,3850,Karachi,70
Super,Power SP 70,2024,92000,3856,Rawalpindi,70
Crown,CRLF 70,2024,75000,3900,Faisalabad,70
Honda,CD 70,2025,165000,3900,Faisalabad,70
Honda,CD 70,2025,150000,3900,Okara,70
Honda,CD 70,2022,132000,3945,Jhang,70
Honda,CD 70,2018,80000,3999,Karachi,70
Honda,CD 70,2024,145000,4000,Jhelum,70
Honda,CD 70,2024,155000,4000,Islamabad,70
Honda,CD 70,2025,148000,4000,Lahore,70
United,US 70,2024,99999,4000,Abbottabad,70
Honda,CD 70,2025,225000,4000,Islamabad,70
Honda,CD 70,2023,135000,4000,Peshawar,70
United,US 70,2024,85000,4000,Islamabad,70
Super,Star CD 70,2024,90000,4000,Karachi,70
United,US 70,2021,78000,4000,Peshawar,70
United,US 70,2025,110000,4000,Rawalpindi,70
Toyo,,2012,35000,4000,Sarai alamgir,70
Super,Power SP 70,2021,70000,4000,Rawalpindi,70
Union,Star US,2024,105000,4000,Rawalpindi,70
United,US 70,2025,92000,4000,Peshawar,70
United,US 70,2015,38500,4000,Gujranwala,70
Unique,Xtreme UD 70,2018,47000,4000,Karachi,70
United,US 70,2025,108000,4000,Islamabad,70
Road,Prince 70 Passion Plus,2024,85000,4000,Lahore,70
Super,Power SP 70,2017,55000,4000,Karachi,70
Super,Power SP 70,2024,88000,4000,Rawalpindi,70
Honda,CD 70,2024,148000,4000,Haripur,70
Super,Star CD 70,2020,48500,4000,Karachi,70
Hi,Speed CDI SR- EURO-2,2018,58000,4000,Karachi,70
Bionic,,2024,95000,4000,Lahore,70
Honda,CD 70,2025,140000,4000,Hyderabad,70
Super,Power SP 70,2024,95000,4000,Rawalpindi,70
Hi,Speed SR 70,2025,125000,4000,Rawalpindi,70
United,US 70,2025,105000,4000,Islamabad,70
Union,Star US,2021,105000,4000,Islamabad,70
Super,Star CD 70,2021,67000,4000,Sargodha,70
Super,Power SP 70,2015,50000,4000,Karachi,70
United,US 70,2024,85000,4000,Faisalabad,70
Union,Star US,2024,90000,4000,Islamabad,70
Union,Star 70 Deluxe,2022,75000,4000,Rawalpindi,70
Super,Power SP 70,2022,70000,4000,Karachi,70
Road,Prince 70 Passion Plus,2024,81000,4000,Multan,70
Metro,MR 70,2022,56000,4000,Lahore,70
Hi,Speed CDI SR- EURO-2,2022,74000,4000,Nowshera,70
United,US 70,2010,42000,4000,Daska,70
United,US 70,2022,75000,4000,Lahore,70
Supreme,SP 70 Plus,2025,90000,4000,Karachi,70
Crown,CR 70 HD Plus,2025,100000,4000,Abbottabad,70
Honda,CD 70,1982,40000,4000,Karachi,70
Super,Power SP 70,2024,95000,4000,Karachi,70
Hi,Speed CDI SR- EURO-2,2014,45000,4000,Karachi,70
Super,Asia SA 70,2019,55000,4000,Karachi,70
Super,Star CD 70,2020,55000,4000,Chakwal,70
Super,Power SP 70,2024,84000,4000,Karachi,70
Honda,CD 70,2025,149000,4000,Lahore,70
Honda,CD 70,2022,130000,4000,Lahore,70
Super,Star CD 70,2010,40000,4000,Karachi,70
Honda,CD 70,2022,140000,4000,Rawalpindi,70
Union,Star US,2022,76000,4000,Karachi,70
Honda,CD 70,2024,150000,4006,Karachi,70
Honda,CD 70,2024,135000,4038,Sialkot,70
Honda,CD 70,2025,155000,4100,Lahore,70
Honda,CD 70,2024,149000,4100,Renala khurd,70
Honda,CD 70,2024,136000,4100,Sialkot,70
United,US 70,2023,90000,4127,Islamabad,70
Honda,CD 70,2024,150000,4151,Faisalabad,70
Super,Power SP 70,2012,45000,4200,Gujranwala,70
Honda,CD 70,2021,50000,4238,Lahore,70
United,US 70,2024,78000,4240,Islamabad,70
Honda,CD 70,2000,40000,4253,Karachi,70
Honda,CD 70,2024,145000,4276,Bahawalpur,70
Unique,Xtreme UD 70,2018,45000,4287,Rawalpindi,70
Honda,CD 70,2025,153000,4300,Lahore,70
United,US 70,2025,122000,4300,Taxila,70
Honda,CD 70,2018,105000,4325,Rawalpindi,70
Road,Prince 70 Passion Plus,2024,75000,4338,Lahore,70
Union,Star US,2023,70000,4383,Larkana,70
Honda,CD 70,2024,145000,4400,Jhelum,70
Honda,CD 70,2024,147000,4400,Jhelum,70
Honda,CD 70 Dream,2023,139000,4400,Lahore,70
Honda,CD 70,2024,100000,4500,Wah cantt,70
Crown,RF 70,2017,42000,4500,Peshawar,70
Honda,CD 70,2021,66000,4500,Peshawar,70
Union,Star US,2021,70000,4500,Karachi,70
Honda,CD 70,2025,162000,4500,Rawalpindi,70
Crown,RF 70,2022,60000,4500,Karachi,70
United,US 70,2024,105000,4500,Peshawar,70
Super,Power SP 70,2023,82000,4500,Karachi,70
Honda,CD 70,2025,155000,4500,Jhang,70
Road,Prince 70 Passion Plus,2024,78000,4500,Islamabad,70
Honda,CD 70,2024,145000,4500,Chowk munda,70
Super,Power SP 70,2022,75000,4500,Islamabad,70
Honda,CD 70,2023,145000,4500,Karachi,70
United,US 70,2021,78000,4500,Sahiwal,70
Honda,CD 70,2025,157000,4500,Sahiwal,70
Honda,CD 70,2023,125000,4500,Rahim Yar Khan,70
United,US 70,2022,80000,4500,Rawalpindi,70
Honda,CD 70,2025,152000,4500,Lodhran,70
Union,Star US,2025,98000,4500,Islamabad,70
Safari,SD 70,2013,52000,4500,Chakwal,70
United,US 70,2024,90000,4500,Multan,70
Safari,SD 70,2013,50000,4500,Chakwal,70
Hi,Speed CDI SR- EURO-2,2025,90000,4500,Rawalpindi,70
United,US 70,2016,70000,4500,Pind Dadan Khan,70
Honda,CD 70,2024,165000,4500,Karachi,70
Super,Star CD 70,2018,52000,4563,Karachi,70
United,US 70,2025,105000,4594,Wah cantt,70
United,US 70,2022,92000,4600,Gujrat,70
Honda,CD 70,2024,155000,4600,Faisalabad,70
Honda,CD 70,2024,150000,4600,Islamabad,70
Union,Star US,2023,82000,4693,Islamabad,70
Honda,CD 70,2021,102000,4696,Gujranwala,70
United,US 70,2025,95000,4700,Islamabad,70
Honda,CD 70,2021,135000,4700,Dera Ghazi Khan,70
Honda,CD 70,2008,63000,4711,Gujar Khan,70
Road,Prince 70 Passion Plus,2022,69000,4765,Sargodha,70
Honda,CD 70,2024,150000,4800,Lahore,70
Unique,Xtreme UD 70,2024,107000,4800,Karachi,70
Honda,CD 70,2024,156000,4800,Okara,70
Honda,CD 70,2025,155000,4800,Faisalabad,70
Honda,CD 70,2024,97000,4810,Quetta,70
Road,Prince Classic 70,2025,85000,4900,Faisalabad,70
Honda,CD 70,2024,160000,4900,Faisalabad,70
Honda,CD 70,2024,143000,4900,Gojra,70
Union,Star US,2024,98000,4972,Rawalpindi,70
Honda,CD 70,2025,168000,4980,Kallur kot,70
Unique,Xtreme UD 70,2016,55000,5000,Karachi,70
Unique,Xtreme UD 70,2021,70000,5000,Karachi,70
Honda,CD 70,2020,90000,5000,Karachi,70
Honda,CD 70,2014,40000,5000,Abbottabad,70
United,US 70,2019,62000,5000,Faisalabad,70
Super,Star CD 70,2020,70000,5000,Karachi,70
Super,Speed,2017,44000,5000,Karachi,70
Unique,Xtreme UD 70,2020,45000,5000,Sargodha,70
Super,Star CD 70,2017,40000,5000,Karachi,70
Union,Star US,2011,42000,5000,Karachi,70
Hi,Speed CDI SR- EURO-2,2020,70000,5000,Swabi,70
Hi,Speed CDI SR- EURO-2,2021,60000,5000,Rawalpindi,70
Honda,CD 70,2021,110000,5000,Quetta,70
Super,Star CD 70,2019,60000,5000,Mirpur A.K.,70
Honda,CD 70,2017,80000,5000,Multan,70
Honda,CD 70,2024,100000,5000,Peshawar,70
Habib,HB 70,2010,29000,5000,Swabi,70
Unique,Xtreme UD 70,2014,62000,5000,Faisalabad,70
Treet,EURO II TR 70,2019,55000,5000,Wah cantt,70
Unique,UD 70,2020,60000,5000,Karachi,70
New,Asia NAV 70,2025,95000,5000,Islamabad,70
Honda,CD 70,2024,140000,5000,Gujranwala,70
Union,Star US,2024,98000,5000,Islamabad,70
Honda,CD 70,2015,62000,5000,Lahore,70
Honda,CD 70,2020,110000,5000,Lahore,70
Express,E-70,2021,75000,5000,Kotri,70
Super,Power SP 70,2022,55000,5000,Karachi,70
United,US 70,2015,42000,5000,Islamabad,70
Honda,CD 70,2023,135000,5000,Islamabad,70
Honda,CD 70,2024,135000,5000,Kasur,70
Unique,Xtreme UD 70,2018,45000,5000,Karachi,70
Unique,Xtreme UD 70,2014,48000,5000,Karachi,70
Crown,CRLF 70,2017,42000,5000,Lahore,70
Honda,CD 70,2018,115000,5000,Karachi,70
Honda,CD 70,2019,95000,5000,Lahore,70
Hi,Speed SR 70,2018,45000,5000,Kohat,70
Unique,UD 70,2018,40000,5000,Rawalpindi,70
Union,Star US,2024,85000,5000,Islamabad,70
Unique,UD 70,2013,28000,5000,Karachi,70
Honda,CD 70,2022,115000,5000,Gujranwala,70
Hi,Speed CDI SR- EURO-2,2018,45000,5000,Rawalpindi,70
Honda,CD 70,2005,45000,5000,Faisalabad,70
Honda,CD 70,2014,82000,5000,Islamabad,70
Road,Prince 70 Passion Plus,2020,45000,5000,Lahore,70
Pak,Hero PH 70,2011,33000,5000,Islamabad,70
Honda,CD 70,2021,114000,5000,Faisalabad,70
Honda,CD 70,2019,75000,5000,Sahiwal,70
Union,Star US,2012,45000,5000,Karachi,70
United,US 70,2017,35000,5000,Pak pattan sharif,70
United,US 70,2022,75000,5000,Karachi,70
United,US 70,2021,50000,5000,Lahore,70
Super,Star CD 70,2018,58000,5000,Karachi,70
Unique,Xtreme UD 70,2015,32000,5000,Rawalpindi,70
Honda,CD 70,2015,72000,5000,Lahore,70
Hero,RF 70,2009,35000,5000,Islamabad,70
Honda,CD 70 Dream,2019,105000,5000,Hyderabad,70
Unique,Xtreme UD 70,2010,32000,5000,Peshawar,70
Honda,CD 70,1991,43000,5000,Karachi,70
United,US 70,2019,64000,5000,Peshawar,70
Super,Power SP 70,2016,45000,5000,Karachi,70
Honda,CD 70,2017,75000,5000,Gujrat,70
Hi,Speed CDI SR- EURO-2,2020,75000,5000,Nowshera,70
Road,Prince 70 Passion Plus,2025,115000,5000,Sialkot,70
Road,Prince 70 Passion Plus,2015,44000,5000,Lahore,70
United,US 70,2025,115000,5000,Abbottabad,70
Honda,CD 70,2012,40000,5000,Islamabad,70
Super,Asia SA 70,2022,72000,5000,Attock,70
Unique,Xtreme UD 70,2019,70000,5000,Karachi,70
Union,Star US,2021,70000,5000,Islamabad,70
Honda,CD 70,2008,48000,5000,Lahore,70
Super,Power SP 70,2017,45000,5000,Karachi,70
Habib,HB 70,2013,45000,5000,Karachi,70
Honda,CD 70,2010,58000,5000,Gujranwala,70
Honda,CD 70,2000,40000,5000,Lahore,70
United,US 70,2022,70000,5000,Abbottabad,70
Super,Star CD 70,2015,37000,5000,Karachi,70
Honda,CD 70,2017,72000,5000,Faisalabad,70
Hi,Speed SR 70,2011,36000,5000,Islamabad,70
ZXMCO,ZX 70 City Rider,2020,70000,5000,Islamabad,70
Honda,CD 70,2019,90000,5000,Lahore,70
Ravi,Humsafar 70,2017,28000,5000,Lahore,70
United,US 70,2011,27000,5000,Sahiwal,70
Super,Star CD 70,2020,50000,5000,Karachi,70
Royal,Star RS 70,2025,75000,5000,Lahore,70
Honda,CD 70,2019,75000,5000,Mirpur A.K.,70
Honda,CD 70,2018,70000,5000,Sargodha,70
United,US 70,2015,52000,5000,Lahore,70
Hi,Speed CDI SR- EURO-2,2020,60000,5000,Kohat,70
Unique,Xtreme UD 70,2018,60000,5000,Karachi,70
Honda,CD 70 Dream,2024,150000,5000,Muzaffar Gargh,70
Super,Power SP 70,2020,52000,5000,Karachi,70
Super,Star CD 70,2019,110000,5000,Karachi,70
Unique,Xtreme UD 70,2016,45000,5000,Karachi,70
Unique,UD 70,2021,70000,5000,Karachi,70
Super,Power SP 70,2010,42000,5000,Karachi,70
Honda,CD 70,2014,65000,5000,Faisalabad,70
Super,Power SP 70,2018,50000,5000,Karachi,70
Union,Star US,2019,66000,5000,Rawalpindi,70
Super,Star CD 70,2008,32000,5000,Karachi,70
Super,Star CD 70,2015,48000,5000,Karachi,70
Unique,UD 70,2010,40000,5000,Karachi,70
Honda,CD 70,2024,135000,5000,Lahore,70
Honda,CD 70,2016,85000,5000,Rawalpindi,70
United,US 70,2018,70000,5000,Sargodha,70
Metro,MR 70,2019,80000,5000,Islamabad,70
ZXMCO,ZX 70 City Rider,2018,60000,5000,Peshawar,70
Hi,Speed CDI SR- EURO-2,2021,60000,5000,Larkana,70
Honda,CD 70,2024,145000,5000,Faisalabad,70
Super,Star CD 70,2022,95000,5000,Rawalpindi,70
Union,Star US,2019,65000,5000,Rawalpindi,70
Honda,CD 70,2007,45000,5000,Sargodha,70
Union,Star US,2023,85000,5000,Rawalpindi,70
Super,Power SP 70,2018,45000,5000,Karachi,70
Unique,Xtreme UD 70,2022,75000,5000,Karachi,70
United,US 70,2018,60000,5000,Multan,70
Ravi,Humsafar 70,2020,52000,5000,Lahore,70
Honda,CD 70,2025,151000,5000,Lahore,70
Honda,CD 70,2012,70000,5000,Karachi,70
Super,Power SP 70,2021,85000,5000,Karachi,70
United,US 70,2018,45000,5000,Lahore,70
Honda,CD 70,2023,85000,5000,Rawalpindi,70
Super,Star CD 70,2017,60000,5000,Karachi,70
Honda,CD 70,2025,150000,5000,Nowshera,70
United,US 70,2018,60000,5000,Mansehra,70
United,US 70,2020,55000,5000,Islamabad,70
Super,Star CD 70,2021,60000,5000,Karachi,70
Ravi,Humsafar 70,2015,48000,5000,Quetta,70
Honda,CD 70,2022,110000,5000,Karachi,70
Super,Asia SA 70,2016,45000,5000,Islamabad,70
United,US 70,2021,53000,5000,Rawalpindi,70
United,US 70,2019,53000,5000,Haripur,70
Honda,CD 70,2016,50000,5000,Lahore,70
Honda,CD 70,2025,156000,5000,Lahore,70
Honda,CD 70,2023,70000,5000,Chakwal,70
Honda,CD 70,2025,150000,5000,Haripur,70
Honda,CD 70,2013,80000,5000,Karachi,70
United,US 70,2020,62000,5000,Hazro,70
United,US 70,2020,65000,5000,Abbottabad,70
Honda,CD 70,2013,48000,5000,Faisalabad,70
Super,Star CD 70,2022,80000,5000,Peshawar,70
Super,Star CD 70,2019,45000,5000,Karachi,70
Honda,CD 70,2017,85000,5000,Karachi,70
Unique,UD 70,2020,70000,5000,Karachi,70
Super,Star CD 70,2014,40000,5000,Karachi,70
United,US 70,2018,55000,5000,Lahore,70
Honda,CD 70,2022,120000,5000,Karachi,70
Road,Prince 70 Passion Plus,2016,45000,5000,Rawalpindi,70
Honda,CD 70,2008,45000,5000,Sahiwal,70
Honda,CD 70,2023,70000,5000,Rawalpindi,70
Honda,CD 70,2011,55000,5000,Karachi,70
Unique,UD 70,2019,60000,5000,Karachi,70
Hi,Speed SR 70,2020,78000,5000,Rawalpindi,70
Super,Power SP 70,2021,62000,5000,Karachi,70
Union,Star US,2022,65000,5000,Chakwal,70
Unique,Xtreme UD 70,2021,60000,5000,Hyderabad,70
Honda,CD 70,2021,120000,5000,Faisalabad,70
Honda,CD 70,1997,40000,5000,Karachi,70
Super,Asia SA 70,2018,30000,5000,Hafizabad,70
Road,Prince 70 Passion Plus,2020,47500,5000,Kharian,70
Super,Star CD 70,2022,75000,5000,Karachi,70
Honda,CD 70 Dream,2024,149000,5000,Khanewal,70
Super,Star CD 70,2018,80000,5000,Karachi,70
Super,Power SP 70,2022,73000,5000,Rawalpindi,70
Super,Power SP 70,2022,60000,5000,Karachi,70
Union,Star US,2021,63000,5000,Taxila,70
United,US 70,2021,57000,5000,Gujranwala,70
Crown,RF 70,2018,28000,5000,Karachi,70
Eagle,ES 70,2015,32500,5000,Rawalpindi,70
United,US 70,2021,75000,5000,Pindi gheb,70
Union,Star US,2024,100000,5000,Islamabad,70
Unique,Xtreme UD 70,2019,29950,5000,Quetta,70
Honda,CD 70,2016,60000,5000,Lahore,70
Super,Power SP 70,2022,70000,5000,Karachi,70
Honda,CD 70,2022,119000,5000,Faqirwali,70
United,US 70,2020,55000,5000,Abbottabad,70
Honda,CD 70,2022,130000,5000,Tando adam,70
Unique,UD 70,2018,55000,5000,Karachi,70
Pak,Hero RF 70,2015,40000,5000,Rawalpindi,70
Yamaha,Dhoom YD-70,2024,90000,5000,Karachi,70
Union,Star US,2022,68000,5000,Karachi,70
United,US 70,2022,79000,5000,Mansehra,70
Super,Power SP 70,2014,40000,5000,Karachi,70
Super,Power SP 70,2015,40000,5000,Karachi,70
United,US 70,2024,250000,5000,Karachi,70
Hi,Speed CDI SR- EURO-2,2024,80000,5000,Multan,70
Pak,Hero RF 70,2009,34000,5000,Rawalpindi,70
Honda,CD 70,2023,122000,5000,Multan,70
Hi,Speed SR 70,2023,55000,5000,Islamabad,70
United,US 70,2024,85000,5000,Sargodha,70
Unique,Xtreme UD 70,2018,40000,5000,Karachi,70
Crown,CR 70 HD Plus,2024,114000,5000,Abbottabad,70
Union,Star US,2023,100000,5000,Rawalpindi,70
Hi,Speed CDI SR- EURO-2,2022,74000,5000,Nowshera,70
Hi,Speed CDI SR- EURO-2,2024,120000,5000,Mardan,70
Honda,CD 70,2024,139000,5000,Multan,70
Unique,Xtreme UD 70,2022,75000,5000,Haripur,70
Honda,CD 70,2013,65000,5000,Sangla Hills,70
Super,Power SP 70,2015,46500,5000,Karachi,70
Honda,CD 70,2020,82000,5000,Rawalpindi,70
Road,Prince 70 Passion Plus,2023,45000,5000,Lahore,70
Honda,CD 70,2011,76000,5000,Rawalpindi,70
Honda,CD 70,2022,107000,5000,Bahawalnagar,70
United,US 70,2017,47000,5000,Mansehra,70
Hi,Speed SR 70,2022,75000,5000,Charsadda,70
Super,Power SP 70,2021,150000,5000,Gujar Khan,70
United,US 70,2018,40000,5000,Sialkot,70
Road,Prince 70 Passion Plus,2014,32000,5000,Lahore,70
ZXMCO,ZX 70 City Rider,2011,34500,5000,Lahore,70
Hi,Speed SR 70,2017,48000,5000,Peshawar,70
Union,Star US,2022,70000,5000,Lahore,70
Road,Prince 70 Passion Plus,2019,52000,5000,Rawalpindi,70
Super,Power SP 70,2023,80000,5000,Karachi,70
Hi,Speed CDI SR- EURO-2,2023,75000,5000,Rawalpindi,70
Honda,CD 70,2019,80000,5000,Sialkot,70
Honda,CD 70,2024,139000,5000,Sialkot,70
Ravi,Humsafar 70,2023,65000,5000,Hasilpur,70
Honda,CD 70,2024,150000,5000,Lahore,70
Honda,CD 70,2019,83000,5000,Sialkot,70
Hi,Speed CDI SR- EURO-2,2024,90000,5000,Islamabad,70
Honda,CD 70,2019,51000,5000,Karachi,70
Honda,CD 70,2023,110000,5000,Quetta,70
Road,Prince 70 Passion Plus,2019,30000,5000,Multan,70
Honda,CD 70,2025,155000,5000,Faisalabad,70
United,US 70,2017,42000,5000,Lahore,70
Unique,UD 70,2021,75000,5000,Nawabshah,70
Super,Star CD 70,2021,60000,5000,Hyderabad,70
Road,Prince 70 Passion Plus,2019,58000,5000,Lahore,70
Super,Star CD 70,2016,70000,5000,Taxila,70
Honda,CD 70,2022,130000,5000,Faisalabad,70
Treet,EURO II TR 70,2018,70000,5000,Lahore,70
Super,Power SP 70,2017,56000,5000,Karachi,70
Star,DS 70,2022,63000,5000,Karachi,70
Union,Star 70 Deluxe,2024,90000,5000,Haripur,70
Honda,CD 70,2021,70000,5000,Abbottabad,70
Super,Star CD 70,2022,60000,5000,Karachi,70
Honda,CD 70,2021,125000,5000,Charsadda,70
Super,Star CD 70,2023,75000,5000,Karachi,70
Honda,CD 70,2018,87000,5000,Sheikhupura,70
Metro,MR 70,2013,45000,5000,Islamabad,70
Union,Star US,2020,62000,5000,Islamabad,70
Honda,CD 70,2024,145000,5000,Layyah,70
Super,Power SP 70,2020,55000,5000,Karachi,70
United,US 70,2017,38000,5000,Faisalabad,70
Super,Power SP 70,2013,23000,5000,Lahore,70
Hi,Speed CDI SR- EURO-2,2017,40000,5000,Rawalpindi,70
Super,Star CD 70,2019,59000,5000,Karachi,70
Road,Prince 70 Passion Plus,2011,38000,5000,Lahore,70
Road,Prince 70 Passion Plus,2015,22000,5000,Lahore,70
Honda,CD 70,2024,140000,5000,Faisalabad,70
Honda,CD 70,2022,110000,5000,Faisalabad,70
Honda,CD 70,2018,80000,5000,Karachi,70
Hi,Speed CDI SR- EURO-2,2018,60000,5000,Sahiwal,70
Honda,CD 70,2017,95000,5000,Rawalpindi,70
Honda,CD 70,2022,105000,5000,Sukkur,70
United,US 70,2023,95000,5000,Abbottabad,70
Road,Prince 70 Passion Plus,2017,37000,5000,Lahore,70
Honda,CD 70,2023,140000,5000,Khanewal,70
Chinese,Bikes 70,2022,65000,5000,Faisalabad,70
Super,Star CD 70,2019,30000,5000,Karachi,70
Honda,CD 70,2023,127000,5000,Okara,70
Honda,CD 70,2024,145000,5000,Islamabad,70
Honda,CD 70 Dream,2024,168000,5000,Swabi,70
Honda,CD 70,2023,135000,5000,Gujranwala,70
Union,Star US,2022,80000,5000,Karachi,70
Honda,CD 70,2025,152000,5000,Multan,70
Honda,CD 70,2024,150000,5000,Islamabad,70
United,US 70,2021,59000,5000,Islamabad,70
United,US 70,2020,70000,5000,Rawalpindi,70
Unique,Xtreme UD 70,2019,49000,5000,Hyderabad,70
Super,Star CD 70,2011,33500,5000,Karachi,70
Honda,CD 70,2017,85000,5000,Lahore,70
Honda,CD 70,2013,49000,5000,Rawalpindi,70
United,US 70,2025,115000,5000,Islamabad,70
Honda,CD 70,2003,100000,5000,Lahore,70
Unique,Xtreme UD 70,2018,62000,5000,Karachi,70
United,US 70,2024,50000,5000,Multan,70
Hero,RF 70,2008,30000,5000,Mansehra,70
Eagle,ES 70,2018,60000,5050,Rawalpindi,70
Honda,CD 70,2022,137000,5073,Jand,70
Road,Prince RP 70,2017,35000,5083,Lahore,70
United,US 70,2024,70000,5094,Lahore,70
Union,Star,2023,95000,5103,Karachi,70
Hi,Speed SR 70,2018,50000,5152,Kohat,70
Super,Star CD 70,2019,68000,5200,Karachi,70
Honda,CD 70,2024,142000,5200,Okara,70
Honda,CD 70,2024,147000,5200,Faisalabad,70
Honda,CD 70,2024,147000,5200,Sumandari,70
Union,Star US,2025,110000,5200,Rawalpindi,70
Super,Power SP 70,2021,70000,5228,Abbottabad,70
Honda,CD 70,2024,132000,5231,Narowal,70
Road,Prince 70 Passion Plus,2022,65000,5270,Lahore,70
Honda,CD 70,2024,150000,5271,Lahore,70
Honda,CD 70,2024,145000,5300,Multan,70
United,US 70,2024,95000,5300,Faisalabad,70
Honda,CD 70,2023,150000,5300,Islamabad,70
Unique,Xtreme UD 70,2024,100000,5330,Karachi,70
United,US 70,2025,95000,5370,Lahore,70
Honda,CD 70,2023,129000,5380,Karachi,70
Honda,CD 70,2025,150000,5400,Abbottabad,70
Union,Star US,2024,115000,5400,Islamabad,70
Honda,CD 70,2024,140000,5400,Kasur,70
Honda,CD 70,2024,147000,5400,Jatoi,70
Hi,Speed SR 70,2022,74000,5423,Kohat,70
Honda,CD 70,2010,63000,5432,Faisalabad,70
United,US 70,2025,110000,5449,Peshawar,70
Honda,CD 70,2014,52000,5500,Sialkot,70
Unique,Xtreme UD 70,2018,45000,5500,Karachi,70
United,US 70,2021,75000,5500,Sargodha,70
Honda,CD 70,2014,65000,5500,Gujar Khan,70
Honda,CD 70,2005,55000,5500,Faisalabad,70
United,US 70,2025,95000,5500,Lahore,70
Road,Prince 70 Passion Plus,2017,35000,5500,Lahore,70
Hi,Speed CDI SR- EURO-2,2012,35000,5500,Kohat,70
Super,Star CD 70,2024,103000,5500,Karachi,70
Super,Power SP 70,2020,60000,5550,Karachi,70
Honda,CD 70,2012,66000,5555,Faisalabad,70
Chinese,Bikes 70,2022,67000,5555,Pishin,70
Hi,Speed CDI SR- EURO-2,2021,62000,5555,Quetta,70
United,US 70,2016,54000,5569,Abbottabad,70
Hi,Speed CDI SR- EURO-2,2024,92000,5600,Islamabad,70
Honda,CD 70,2025,168000,5600,Lahore,70
Honda,CD 70,2024,160000,5600,Attock,70
Honda,CD 70,2024,145000,5670,Sahiwal,70
Honda,CD 70,2024,144000,5700,Sahiwal,70
Honda,CD 70,2025,152000,5700,Karachi,70
Honda,CD 70,2020,110000,5800,Faisalabad,70
Hi,Speed CDI SR- EURO-2,2021,63000,5800,Karachi,70
Honda,CD 70,2024,140000,5800,Karachi,70
Union,Star 70 Deluxe,2022,75000,5800,Rawalpindi,70
Honda,CD 70 Dream,2024,150000,5800,Faisalabad,70
Unique,Xtreme UD 70,2012,42000,5800,Karachi,70
Unique,Xtreme UD 70,2024,92000,5800,Karachi,70
Hi,Speed CDI SR- EURO-2,2023,65000,5800,Islamabad,70
Honda,CD 70,2006,78000,5864,Islamabad,70
Honda,CD 70,2018,75000,5876,Lahore,70
Road,Prince 70 Passion Plus,2016,45000,5888,Lahore,70
Honda,CD 70,2024,145000,5900,Sahiwal,70
Union,Star US,2018,65000,5900,Sargodha,70
Super,Star CD 70,2024,95000,5900,Karachi,70
Honda,CD 70,2025,135000,5940,Digri,70
Union,Star US,2025,120000,6000,Karachi,70
United,US 70,2025,100000,6000,Lahore,70
United,US 70,2025,102000,6000,Bahawalpur,70
Unique,Xtreme UD 70,2021,63000,6000,Karachi,70
Honda,CD 70,2023,135000,6000,Lahore,70
United,US 70,2024,85000,6000,Rawalpindi,70
Hi,Speed CDI SR- EURO-2,2024,76000,6000,Khanewal,70
Unique,UD 70,2025,95000,6000,Karachi,70
Union,Star US,2019,43000,6000,Rawalpindi,70
Union,Star US,2025,110000,6000,Islamabad,70
Hi,Speed CDI SR- EURO-2,2024,90000,6000,Hyderabad,70
Honda,CD 70,2024,96000,6000,Swabi,70
Crown,CRLF 70,2006,25000,6000,Karachi,70
Super,Power SP 70,2014,43000,6000,Karachi,70
Super,Power SP 70,2018,40000,6000,Karachi,70
Hi,Speed CDI SR- EURO-2,2016,40000,6000,Rawalpindi,70
Hi,Speed SR 70,2023,83000,6000,Islamabad,70
Super,Star CD 70,2023,60000,6000,Karachi,70
Road,Prince 70 Passion Plus,2024,89000,6000,Lahore,70
Honda,CD 70,2024,99000,6000,Karachi,70
ZXMCO,ZX 70 City Rider,2025,95000,6000,Peshawar,70
Honda,CD 70,2024,92000,6000,Islamabad,70
Road,Prince 70 Passion Plus,2023,85000,6000,Lahore,70
Honda,CD 70,2022,120000,6000,Faisalabad,70
Honda,CD 70,2023,122000,6000,Swabi,70
Unique,Xtreme UD 70,2022,75000,6000,Karachi,70
Honda,CD 70,2009,85000,6000,Faisalabad,70
Honda,CD 70,2018,80000,6000,Karachi,70
Honda,CD 70,2024,125000,6000,Hyderabad,70
Super,Star CD 70,2023,85000,6000,Karachi,70
Honda,CD 70,2023,85000,6000,Karachi,70
Road,Prince 70 Passion Plus,2023,50000,6000,Lahore,70
Union,Star 70 Deluxe,2024,90000,6000,Karachi,70
Honda,CD 70,2024,148000,6000,Rawalpindi,70
Honda,CD 70,2022,130000,6000,Haripur,70
Super,Star CD 70,2016,35000,6000,Karachi,70
Union,Star US,2021,65000,6000,Rawalpindi,70
Super,Star CD 70,2024,85000,6000,Karachi,70
United,US 70,2024,90000,6000,Shah kot,70
Crown,RF 70,2016,38000,6000,Rahim Yar Khan,70
Honda,CD 70 Dream,2024,158000,6000,Dinga,70
Treet,EURO II TR 70,2020,51000,6000,Karachi,70
Super,Power SP 70,2023,75000,6000,Karachi,70
Hi,Speed CDI SR- EURO-2,2023,46000,6000,Chakwal,70
Road,Prince 70 Passion Plus,2021,75000,6000,Lahore,70
United,US 70,2024,60000,6000,Faisalabad,70
United,US 70,2021,79999,6000,Abbottabad,70
Road,Prince 70 Passion Plus,2024,75000,6000,Lahore,70
Super,Star CD 70,2024,100000,6000,Karachi,70
Honda,CD 70,2025,143000,6000,Lahore,70
Honda,CD 70,2009,85000,6000,Okara,70
Honda,CD 70,2019,115000,6000,Wah cantt,70
Honda,CD 70,2025,165000,6000,Rahim Yar Khan,70
Unique,Xtreme UD 70,2020,60000,6000,Wah cantt,70
Union,Star US,2024,125000,6000,Rawalpindi,70
Honda,CD 70,2021,65000,6000,Sialkot,70
Super,Power SP 70,2023,70000,6000,Karachi,70
Road,Prince RP 70 Scooty,2024,70000,6000,Lahore,0
Honda,CD 70,2015,70000,6000,Sialkot,70
Road,Prince 70 Passion Plus,2020,45000,6000,Islamabad,70
United,US 70,1900,42000,6000,Quetta,70
Honda,CD 70,2025,145000,6005,Gujranwala,70
Honda,CD 70,2024,142000,6100,Lahore,70
Union,Star US,2025,105000,6146,Islamabad,70
Hi,Speed CDI SR- EURO-2,2021,70000,6192,Gujar Khan,70
Honda,CD 70,2024,136000,6200,Chiniot,70
Honda,CD 70,2024,142000,6200,Lahore,70
Honda,CD 70,2025,148000,6300,Gujranwala,70
United,US 70,2024,98000,6300,Sialkot,70
Honda,CD 70,2024,142000,6400,Lahore,70
Honda,CD 70 Dream,2019,120000,6425,Lahore,70
Hi,Speed CDI SR- EURO-2,2021,360000,6450,Gujranwala,70
Unique,Xtreme UD 70,2020,60000,6500,Karachi,70
Honda,CD 70,2024,130000,6500,Renala khurd,70
Honda,CD 70,2024,140000,6500,Lahore,70
Honda,CD 70,2024,145000,6500,Rawalpindi,70
Union,Star US,2024,88000,6500,Karachi,70
United,US 70,2022,75000,6500,Lahore,70
Road,Prince 70 Passion Plus,2022,55000,6500,Lahore,70
Honda,CD 70,2024,143000,6500,Lahore,70
Honda,CD 70,2025,160000,6500,Rahim Yar Khan,70
Road,Prince 70 Passion Plus,2022,58000,6500,Lahore,70
Road,Prince Classic 70,2023,80000,6510,Lahore,70
Honda,CD 70,2014,62500,6528,Multan,70
Honda,CD 70,2024,148000,6592,Rawalpindi,70
Honda,CD 70,1995,55000,6599,Lahore,70
Yamaha,Dhoom YD-70,2013,50000,6658,Faisalabad,70
Honda,CD 70,2022,132000,6661,Karachi,70
Honda,CD 70,2007,45000,6666,Haripur,70
Honda,CD 70,2014,60000,6668,Lahore,70
Honda,CD 70,2021,120000,6700,Sahiwal,70
Honda,CD 70,2025,160000,6725,Mian Wali,70
Honda,CD 70,2023,130000,6750,Lahore,70
Honda,CD 70,2024,128000,6771,Faisalabad,70
Honda,CD 70,2024,145000,6800,Sargodha,70
Honda,CD 70,2022,145000,6800,Wah cantt,70
Road,Prince 70 Passion Plus,2020,75000,6800,Chakwal,70
Honda,CD 70 Dream,2022,145000,6800,Islamabad,70
Honda,CD 70,2021,80000,6800,Karachi,70
Unique,Xtreme UD 70,2014,52000,6853,Islamabad,70
Honda,CD 70,2022,120000,6887,Lahore,70
United,US 70,2024,105000,7000,Islamabad,70
Honda,CD 70,2021,110000,7000,Gujranwala,70
Super,Power SP 70,2019,50000,7000,Karachi,70
Union,Star US,2020,66000,7000,Rawalpindi,70
Union,Star US,2022,105000,7000,Peshawar,70
Honda,CD 70,2024,150000,7000,Swabi,70
Honda,CD 70,2019,85000,7000,Gujranwala,70
Unique,UD 70,2017,67000,7000,Karachi,70
Honda,CD 70,2023,125000,7000,Lahore,70
Super,Power SP 70,2017,55000,7000,Karachi,70
Honda,CD 70,2023,125000,7000,Multan,70
Honda,CD 70,2024,148000,7000,Sheikhupura,70
Super,Power SP 70,2022,64000,7000,Karachi,70
Unique,Xtreme UD 70,2022,70000,7000,Karachi,70
Honda,CD 70,2022,115000,7000,Karachi,70
Union,Star US,2024,98000,7000,Abbottabad,70
Honda,CD 70,2018,85000,7000,Lahore,70
Super,Power SP 70,2014,42000,7000,Islamabad,70
Union,Star US,2021,50000,7000,Karachi,70
Unique,Xtreme UD 70,2024,100000,7000,Karachi,70
Road,Prince 70 Passion Plus,2024,88000,7000,Lahore,70
Honda,CD 70,2017,73000,7000,Peshawar,70
Honda,CD 70,2018,105000,7000,Attock,70
Honda,CD 70,2024,150000,7000,Rawalpindi,70
ZXMCO,ZX 70 City Rider,2019,60000,7000,Jauharabad,70
Union,Star US,2024,75000,7000,Rawalpindi,70
Union,Star US,2018,55000,7000,Rawalpindi,70
Honda,CD 70,2015,80000,7000,Rawalpindi,70
Super,Power SP 70,2012,44000,7000,Karachi,70
Honda,CD 70,2025,154000,7000,Rawalpindi,70
Honda,CD 70,2015,85000,7000,Sargodha,70
Honda,CD 70,2024,142000,7000,Rahim Yar Khan,70
United,US 70,2022,60000,7000,Lahore,70
Honda,CD 70,2023,135000,7000,Gujrat,70
United,US 70,2015,70000,7000,Rawalpindi,70
Super,Star CD 70,2019,68000,7000,Karachi,70
Honda,CD 70,2007,60000,7000,Lahore,70
Honda,CD 70,1970,95000,7000,Karachi,70
Road,Prince 70 Passion Plus,2022,70000,7000,Multan,70
Honda,CD 70,2024,138000,7000,Chichawatni,70
Road,Prince 70 Passion Plus,2017,50000,7000,Multan,70
Honda,CD 70,2024,142000,7000,Sargodha,70
Honda,CD 70,2024,147000,7000,Rawalpindi,70
Super,Power SP 70,2023,100000,7000,Karachi,70
Honda,CD 70,2020,98000,7000,Muzaffar Gargh,70
Super,Power SP 70,2019,45000,7000,Karachi,70
Union,Star US,2024,105000,7000,Islamabad,70
Road,Prince 70 Passion Plus,2024,89000,7000,Lahore,70
Union,Star 70 Deluxe,2024,95000,7000,Islamabad,70
Super,Power SP 70,2017,46000,7000,Karachi,70
Unique,UD 70,2011,45000,7000,Rawalpindi,70
Super,Power SP 70,2021,63500,7000,Karachi,70
Honda,CD 70,2025,140000,7000,Lahore,70
Honda,CD 70,2021,96000,7000,Lahore,70
New,Asia NAV 70,2022,70000,7000,Toba Tek Singh,70
Honda,CD 70,2024,145000,7055,Nankana sahib,70
United,US 70,2025,100000,7100,Islamabad,70
Road,Prince 70 Passion Plus,2025,75000,7100,Lahore,70
Honda,CD 70,2021,95000,7164,Sialkot,70
United,US 70,2022,50000,7181,Jauharabad,70
United,US 70,2025,90000,7200,Faisalabad,70
Honda,CD 70,2022,138000,7250,Rawalpindi,70
Honda,CD 70,2022,114000,7257,Shakargarh,70
Honda,CD 70,2012,68000,7300,Lahore,70
Honda,CD 70,2023,145000,7300,Attock,70
Honda,CD 70,2023,122000,7350,Faisalabad,70
Unique,Xtreme UD 70,2024,84000,7400,Karachi,70
Super,Power Deluxe 70,2024,120000,7400,Lahore,70
Honda,CD 70,2024,137000,7400,Gujranwala,70
Honda,CD 70,2025,145000,7400,Rawalpindi,70
Honda,CD 70,2022,114000,7406,Kasur,70
Unique,UD 70,2023,110000,7440,Mirpur A.K.,70
Honda,CD 70,2024,130000,7469,Karachi,70
Super,Star CD 70,2019,70000,7485,Karachi,70
Hi,Speed CDI SR- EURO-2,2020,310000,7500,Kasur,70
Honda,CD 70,2021,115000,7500,Sialkot,70
Super,Power SP 70,2024,125000,7500,Lahore,70
United,US 70,2023,70000,7500,Abbottabad,70
Honda,CD 70,2021,114000,7500,Faisalabad,70
Honda,CD 70,2021,115000,7500,Faisalabad,70
ZXMCO,ZX 70 City Rider,2022,65000,7500,Sialkot,70
United,US 70,2025,100000,7500,Rawalpindi,70
Honda,CD 70,2025,135000,7510,Chichawatni,70
United,US 70,2014,30000,7546,Lahore,70
Metro,MR 70,2023,65000,7552,Islamabad,70
Honda,CD 70,2025,155000,7560,Okara,70
ZXMCO,ZX 70 City Rider,2017,75000,7563,Peshawar,70
Road,Prince 70 Passion Plus,2018,44000,7589,Faisalabad,70
Road,Prince 70 Passion Plus,2018,50000,7589,Faisalabad,70
Honda,CD 70,2024,152000,7650,Rawalpindi,70
Honda,CD 70 Dream,2019,97000,7700,Kamoke,70
United,US 70,2024,85000,7777,Rawalpindi,70
Honda,CD 70,2013,65000,7786,Rawalpindi,70
Hi,Speed CDI SR- EURO-2,2023,90000,7800,Jhelum,70
Honda,CD 70,2025,150000,7800,Karachi,70
United,US 70,2025,90000,7822,Lahore,70
United,US 70,2024,110000,7825,Rawalpindi,70
Honda,CD 70,2023,112000,7860,Sialkot,70
Ghani,Gi 70 Self Start,2023,120000,7860,Okara,70
ZXMCO,ZX 70 City Rider,2021,48000,7860,Jhelum,70
Unique,Xtreme UD 70,2019,55000,7863,Karachi,70
Unique,Xtreme UD 70,2022,80000,7900,Karachi,70
United,US 70,2025,105000,7900,Karachi,70
Honda,CD 70,2023,126000,7990,Gojra,70
United,US 70,2024,80000,8000,Chichawatni,70
Honda,CD 70,2023,125000,8000,Karachi,70
Honda,CD 70,2024,147000,8000,Sialkot,70
Honda,CD 70,2017,75000,8000,Gujranwala,70
Super,Asia SA 70,2024,80000,8000,Islamabad,70
Unique,UD 70,2023,75000,8000,Karachi,70
Honda,CD 70,2024,145000,8000,Lahore,70
Honda,CD 70,2024,95000,8000,Chakwal,70
Super,Star CD 70,2022,68000,8000,Karachi,70
Honda,CD 70,2008,45500,8000,Haripur,70
Super,Star CD 70,2021,85000,8000,Karachi,70
United,US 70,2024,100000,8000,Rawalpindi,70
Super,Power SP 70,2017,44000,8000,Karachi,70
Honda,CD 70,2024,147000,8000,Arifwala,70
Union,Star US,2020,78000,8000,Islamabad,70
Honda,CD 70,2024,140000,8000,Rawalpindi,70
Honda,CD 70,2022,110000,8000,Mansehra,70
Honda,CD 70,2022,75000,8000,Haripur,70
Road,Prince 70 Passion Plus,2018,35000,8000,Lahore,70
Honda,CD 70,2023,105000,8000,Peshawar,70
Honda,CD 70 Dream,2022,150000,8000,Faisalabad,70
United,US 70,2024,97000,8000,Lahore,70
Honda,CD 70,2019,115000,8000,Islamabad,70
Honda,CD 70,2005,59000,8000,Peshawar,70
United,US 70,2021,85000,8000,Rawalpindi,70
Unique,Xtreme UD 70,2018,60000,8000,Karachi,70
Road,Prince Classic 70,2022,95000,8000,Rawalpindi,70
Road,Prince 70 Passion Plus,2015,38000,8000,Sargodha,70
Union,Star US,2024,87000,8000,Karachi,70
Super,Star CD 70,2024,100000,8000,Karachi,70
Habib,HB 70,2012,75000,8000,Mian Wali,70
Honda,CD 70,2021,100000,8000,Lahore,70
Honda,CD 70,2024,150000,8000,Karachi,70
Unique,Xtreme UD 70,2010,40000,8000,Chakwal,70
Honda,CD 70,2017,85000,8000,Lahore,70
Honda,CD 70 Dream,2021,130000,8000,Islamabad,70
Honda,CD 70,2022,125000,8000,Rawalpindi,70
Super,Power SP 70,2021,65000,8000,Karachi,70
Super,Star CD 70,2015,35000,8000,Karachi,70
Crown,CRLF Euro ll,2021,62000,8000,Sukkur,70
Road,Prince 70 Passion Plus,2024,80000,8000,Lahore,70
Super,Power SP 70,2022,150000,8000,Karachi,70
Honda,CD 70,2022,130000,8000,Islamabad,70
Unique,UD 70,2017,53000,8000,Karachi,70
Metro,MR 70,2004,28500,8000,Lahore,70
Road,Prince 70 Passion Plus,2023,55000,8000,Lahore,70
Super,Star CD 70,2017,78000,8000,Karachi,70
Honda,CD 70,2021,110000,8000,Lahore,70
Honda,CD 70,2021,120000,8000,Wah cantt,70
Hi,Speed CDI SR- EURO-2,2023,98000,8000,Islamabad,70
United,US 70,2020,60000,8000,Lahore,70
United,US 70,2023,72000,8000,Lahore,70
Honda,CD 70,2022,120000,8000,Lahore,70
DYL,Dhoom YD-70,2023,95000,8000,Lahore,70
Super,Power SP 70,2022,80000,8000,Rawalpindi,70
United,US 70,2021,65000,8000,Lahore,70
Honda,CD 70,2023,130000,8000,Gujrat,70
Hi,Speed SR 70,2024,80000,8000,Karachi,70
Honda,CD 70,2024,150000,8000,Peshawar,70
Road,Prince 70 Passion Plus,2021,60000,8000,Faisalabad,70
Road,Prince 70 Passion Plus,2021,58000,8000,Burewala,70
Road,Prince 70 Passion Plus,2023,70000,8000,Sheikhupura,70
Honda,CD 70,2024,130000,8000,Islamabad,70
Super,Power SP 70,2022,60000,8100,Karachi,70
Unique,Xtreme UD 70,2022,62000,8110,Islamabad,70
Honda,CD 70,2017,85000,8174,Lahore,70
Honda,CD 70,2024,140000,8181,Swabi,70
Honda,CD 70,2023,139000,8189,Lahore,70
Road,Prince 70 Passion Plus,2025,90000,8197,Lahore,70
Honda,CD 70,2025,153000,8200,Khanewal,70
United,US 70,2019,55000,8200,Islamabad,70
Honda,CD 70,2023,132000,8200,Lahore,70
Honda,CD 70,2024,147000,8200,Peshawar,70
Honda,CD 70,2024,142000,8233,Faisalabad,70
Honda,CD 70,2024,143000,8233,Faisalabad,70
United,US 70,2021,75000,8250,Attock,70
Honda,CD 70,2019,83000,8250,Sukkur,70
Honda,CD 70 Dream,2024,165000,8283,Faisalabad,70
Unique,UD 70,2024,95000,8300,Karachi,70
Honda,CD 70,2023,140000,8328,Islamabad,70
Honda,CD 70,2022,122000,8328,Shorkot Cantt,70
Honda,CD 70,2022,125000,8328,Shorkot,70
Honda,CD 70,2024,150000,8377,Karachi,70
Road,Prince 70 Passion Plus,2022,65500,8420,Lahore,70
Unique,Xtreme UD 70,2024,89500,8429,Karachi,70
United,US 70,2024,83000,8459,Multan,70
Honda,CD 70,2024,150000,8500,Islamabad,70
Honda,CD 70,2024,151000,8500,Lahore,70
Honda,CD 70,2019,115000,8500,Peshawar,70
Honda,CD 70,2024,140000,8500,Lahore,70
Hi,Speed CDI SR- EURO-2,2020,80000,8500,Nowshera,70
United,US 70,2024,83000,8500,Lahore,70
Honda,CD 70,2022,130000,8500,Rawalpindi,70
Union,Star 70 Deluxe,2024,85000,8500,Rawalpindi,70
Super,Power SP 70,2023,80000,8500,Islamabad,70
Honda,CD 70,2024,139000,8500,Sargodha,70
Super,Star CD 70,2024,85000,8500,Karachi,70
Honda,CD 70,2023,114000,8500,Rahim Yar Khan,70
Honda,CD 70,2009,240000,8500,Multan,70
Hi,Speed CDI SR- EURO-2,2018,66000,8568,Karachi,70
Hi,Speed SR 70,2018,62000,8568,Karachi,70
Honda,CD 70,2018,75000,8580,Qila Deedar Singh,70
Honda,CD 70,2018,85000,8581,Faisalabad,70
ZXMCO,ZX 70 City Rider,2021,70000,8591,Abbottabad,70
Honda,CD 70,2022,125000,8600,Sarai alamgir,70
Honda,CD 70,2023,120000,8600,Karachi,70
United,US 70,2023,82000,8700,Kahuta,70
United,US 70,2023,82000,8700,Rawalpindi,70
Honda,CD 70,2021,110000,8700,Lahore,70
Super,Star CD 70,2024,95000,8700,Karachi,70
Honda,CD 70,2022,125000,8800,Okara,70
Honda,CD 70,2024,138000,8800,Lahore,70
United,US 70,2025,93000,8800,Islamabad,70
Honda,CD 70,2022,130000,8800,Islamabad,70
Crown,CR 70 HD Plus,2020,70000,8828,Rawalpindi,70
Honda,CD 70,2024,143000,8833,Faisalabad,70
Road,Prince 70 Passion Plus,2024,90000,8850,Lahore,70
Pak,Hero PH 70,2015,39000,8888,Karachi,70
Road,Prince Classic 70,2024,79000,8900,Lahore,70
Honda,CD 70,2023,135000,8900,Lahore,70
Super,Star CD 70,2024,85000,8900,Jauharabad,70
Hi,Speed SR 70,2018,65000,8900,Rawalpindi,70
Honda,CD 70,2024,145000,8930,Lahore,70
Super,Power SP 70,2022,50000,8980,Karachi,70
United,US 70,2022,78000,9000,Rawalpindi,70
Honda,CD 70,2007,50000,9000,Karachi,70
Honda,CD 70,2022,85000,9000,Islamabad,70
Super,Power SP 70,2022,60000,9000,Karachi,70
Honda,CD 70,2025,160000,9000,Islamabad,70
Super,Power SP 70,2021,59000,9000,Karachi,70
Super,Power SP 70,2022,45000,9000,Karachi,70
Hi,Speed CDI SR- EURO-2,2011,27000,9000,Islamabad,70
Honda,CD 70,2023,140000,9000,Karachi,70
Union,Star US,2025,110000,9000,Rawalpindi,70
United,US 70,2022,55000,9000,Sargodha,70
Honda,CD 70,2023,123000,9000,Faisalabad,70
Yamaha,Dhoom YD-70,2022,85000,9000,Kallar Saddiyian,70
Honda,CD 70,2022,120000,9000,Haripur,70
Honda,CD 70,2024,152000,9000,Lahore,70
Honda,CD 70,2023,136000,9000,Islamabad,70
Honda,CD 70,2023,125000,9000,Sialkot,70
Road,Prince 70 Passion Plus,2024,85000,9000,Lahore,70
Honda,CD 70,2024,150000,9000,Faisalabad,70
Honda,CD 70,2003,40000,9000,Karachi,70
Unique,Xtreme UD 70,2022,68000,9000,Karachi,70
Honda,CD 70,2024,135000,9000,Faisalabad,70
Honda,CD 70,2023,125000,9000,Sadiqabad,70
United,US 70,2020,75000,9000,Haripur,70
Hi,Speed CDI SR- EURO-2,2022,86000,9000,Haripur,70
Unique,Xtreme UD 70,2025,99999,9000,Karachi,70
Safari,SD 70,2019,45000,9000,Faisalabad,70
Honda,CD 70,2024,135000,9000,Lahore,70
Pak,Hero RF 70,2018,53000,9000,Karachi,70
Crown,CR 70 HD Plus,2021,72000,9000,Islamabad,70
Hi,Speed CDI SR- EURO-2,2016,75000,9000,Peshawar,70
Honda,CD 70 Dream,2024,160000,9000,Pind Dadan Khan,70
Honda,CD 70,2022,109000,9000,Lahore,70
United,US 70,2016,61000,9000,Faisalabad,70
Honda,CD 70,2020,90000,9000,Khanewal,70
Union,Star US,2022,68000,9000,Islamabad,70
Unique,Xtreme UD 70,2024,90000,9000,Karachi,70
Honda,CD 70,2025,151000,9000,Lahore,70
Honda,CD 70,2023,140000,9018,Sargodha,70
Super,Star CD 70,2021,65000,9065,Karachi,70
Hi,Speed CDI SR- EURO-2,2022,80000,9099,Haripur,70
Super,Star CD 70,2025,95000,9111,Talagang,70
Honda,CD 70,2024,145000,9200,Daska,70
Honda,CD 70,2022,135000,9280,Islamabad,70
Honda,CD 70,2024,140000,9300,Sahiwal,70
Super,Power SP 70,2024,120000,9305,Islamabad,70
Honda,CD 70,2024,150000,9320,Lahore,70
Union,Star US,2024,77500,9400,Rawalpindi,70
United,US 70,2020,80000,9425,Rawalpindi,70
Super,Power SP 70,2016,42000,9500,Karachi,70
Honda,CD 70 Dream,2024,158000,9500,Karachi,70
Yamaha,Dhoom YD-70,2023,86000,9500,Karachi,70
Honda,CD 70,2023,135000,9500,Wah cantt,70
Honda,CD 70,2020,100000,9500,Attock,70
Honda,CD 70,2024,145000,9500,Faisalabad,70
Honda,CD 70,2024,137000,9500,Faisalabad,70
Honda,CD 70,2024,147000,9600,Rawalpindi,70
Hi,Speed SR 70,2022,86000,9600,Rawalpindi,70
Honda,CD 70,2022,125000,9600,Lahore,70
Honda,CD 70 Dream,2022,130000,9600,Kasur,70
Honda,CD 70,2020,92000,9613,Hafizabad,70
Honda,CD 70,2024,130000,9635,Bahawalnagar,70
Honda,CD 70,2022,130000,9650,Peshawar,70
Honda,CD 70,2022,110000,9700,Faisalabad,70
Hi,Speed CDI SR- EURO-2,2020,70000,9790,Islamabad,70
Unique,Xtreme UD 70,2023,78000,9865,Karachi,70
Union,Star US,2013,55000,9898,Rawalpindi,70
Honda,CD 70,2025,155000,9900,Lahore,70
Honda,CD 70,2022,76000,9900,Mandi bahauddin,70
Honda,CD 70,2025,160000,9912,Lahore,70
Honda,CD 70,2023,135000,9950,Gujranwala,70
Honda,CD 70,2022,125000,9951,Peshawar,70
Honda,CD 70,2019,110000,9984,Multan,70
Crown,CR 70 HD Plus,2015,45000,9999,Rawalpindi,70
Honda,CD 70,1981,55000,9999,Karachi,70
Honda,CD 70,2002,65000,9999,Lahore,70
United,US 70,2016,40000,9999,Multan,70
Honda,CD 70,2005,44000,10000,Multan,70
Super,Power SP 70,2019,55000,10000,Karachi,70
Hi,Speed CDI SR- EURO-2,2022,340000,10000,Bahawalpur,70
United,US 70,2022,65000,10000,Rawalpindi,70
United,US 70,2020,54000,10000,Islamabad,70
Super,Power SP 70,2019,53000,10000,Karachi,70
Super,Power SP 70,2016,60000,10000,Karachi,70
United,US 70,2022,85000,10000,Peshawar,70
Super,Star CD 70,2016,46500,10000,Karachi,70
Union,Star US,2021,65000,10000,Karachi,70
United,US 70,2019,42500,10000,Islamabad,70
Pak,Hero RF 70,2010,31000,10000,Islamabad,70
Unique,Xtreme UD 70,2010,45000,10000,Karachi,70
Super,Power SP 70,2019,50000,10000,Karachi,70
United,US 70,2018,55000,10000,Karachi,70
Unique,Xtreme UD 70,2013,34000,10000,Karachi,70
Road,Prince 70 Passion Plus,2017,35000,10000,Multan,70
Union,Star US,2024,96000,10000,Rawalpindi,70
Super,Star CD 70,2017,43000,10000,Sargodha,70
United,US 70,2017,41000,10000,Lahore,70
United,US 70,2019,55000,10000,Multan,70
Honda,CD 70,2021,65000,10000,Karachi,70
Honda,CD 70,1992,33000,10000,Karachi,70
United,US 70,2021,80000,10000,Wah cantt,70
Super,Power SP 70,2023,72000,10000,Sargodha,70
Pak,Hero RF 70,2014,42000,10000,Islamabad,70
Chinese,Bikes 70,2014,45000,10000,Islamabad,70
Hi,Speed CDI SR- EURO-2,2018,38000,10000,Karachi,70
Honda,CD 70,2018,60000,10000,Rawalpindi,70
Honda,CD 70,2018,88000,10000,Sargodha,70
Hi,Speed CDI SR- EURO-2,2021,16500,10000,Rawalpindi,70
Honda,CD 70,2021,90000,10000,Karachi,70
Honda,CD 70,2022,102000,10000,Haroonabad,70
Pak,Hero PH 70,2011,38000,10000,Rawalpindi,70
Honda,CD 70,2022,115000,10000,Swabi,70
Crown,CRLF 70,2019,21000,10000,Sadiqabad,70
Pak,Hero RF 70,2013,35000,10000,Peshawar,70
Hi,Speed CDI SR- EURO-2,2019,60000,10000,Rawalpindi,70
Unique,Xtreme UD 70,2017,47000,10000,Tando adam,70
Union,Star US,2021,68000,10000,Karachi,70
Yamaha,Dhoom YD-70,2018,60000,10000,Rawalpindi,70
Honda,CD 70,2022,106000,10000,Karachi,70
Super,Power SP 70,2021,63000,10000,Karachi,70
Honda,CD 70,2024,150000,10000,Faisalabad,70
Pak,Hero PH 70,2012,35000,10000,Lahore,70
United,US 70,2024,88000,10000,Rawalpindi,70
Honda,CD 70,2015,75000,10000,Lahore,70
Honda,CD 70,2017,90000,10000,Lahore,70
Honda,CD 70,2017,80000,10000,Lahore,70
Super,Star CD 70,2018,45000,10000,Sargodha,70
Hi,Speed CDI SR- EURO-2,2010,42000,10000,Rawalpindi,70
Honda,CD 70,2024,155000,10000,Bhakkar,70
Super,Power SP 70,2017,50000,10000,Karachi,70
United,US 70,2022,64000,10000,Peshawar,70
Unique,Xtreme UD 70,2019,65000,10000,Karachi,70
Crown,CR 70 Self Start,2018,43000,10000,Karachi,70
Honda,CD 70,2016,70000,10000,Faisalabad,70
Express,E-70,2021,75000,10000,Hyderabad,70
Pak,Hero RF 70,2014,36000,10000,Rawalpindi,70
Union,Star US,2017,42000,10000,Karachi,70
Unique,UD 70,2014,55000,10000,Karachi,70
United,US 70,2014,40000,10000,Rawalpindi,70
Honda,CD 70,2007,55000,10000,Layyah,70
Honda,CD 70,2019,86000,10000,Faisalabad,70
Honda,CD 70,2009,48000,10000,Faisalabad,70
Honda,CD 70,2014,78000,10000,Haripur,70
Honda,CD 70,2023,130000,10000,Multan,70
Eagle,ES 70,2014,40000,10000,Islamabad,70
Honda,CD 70,2022,140000,10000,Rawalpindi,70
Unique,Xtreme UD 70,2022,95000,10000,Karachi,70
Honda,CD 70,2020,75000,10000,Hyderabad,70
Honda,CD 70,2021,110000,10000,Karachi,70
Road,Prince RP 70 Scooty,2024,65000,10000,Faisalabad,0
Honda,CD 70,2017,73000,10000,Bahawalnagar,70
Honda,CD 70,2010,45500,10000,Rawalpindi,70
Honda,CD 70,2024,140000,10000,Sargodha,70
Unique,Xtreme UD 70,2018,80000,10000,Karachi,70
Honda,CD 70,2023,140000,10000,Sialkot,70
United,US 70,2021,75000,10000,Rawalpindi,70
Honda,CD 70,2024,135000,10000,Lahore,70
Honda,CD 70,2018,90000,10000,Sargodha,70
Union,Star US,2023,75000,10000,Karachi,70
Union,Star US,2018,55000,10000,Islamabad,70
Super,Star CD 70,2008,24000,10000,Karachi,70
Super,Power SP 70,2018,40000,10000,Karachi,70
Super,Power SP 70,2016,57000,10000,Islamabad,70
Honda,CD 70,2010,45000,10000,Rawalpindi,70
Unique,Xtreme UD 70,2013,26500,10000,Lahore,70
Yamaha,Dhoom YD-70,2016,40000,10000,Karachi,70
Honda,CD 70,2022,130000,10000,Toba Tek Singh,70
Honda,CD 70,2020,105000,10000,Attock,70
Super,Power SP 70,2021,70000,10000,Karachi,70
Honda,CD 70,2025,150000,10000,Bahawalpur,70
Honda,CD 70,2018,87000,10000,Okara,70
Pak,Hero PH 70,2014,38500,10000,Mandi bahauddin,70
Honda,CD 70,2005,43000,10000,Chakwal,70
Honda,CD 70,2021,48000,10000,Lahore,70
Unique,Xtreme UD 70,2020,44000,10000,Karachi,70
Road,Prince 70 Passion Plus,2022,65000,10000,Lahore,70
Super,Star CD 70,2023,80000,10000,Karachi,70
Road,Prince 70 Passion Plus,2021,45000,10000,Lahore,70
Road,Prince 70 Passion Plus,2019,58000,10000,Lahore,70
Bionic,,2021,76000,10000,Haripur,70
Honda,CD 70,2001,35000,10000,Karachi,70
Honda,CD 70,2024,138000,10000,Sahiwal,70
Honda,CD 70,2013,50000,10000,Gujranwala,70
United,US 70,2023,79000,10000,Rawalpindi,70
Honda,CD 70,2018,90000,10000,Lahore,70
Honda,CD 70,2011,58000,10000,Rawalakot,70
United,US 70,2015,49000,10000,Karachi,70
United,US 70,2021,55000,10000,Karachi,70
Super,Star CD 70,2017,41000,10000,Karachi,70
Honda,CD 70,2017,85000,10000,Rawalpindi,70
Super,Star CD 70,2017,45000,10000,Karachi,70
Honda,CD 70,2017,99000,10000,Abbottabad,70
Honda,CD 70,2024,143000,10000,Karachi,70
Treet,EURO II TR 70,2016,46000,10000,Lahore,70
Honda,CD 70,2009,35000,10000,Lahore,70
United,US 70,2021,55000,10000,Islamabad,70
Unique,UD 70,2011,35000,10000,Karachi,70
Honda,CD 70,2019,90000,10000,Sheikhupura,70
Honda,CD 70,2023,120000,10000,Multan,70
Road,Prince 70 Passion Plus,2021,55000,10000,Lahore,70
Honda,CD 70,2024,145000,10000,Toba Tek Singh,70
Road,Prince 70 Passion Plus,2011,20000,10000,Lahore,70
Honda,CD 70,2013,70000,10000,Rawalpindi,70
United,US 70,2023,78000,10000,Karachi,70
Super,Power SP 70,2018,46000,10000,Karachi,70
Road,Prince 70 Passion Plus,2015,35000,10000,Rawalpindi,70
Unique,Xtreme UD 70,2021,66000,10000,Hyderabad,70
Union,Star US,2021,62500,10000,Islamabad,70
Honda,CD 70,2022,110000,10000,Lahore,70
Honda,CD 70,2017,92000,10000,Rawalpindi,70
United,US 70,2022,56000,10000,Sargodha,70
United,US 70,2017,49000,10000,Murree,70
Super,Power SP 70,2023,80000,10000,Karachi,70
Hi,Speed CDI SR- EURO-2,2018,55000,10000,Karachi,70
Road,Prince 70 Passion Plus,2012,50000,10000,Jhang,70
Metro,MR 70,2013,31000,10000,Lahore,70
Unique,Xtreme UD 70,2025,100000,10000,Karachi,70
Super,Star CD 70,2018,45000,10000,Karachi,70
Honda,CD 70,2019,55000,10000,Karachi,70
United,US 70,2019,45000,10000,Peshawar,70
Unique,Xtreme UD 70,2022,73000,10000,Karachi,70
Honda,CD 70,2022,110000,10000,Kalaswala,70
Honda,CD 70,2021,95000,10000,Kamoke,70
Road,Prince 70 Passion Plus,2017,30000,10000,Multan,70
Honda,CD 70,2014,65000,10000,Burewala,70
Road,Prince 70 Passion Plus,2017,31500,10000,Sialkot,70
Honda,CD 70,2024,135000,10000,Faisalabad,70
Hi,Speed CDI SR- EURO-2,2025,105000,10000,Rawalpindi,70
Honda,CD 70,2017,63000,10000,Mandi bahauddin,70
Honda,CD 70,2017,100000,10000,Abbottabad,70
Super,Power SP 70,2016,45000,10000,Karachi,70
Pak,Hero RF 70,2011,38000,10000,Attock,70
ZXMCO,ZX 70 City Rider,2023,80000,10000,Islamabad,70
Honda,CD 70,2012,72000,10000,Gujranwala,70
Road,Prince 70 Passion Plus,2021,60000,10000,Lahore,70
Honda,CD 70,2009,45000,10000,Karachi,70
Honda,CD 70,2020,95000,10000,Charsadda,70
Union,Star US,2024,90000,10000,Rawalpindi,70
United,US 70,2018,65000,10000,Faisalabad,70
Crown,CRLF 70,2013,45000,10000,Rawalpindi,70
Honda,CD 70,2021,120000,10000,Chakwal,70
Crown,RF 70,2014,32000,10000,Taxila,70
Road,Prince 70 Passion Plus,2013,28000,10000,Sheikhupura,70
Union,Star US,2018,250000,10000,Peshawar,70
Honda,CD 70,2010,55000,10000,Gujranwala,70
Union,Star US,2024,90000,10000,Karachi,70
Unique,Xtreme UD 70,2020,52000,10000,Karachi,70
Pak,Hero PH 70,2012,50000,10000,Islamabad,70
Pak,Hero RF 70,2004,40000,10000,Multan,70
Road,King RK-70 Hybrid,2022,84000,10000,Bahawalnagar,70
Honda,CD 70,2006,60000,10000,Islamabad,70
Hi,Speed CDI SR- EURO-2,2021,65000,10000,Karachi,70
Crown,CRLF 70,2018,40000,10000,Sadiqabad,70
Honda,CD 70,1998,40000,10000,Multan,70
Metro,MR 70,2023,68000,10000,Lahore,70
United,US 70,2014,105000,10000,Depal pur,70
Honda,CD 70,2007,60000,10000,Lahore,70
Super,Star CD 70,2015,35000,10000,Karachi,70
Honda,CD 70,2024,133000,10000,Jalalpur Jattan,70
Honda,CD 70,2012,65000,10000,Haripur,70
Chinese,Bikes 70,2020,49000,10000,Karachi,70
Honda,CD 70,2001,40000,10000,Multan,70
Super,Power SP 70,2015,60000,10000,Karachi,70
Honda,CD 70,2014,45000,10000,Lahore,70
Honda,CD 70,2021,108000,10000,Jhang,70
Honda,CD 70,2013,52000,10000,Sheikhupura,70
Honda,CD 70,2024,145000,10000,Multan,70
Road,Prince 70 Passion Plus,2018,45000,10000,Quetta,70
Super,Power SP 70,2019,65000,10000,Karachi,70
United,US 70,2019,75000,10000,Multan,70
Super,Star CD 70,2013,45000,10000,Karachi,70
Honda,CD 70,1982,95000,10000,Karachi,70
Super,Star CD 70,2023,85000,10000,Karachi,70
Honda,CD 70,2017,95000,10000,Wah cantt,70
Unique,Xtreme UD 70,2007,50000,10000,Karachi,70
Super,Power SP 70,2012,58000,10000,Abdul Hakeem,70
Super,Power SP 70,2021,58000,10000,Karachi,70
Honda,CD 70,2025,152000,10000,Faisalabad,70
Hi,Speed CDI SR- EURO-2,2021,52000,10000,Hyderabad,70
Crown,RF 70,2016,45000,10000,Islamabad,70
Metro,MR 70,2017,35000,10000,Gujranwala,70
Union,Star US,2016,50000,10000,Rawalpindi,70
Unique,UD 70,2025,65000,10000,Karachi,70
Chinese,Bikes 70,2013,35000,10000,Multan,70
Honda,CD 70,2017,88000,10000,Faisalabad,70
Crown,RF 70,2014,48000,10000,Karachi,70
Super,Power SP 70,2014,50000,10000,Karachi,70
United,US 70,2022,63500,10000,Multan,70
Unique,Xtreme UD 70,2021,70000,10000,Mansehra,70
Honda,CD 70,2022,130000,10000,Attock,70
Super,Power SP 70,2023,63000,10000,Karachi,70
Super,Star CD 70,2015,41000,10000,Karachi,70
Unique,Xtreme UD 70,2025,120000,10000,Karachi,70
Union,Star US,2022,69000,10000,Abbottabad,70
Super,Power SP 70,2022,55000,10000,Karachi,70
Honda,CD 70,2013,55000,10000,Lahore,70
Super,Power SP 70,2018,53000,10000,Karachi,70
Super,Asia SA 70,2011,35000,10000,Faisalabad,70
Honda,CD 70,2022,115000,10000,Abbottabad,70
Union,Star US,2017,52000,10000,Rawalpindi,70
Road,Prince 70 Passion Plus,2023,80000,10000,Lahore,70
Honda,CD 70,2019,116000,10000,Rawalpindi,70
Honda,CD 70 Dream,2024,135000,10000,Larkana,70
ZXMCO,ZX 70 City Rider,2022,45000,10000,Rawalakot,70
Honda,CD 70,2018,105000,10000,Rawalpindi,70
Honda,CD 70,2018,75000,10000,Karachi,70
Honda,CD 70,2012,56000,10000,Lahore,70
Crown,CR 70 HD Plus,2019,65000,10000,Muzaffarabad,70
Hi,Speed CDI SR- EURO-2,2017,55000,10000,Islamabad,70
Road,Prince 70 Passion Plus,2012,42000,10000,Islamabad,70
Super,Star CD 70,2015,56000,10000,Karachi,70
ZXMCO,ZX 70 City Rider,2022,57000,10000,Rawalpindi,70
Unique,UD 70,2011,83000,10000,Karachi,70
Honda,CD 70,2019,85000,10000,Multan,70
Hi,Speed CDI SR- EURO-2,2023,90000,10000,Rawalpindi,70
Honda,CD 70,2012,70000,10000,Lahore,70
Honda,CD 70,2011,57000,10000,Gujranwala,70
Super,Star CD 70,2017,42000,10000,Karachi,70
Honda,CD 70,2023,85000,10000,Peshawar,70
Crown,RF 70,2016,40000,10000,Faisalabad,70
Super,Asia SA 70,2021,62000,10000,Karachi,70
United,US 70,2022,75000,10000,Peshawar,70
Honda,CD 70,2018,90000,10000,Bhakkar,70
United,US 70,1921,70000,10000,Islamabad,70
Super,Power SP 70,2021,67000,10000,Karachi,70
Unique,Xtreme UD 70,2021,65000,10000,Karachi,70
Honda,CD 70,2010,85000,10000,Lahore,70
Super,Power SP 70,2017,42000,10000,Karachi,70
Honda,CD 70,2021,92000,10000,Chawinda,70
Hi,Speed CDI SR- EURO-2,2010,42000,10000,Hyderabad,70
Habib,HB 70,2012,38000,10000,Rawalpindi,70
United,US 70,2025,100000,10000,Attock,70
Honda,CD 70,2021,127000,10000,Taxila,70
Super,Asia SA 70,2021,65000,10000,Karachi,70
Union,Star US,2017,52000,10000,Attock,70
Unique,UD 70,2021,65000,10000,Karachi,70
Honda,CD 70,2024,146000,10000,Karachi,70
Hi,Speed CDI SR- EURO-2,2013,40000,10000,Islamabad,70
Honda,CD 70,2022,115000,10000,Lahore,70
Union,Star US,2021,60000,10000,Karachi,70
Super,Star CD 70,2021,50000,10000,Karachi,70
Road,Prince 70 Passion Plus,2021,55000,10000,Rawalpindi,70
Hi,Speed CDI SR- EURO-2,2017,95000,10000,Islamabad,70
Super,Star CD 70,2022,90000,10000,Rawalpindi,70
Super,Power SP 70,2008,32500,10000,Karachi,70
Road,Prince 70 Passion Plus,2016,62000,10000,Rawalpindi,70
Honda,CD 70,2015,75000,10000,Gojra,70
Honda,CD 70,2020,93000,10000,Chichawatni,70
Honda,CD 70,1999,45000,10000,Wah cantt,70
Unique,Xtreme UD 70,2025,125000,10000,Balakot,70
Unique,Xtreme UD 70,2023,80000,10000,Karachi,70
Honda,CD 70,2016,85000,10000,Rawalpindi,70
Super,Power SP 70,2020,60000,10000,Karachi,70
Honda,CD 70,2025,160000,10000,Karachi,70
Road,Prince 70 Passion Plus,2014,60500,10000,Lahore,70
United,US 70,2022,77000,10000,Islamabad,70
Honda,CD 70,2024,90000,10000,Karachi,70
Super,Power SP 70,2017,55000,10000,Karachi,70
Super,Power SP 70,2021,60000,10000,Karachi,70
Honda,CD 70,2014,50000,10000,Gilgit,70
Pak,Hero PH 70,2009,35000,10000,Islamabad,70
United,US 70,2018,47000,10000,Lahore,70
United,US 70,2023,74999,10000,Lahore,70
Honda,CD 70,2018,66500,10000,Sialkot,70
Super,Power SP 70,2021,68000,10000,Karachi,70
Honda,CD 70,2017,31500,10000,Faisalabad,70
Honda,CD 70,2024,148000,10000,Gujrat,70
Union,Star US,2017,45000,10000,Rawalpindi,70
Honda,CD 70,2022,147000,10000,Rawalpindi,70
Honda,CD 70,2018,135000,10000,Lahore,70
Super,Star CD 70,2021,65000,10000,Karachi,70
Honda,CD 70 Dream,2017,86000,10000,Rawalpindi,70
United,US 70,2018,47000,10000,Rawalpindi,70
Hero,RF 70,2015,45000,10000,Rawalpindi,70
Honda,CD 70,2022,75000,10000,Karachi,70
ZXMCO,ZX 70 City Rider,2020,60000,10000,Peshawar,70
Toyo,,2010,25000,10000,Sheikhupura,70
Honda,CD 70,2021,120000,10000,Lahore,70
United,US 70,2018,48500,10000,Abbottabad,70
Super,Power SP 70,2021,65000,10000,Islamabad,70
Union,Star US,2018,65000,10000,Karachi,70
United,US 70,2021,55000,10000,Lahore,70
Super,Power SP 70,2021,48000,10000,Karachi,70
Super,Star CD 70,2022,60000,10000,Karachi,70
Super,Star CD 70,2016,48000,10000,Karachi,70
Road,Prince 70 Passion Plus,2016,38500,10000,Lahore,70
Honda,CD 70,2025,150000,10000,Multan,70
Unique,Xtreme UD 70,2019,50000,10000,Karachi,70
Honda,CD 70,2022,120000,10000,Lahore,70
Unique,Xtreme UD 70,2021,69000,10000,Karachi,70
Super,Asia SA 70,2011,42000,10000,Attock,70
Honda,CD 70,2023,114000,10000,Gujranwala,70
United,US 70,2021,110000,10000,Islamabad,70
Honda,CD 70,2017,85000,10000,Bahawalpur,70
Honda,CD 70,2024,132000,10000,Faisalabad,70
Honda,CD 70,2021,105000,10000,Lahore,70
United,US 70,2023,60000,10000,Rawalpindi,70
Union,Star US,2019,66000,10000,Islamabad,70
United,US 70,2021,60000,10000,Rawalpindi,70
United,US 70,2022,55000,10000,Gujrat,70
Metro,MR 70,2021,35000,10000,Lahore,70
Super,Power SP 70,2011,34000,10000,Gujrat,70
Super,Star CD 70,2018,62000,10000,Karachi,70
United,US 70,2020,62000,10000,Islamabad,70
Sohrab,JS 70,2001,35500,10000,Karachi,70
Unique,UD 70,2024,100000,10000,Karachi,70
Road,Prince 70 Passion Plus,2017,45000,10000,Karachi,70
Union,Star US,2024,80000,10000,Rawalpindi,70
Honda,CD 70,2018,85000,10000,Karachi,70
Honda,CD 70,2020,60000,10000,Haripur,70
United,US 70,2020,60000,10000,Rawalpindi,70
Union,Star US,2019,58000,10000,Karachi,70
Honda,CD 70 Dream,2021,122000,10000,Faisalabad,70
Metro,MR 70,2018,59000,10000,Faisalabad,70
Union,Star US,2023,95000,10000,Rawalpindi,70
ZXMCO,ZX 70 City Rider,2020,60000,10000,Haripur,70
DYL,Dhoom YD-70,2017,50000,10000,Lahore,70
Sohrab,SD 70,2008,29000,10000,Lahore,70
Honda,CD 70,2006,38000,10000,Faqirwali,70
Super,Power SP 70,2017,45000,10000,Karachi,70
Honda,CD 70,2014,35000,10000,Karachi,70
Road,Prince 70 Passion Plus,2019,65000,10000,Faisalabad,70
Road,Prince 70 Passion Plus,2018,50000,10000,Faisalabad,70
Union,Star 70 Deluxe,2023,70000,10000,Karachi,70
Super,Power SP 70,2021,53500,10000,Karachi,70
Honda,CD 70,2021,103000,10000,Hazro,70
Honda,CD 70,2020,85000,10000,Karachi,70
Unique,Xtreme UD 70,2021,67000,10000,Karachi,70
Hi,Speed CDI SR- EURO-2,2020,58000,10000,Rawalpindi,70
Super,Asia SA 70,2017,40000,10000,Lahore,70
United,US 70,2021,43800,10000,Okara,70
Chinese,Bikes 70,2009,35000,10000,Mandi bahauddin,70
Unique,Xtreme UD 70,2014,40000,10000,Karachi,70
Hi,Speed CDI SR- EURO-2,2021,60000,10000,Rawalpindi,70
Hi,Speed CDI SR- EURO-2,2011,41000,10000,Sargodha,70
Union,Star US,2016,40000,10000,Rawalpindi,70
United,US 70,2016,55000,10000,Peshawar,70
United,US 70,2020,53000,10000,Rawalpindi,70
Honda,CD 70,2012,69000,10000,Karachi,70
Super,Star CD 70,2017,45500,10000,Karachi,70
Hi,Speed CDI SR- EURO-2,2020,53000,10000,Rawalpindi,70
Honda,CD 70,2005,42000,10000,Gujranwala,70
Ravi,Humsafar 70,2021,60000,10000,Kohat,70
Metro,MR 70,2023,60000,10000,Rawalpindi,70
Honda,CD 70,2011,50000,10000,Lahore,70
Super,Power SP 70,2021,57000,10000,Quetta,70
Super,Power SP 70,2021,61000,10000,Karachi,70
Honda,CD 70,2015,65000,10000,Karachi,70
Honda,CD 70,2024,131000,10000,Faisalabad,70
Super,Power SP 70,2022,65000,10000,Karachi,70
Honda,CD 70,2017,75000,10000,Karachi,70
Honda,CD 70,2018,75000,10000,Sialkot,70
Road,Prince 70 Passion Plus,2022,70000,10000,Lahore,70
Union,Star US,2022,80000,10000,Islamabad,70
Honda,CD 70,2019,99000,10000,Multan,70
Honda,CD 70,2024,148000,10000,Arifwala,70
Super,Power SP 70,2012,33000,10000,Karachi,70
Honda,CD 70,2022,135000,10000,Abbottabad,70
Honda,CD 70,2024,145000,10000,Islamabad,70
Honda,CD 70,2017,55000,10000,Hyderabad,70
Super,Asia SA 70,2011,33000,10000,Islamabad,70
United,US 70,2019,50000,10000,Swabi,70
United,US 70,2013,30000,10000,Peshawar,70
Hero,RF 70,2008,75000,10000,Rawalpindi,70
United,US 70,2017,50000,10000,Sahiwal,70
United,US 70,2022,70000,10000,Bahawalnagar,70
Crown,CRLF 70,2012,35000,10000,Karachi,70
Super,Star CD 70,2015,35000,10000,Faisalabad,70
United,US 70,2021,65000,10000,Islamabad,70
Honda,CD 70,2021,110000,10000,Faisalabad,70
Road,Prince 70 Passion Plus,2024,85000,10000,Lahore,70
Union,Star US,2013,50000,10000,Rawalpindi,70
United,US 70,2017,49000,10000,Arifwala,70
Honda,CD 70,1982,50000,10000,Karachi,70
Super,Star CD 70,2007,55000,10000,Karachi,70
United,US 70,2012,47000,10000,Rawalpindi,70
Honda,CD 70,2017,85000,10000,Nowshera,70
Unique,UD 70,2022,78000,10000,Karachi,70
United,US 70,2021,52000,10000,Rawalpindi,70
Super,Power SP 70,2016,50000,10000,Karachi,70
Super,Star CD 70,2020,53000,10000,Karachi,70
Honda,CD 70,2022,110000,10000,Hyderabad,70
Honda,CD 70,2024,140000,10000,Lahore,70
Super,Star CD 70,2013,32000,10000,Karachi,70
Honda,CD 70,2017,82000,10000,Rawalpindi,70
Honda,CD 70,2016,82000,10000,Okara,70
Honda,CD 70,2015,75000,10000,Faisalabad,70
Chinese,Bikes 70,2025,110000,10000,Multan,70
Super,Star CD 70,2025,104000,10000,Karachi,70
Road,Prince 70 Passion Plus,2014,39500,10000,Mansehra,70
United,US 70,2017,43500,10000,Lahore,70
United,US 70,2020,52000,10000,Multan,70
Union,Star US,2024,90000,10000,Hassan abdal,70
Hi,Speed CDI SR- EURO-2,2017,50000,10000,Lahore,70
Super,Power SP 70,2012,20000,10000,Lahore,70
ZXMCO,ZX 70 City Rider,2021,82000,10000,Peshawar,70
Super,Star CD 70,2005,22000,10000,Karachi,70
Hero,RF 70,2004,55000,10000,Karachi,70
United,US 70,2025,95000,10000,Risalpur,70
Honda,CD 70,2024,150000,10000,Rawalpindi,70
Super,Power SP 70,2019,48000,10000,Rawalpindi,70
Metro,MR 70,2022,68000,10000,Lahore,70
Honda,CD 70,2022,105000,10000,Sadiqabad,70
Honda,CD 70,2016,80000,10000,Karachi,70
Crown,CR 70 Jazba,2022,70000,10000,Abbottabad,70
Unique,Xtreme UD 70,2018,60000,10000,Karachi,70
Road,Prince 70 Passion Plus,2019,48000,10000,Faisalabad,70
Road,Prince 70 Passion Plus,2016,45000,10000,Lahore,70
Hi,Speed CDI SR- EURO-2,2016,45000,10000,Islamabad,70
United,US 70,2020,75000,10000,Gujar Khan,70
Road,Prince 70 Passion Plus,2022,60000,10000,Islamabad,70
Metro,MR 70,2022,65000,10000,Islamabad,70
Safari,SD 70,2019,36000,10000,Karachi,70
Honda,CD 70,2016,85000,10000,Karachi,70
United,US 70,2018,20000,10000,Lahore,70
United,US 70,2000,45000,10000,Karachi,70
Honda,CD 70,2023,120000,10000,Haroonabad,70
Super,Power SP 70,2015,48000,10000,Karachi,70
Pak,Hero RF 70,2010,38000,10000,Rawalpindi,70
Unique,UD 70,2010,60000,10000,Karachi,70
Road,Prince 70 Passion Plus,2022,50000,10000,Islamabad,70
Honda,CD 70,2023,125000,10000,Lahore,70
Honda,CD 70,2009,80000,10000,Swabi,70
United,US 70,2021,75000,10000,Islamabad,70
Honda,CD 70,2019,85000,10000,Sialkot,70
United,US 70,2017,50000,10000,Swabi,70
Honda,CD 70,2017,80000,10000,Islamabad,70
Honda,CD 70,2010,65000,10000,Multan,70
Honda,CD 70,2022,118000,10000,Karachi,70
Hi,Speed CDI SR- EURO-2,2023,70000,10000,Islamabad,70
Super,Asia SA 70,2014,32000,10000,Rawalpindi,70
Road,Prince 70 Passion Plus,2023,70000,10000,Islamabad,70
ZXMCO,ZX 70 City Rider,2022,66000,10000,Peshawar,70
Honda,CD 70,2021,95000,10000,Karachi,70
Honda,CD 70,1985,55000,10000,Karachi,70
United,US 70,2021,70000,10000,Rawalpindi,70
Hi,Speed CDI SR- EURO-2,2011,42000,10000,Karachi,70
Unique,UD 70,2017,50000,10000,Karachi,70
Union,Star US,2016,75000,10000,Rawalpindi,70
Honda,CD 70,2003,26000,10000,Karachi,70
Super,Star CD 70,2014,40000,10000,Karachi,70
Honda,CD 70,2022,122000,10000,Karachi,70
Honda,CD 70,2022,105000,10000,Lahore,70
Hi,Speed CDI SR- EURO-2,2024,69000,10000,Faisalabad,70
Honda,CD 70,2012,40000,10000,Karachi,70
Road,Prince 70 Passion Plus,2019,42000,10000,Lahore,70
Honda,CD 70,2010,63500,10000,Karachi,70
Road,Prince 70 Passion Plus,2020,75000,10000,Lahore,70
Road,Prince 70 Passion Plus,2021,85000,10000,Lahore,70
Honda,CD 70,2021,98000,10000,Karachi,70
Pak,Hero PH 70,2007,40000,10000,Okara,70
Super,Power SP 70,2009,40000,10000,Karachi,70
Super,Power SP 70,2016,35000,10000,Karachi,70
Metro,MR 70,2022,65000,10000,Gujrat,70
United,US 70,2014,35000,10000,Gujranwala,70
Unique,Xtreme UD 70,2013,35000,10000,Karachi,70
United,US 70,2015,47000,10000,Peshawar,70
Super,Star CD 70,2019,68000,10000,Bhalwal,70
Honda,CD 70,2023,128000,10000,Chishtian,70
Union,Star US,2022,95000,10000,Islamabad,70
Unique,UD 70,2006,32000,10000,Karachi,70
United,US 70,2020,105000,10000,Karachi,70
Super,Star CD 70,2020,72000,10000,Karachi,70
Honda,CD 70,2012,75000,10000,Lahore,70
Unique,UD 70,2020,55000,10000,Karachi,70
Honda,CD 70,2021,110000,10000,Lahore,70
Honda,CD 70,1992,35000,10000,Karachi,70
Super,Power SP 70,2017,60000,10000,Karachi,70
Honda,CD 70,2017,85000,10000,Lahore,70
Super,Power SP 70,2020,48500,10000,Karachi,70
Super,Power SP 70,2014,45000,10000,Karachi,70
Unique,UD 70,2013,36000,10000,Karachi,70
Union,Star US,2020,60000,10000,Islamabad,70
Super,Star CD 70,2020,55000,10000,Karachi,70
Honda,CD 70,2009,50000,10000,Karachi,70
United,US 70,2019,63000,10000,Peshawar,70
Honda,CD 70 Dream,2018,80000,10000,Lahore,70
Honda,CD 70,2021,105000,10000,Faisalabad,70
Honda,CD 70,2008,40000,10000,Chakwal,70
Hi,Speed CDI SR- EURO-2,2021,72500,10000,Karachi,70
Pak,Hero PH 70,2015,57000,10000,Lahore,70
Metro,MR 70,2008,40000,10000,Chakwal,70
Pak,Hero PH 70,2004,55000,10000,Karachi,70
Honda,CD 70,2019,105000,10000,Karachi,70
United,US 70,2020,48000,10000,Karachi,70
Union,Star US,2023,85000,10000,Karachi,70
Crown,CRLF 70,2017,35000,10000,Lahore,70
Honda,CD 70,2007,47000,10000,Lahore,70
United,US 70,2017,50000,10000,Rawalpindi,70
Super,Power SP 70,2024,90000,10000,Karachi,70
United,US 70,2022,60000,10000,Islamabad,70
Honda,CD 70,2017,95000,10000,Attock,70
United,US 70,2013,45000,10000,Islamabad,70
Super,Power SP 70,2020,64000,10000,Karachi,70
Road,Prince 70 Passion Plus,2019,42000,10000,Faisalabad,70
Honda,CD 70,2017,65000,10000,Lahore,70
Honda,CD 70,2025,149000,10000,Gujranwala,70
Road,Prince 70 Passion Plus,2022,50000,10000,Lahore,70
Honda,CD 70,2008,48000,10000,Karachi,70
Hi,Speed CDI SR- EURO-2,2012,37000,10000,Rawalpindi,70
Honda,CD 70,2008,60000,10000,Karachi,70
Super,Star CD 70,2018,48000,10000,Karachi,70
Honda,CD 70,2013,70000,10000,Jhelum,70
Honda,CD 70,2023,75000,10000,Multan,70
Hi,Speed CDI SR- EURO-2,2017,55000,10000,Karachi,70
Super,Power SP 70,2021,63000,10000,Malakand Agency,70
United,US 70,2019,42000,10000,Islamabad,70
Hi,Speed CDI SR- EURO-2,2022,73000,10000,Rawalpindi,70
Super,Star CD 70,2023,68000,10000,Karachi,70
Unique,Xtreme UD 70,2019,55000,10000,Karachi,70
Hi,Speed CDI SR- EURO-2,2016,61999,10000,Karachi,70
Pak,Hero RF 70,2010,43000,10000,Rawalpindi,70
Super,Power SP 70,2018,50000,10000,Karachi,70
Honda,CD 70,2001,62000,10000,Islamabad,70
Honda,CD 70,2010,70000,10000,Nankana sahib,70
Super,Power SP 70,2012,35000,10000,Karachi,70
Super,Power SP 70,2011,25000,10000,Khanewal,70
Toyo,,2008,41500,10000,Rawalpindi,70
United,US 70,2019,75000,10000,Khanewal,70
Honda,CD 70,2023,134000,10000,Islamabad,70
Road,Prince 70 Passion Plus,2017,30000,10000,Lahore,70
Super,Power SP 70,2008,60000,10000,Karachi,70
Super,Power SP 70,2016,47000,10000,Sahiwal,70
Union,Star US,2023,66000,10000,Islamabad,70
Bionic,,2018,52000,10000,Karachi,70
Honda,CD 70,2017,55000,10000,Karachi,70
Honda,CD 70,2019,78000,10000,Lahore,70
United,US 70,2020,49000,10000,Faisalabad,70
Super,Power SP 70,2018,45000,10000,Karachi,70
United,US 70,2017,32000,10000,Lahore,70
Super,Power SP 70,2013,60000,10000,Karachi,70
Road,Prince 70 Passion Plus,2022,75000,10000,Rawalpindi,70
Unique,Xtreme UD 70,2010,38000,10000,Hyderabad,70
Union,Star US,2022,67000,10000,Karachi,70
Honda,CD 70,2023,132000,10000,Lala musa,70
Super,Star CD 70,2023,70000,10000,Islamabad,70
Hi,Speed CDI SR- EURO-2,2021,55000,10000,Karachi,70
United,US 70,2020,60000,10000,Multan,70
Hi,Speed SR 70,2022,70000,10000,Kotri,70
United,US 70,2018,65000,10000,Sargodha,70
Crown,CRLF 70,2016,36500,10000,Lahore,70
ZXMCO,ZX 70 City Rider,2020,65000,10000,Mardan,70
Honda,CD 70,2013,73000,10000,Lahore,70
Honda,CD 70,2001,55000,10000,Karachi,70
Union,Star US,2021,68000,10000,Islamabad,70
Honda,CD 70,2023,135000,10000,Pir mahal,70
Honda,CD 70,2024,135000,10000,Rahim Yar Khan,70
Ravi,Humsafar 70,2023,60000,10000,Rawalpindi,70
Honda,CD 70,2017,82000,10000,Faisalabad,70
Honda,CD 70,2021,115000,10000,Lahore,70
Road,Prince 70 Passion Plus,2015,28000,10000,Lahore,70
Safari,SD 70,2014,45000,10000,Sahiwal,70
Unique,Xtreme UD 70,2017,45000,10000,Karachi,70
Union,Star US,2018,48000,10000,Karachi,70
Honda,CD 70,2025,152000,10000,Lahore,70
Honda,CD 70,2010,53000,10000,Rawalpindi,70
Union,Star US,2023,75000,10000,Rawalpindi,70
Road,Prince 70 Passion Plus,2024,105000,10000,Faisalabad,70
Honda,CD 70,2024,145000,10000,Karachi,70
United,US 70,2015,42000,10000,Chakwal,70
Super,Power SP 70,2017,44000,10000,Quetta,70
Super,Star CD 70,2023,72000,10000,Karachi,70
Honda,CD 70,2017,95000,10000,Faisalabad,70
Eagle,ES 70,2016,55000,10000,Rawalpindi,70
Road,Prince 70 Passion Plus,2016,300000,10000,Karachi,70
Honda,CD 70,2014,68000,10000,Lahore,70
Chinese,Bikes 70,2025,85000,10000,Karachi,70
Union,Star US,2022,68000,10000,Karachi,70
United,US 70,2017,25000,10000,Sarai alamgir,70
Unique,Xtreme UD 70,2018,45000,10000,Karachi,70
Honda,CD 70,2022,125000,10000,Faisalabad,70
Super,Star CD 70,2014,39000,10000,Karachi,70
Honda,CD 70,2017,80000,10000,Rawalpindi,70
Honda,CD 70,2010,80000,10000,Multan,70
United,US 70,2018,58000,10000,Rawalpindi,70
Honda,CD 70,2022,120000,10000,Gujranwala,70
Crown,CR 70 HD Plus,2013,35000,10000,Rawalpindi,70
Unique,Xtreme UD 70,2017,65000,10000,Karachi,70
Hi,Speed SR 70,2022,52000,10000,Hyderabad,70
Honda,CD 70,2022,112000,10000,Narowal,70
Super,Asia SA 70,2021,75000,10000,Abbottabad,70
Honda,CD 70,2024,142000,10000,Okara,70
Honda,CD 70,2024,130000,10000,Gujranwala,70
Road,Prince Classic 70,2016,35000,10000,Lahore,70
Pak,Hero PH 70,2021,32000,10000,Lahore,70
Honda,CD 70,2015,70000,10000,Islamabad,70
ZXMCO,ZX 70 City Rider,2018,41000,10000,Multan,70
Ghani,Gi 70,2016,32000,10000,Chitral,70
Super,Star CD 70,2019,45000,10000,Karachi,70
Metro,MR 70,2013,29000,10000,Attock,70
Hi,Speed CDI SR- EURO-2,2012,58000,10000,Islamabad,70
Honda,CD 70,2017,84000,10000,Lahore,70
Unique,UD 70,2021,70000,10000,Karachi,70
Pak,Hero PH 70,2005,34999,10000,Abbottabad,70
Super,Power SP 70,2021,62000,10000,Karachi,70
United,US 70,2015,45000,10000,Lahore,70
Honda,CD 70,2008,41000,10000,Karachi,70
Honda,CD 70,2021,115000,10000,Faisalabad,70
United,US 70,2020,65000,10000,Islamabad,70
United,US 70,2017,60000,10000,Bhakkar,70
Unique,Xtreme UD 70,2023,70000,10000,Karachi,70
Express,E-70,2021,80000,10000,Hyderabad,70
Honda,CD 70 Dream,2025,125000,10000,Lahore,70
Hi,Speed CDI SR- EURO-2,2020,63000,10000,Kohat,70
United,US 70,2016,47000,10000,Lahore,70
Super,Power SP 70,2023,98000,10000,Karachi,70
Honda,CD 70,2018,83000,10000,Sialkot,70
Pak,Hero PH 70,2021,165000,10000,Multan,70
Unique,Xtreme UD 70,2022,82000,10000,Karachi,70
United,US 70,2019,45000,10000,Lahore,70
Honda,CD 70,2006,43000,10000,Karachi,70
Honda,CD 70,2017,70000,10000,Multan,70
United,US 70,2016,38500,10000,Faisalabad,70
Honda,CD 70,2018,80000,10000,Larkana,70
Union,Star US,2022,70000,10000,Karachi,70
United,US 70,2015,42000,10000,Islamabad,70
Sohrab,SD 70,2006,37000,10000,Lahore,70
Sohrab,JS 70,2006,36000,10000,Lahore,70
Hi,Speed CDI SR- EURO-2,2021,70000,10000,Islamabad,70
Super,Power SP 70,2017,60000,10000,Multan,70
Union,Star US,2021,75000,10000,Chakwal,70
Honda,CD 70,1983,30000,10000,Karachi,70
Super,Power SP 70,2014,36000,10000,Karachi,70
Hi,Speed CDI SR- EURO-2,2021,100000,10000,Sahiwal,70
Road,Prince 70 Passion Plus,2016,38900,10000,Lahore,70
Union,Star US,2021,75000,10000,Rawalpindi,70
Safari,SD 70,2008,36000,10000,Swabi,70
Hi,Speed CDI SR- EURO-2,2018,46000,10000,Rawalpindi,70
Super,Star CD 70,2019,42500,10000,Karachi,70
Unique,Xtreme UD 70,2018,40000,10000,Karachi,70
Honda,CD 70,2021,105000,10000,Sahiwal,70
Honda,CD 70,2025,150000,10000,Rawalpindi,70
Honda,CD 70,2011,65000,10000,Faisalabad,70
Pak,Hero RF 70,2013,50000,10000,Rawalpindi,70
Honda,CD 70,2017,75000,10000,Lahore,70
Honda,CD 70,2022,130000,10000,Hyderabad,70
United,US 70,2020,58500,10000,Peshawar,70
Hi,Speed CDI SR- EURO-2,2015,55000,10000,Rawalpindi,70
Road,Prince 70 Passion Plus,2021,52000,10000,Lahore,70
Hi,Speed CDI SR- EURO-2,2014,52000,10000,Hyderabad,70
Hi,Speed CDI SR- EURO-2,2019,42000,10000,Karachi,70
Hi,Speed CDI SR- EURO-2,2023,70000,10000,Rawalpindi,70
Crown,CR 70 Jazba,2021,60000,10000,Karachi,70
Chinese,Bikes 70,2012,55000,10000,Karachi,70
Super,Star CD 70,2021,60000,10000,Karachi,70
Union,Star US,2012,49999,10000,Wah cantt,70
Honda,CD 70,2013,52000,10000,Lahore,70
Honda,CD 70,2022,120000,10000,Pattoki,70
Unique,Xtreme UD 70,2022,72000,10000,Faisalabad,70
Hi,Speed SR 70,2018,50000,10000,Multan,70
Road,Prince 70 Passion Plus,2023,95000,10000,Lahore,70
Super,Power SP 70,2018,50000,10000,Multan,70
Honda,CD 70,2019,95000,10000,Islamabad,70
United,US 70,2023,82000,10000,Rawalpindi,70
Honda,CD 70,2021,120000,10000,Karachi,70
Honda,CD 70,2016,82000,10000,Karachi,70
Super,Star CD 70,2020,62000,10000,Karachi,70
United,US 70,2022,75000,10000,Attock,70
Honda,CD 70,2022,140000,10000,Lahore,70
Hi,Speed CDI SR- EURO-2,2017,55000,10000,Rawalpindi,70
Road,Prince 70 Passion Plus,2017,58000,10000,Faisalabad,70
Honda,CD 70,1980,35000,10000,Hyderabad,70
Crown,RF 70,2023,70000,10000,Gujar Khan,70
United,US 70,2020,50000,10000,Faisalabad,70
Chinese,Bikes 70,2023,80000,10000,Karachi,70
Super,Power SP 70,2022,62000,10000,Karachi,70
Road,Prince 70 Passion Plus,2009,55000,10000,Lahore,70
Honda,CD 70,2008,50000,10000,Faisalabad,70
Super,Star CD 70,2008,38000,10000,Rawalpindi,70
Road,Prince 70 Passion Plus,2016,25000,10000,Hafizabad,70
Pak,Hero RF 70,2010,45000,10000,Islamabad,70
Habib,HB 70,2011,24000,10000,Karachi,70
United,US 70,2016,49500,10000,Islamabad,70
Honda,CD 70,2022,122000,10000,Faisalabad,70
Crown,CR 70 HD Plus,2012,60000,10000,Bahawalpur,70
Honda,CD 70,2013,73000,10000,Rawalpindi,70
Unique,Xtreme UD 70,2018,46000,10000,Karachi,70
United,US 70,2018,58000,10000,Sargodha,70
Union,Star US,2016,50000,10000,Karachi,70
Super,Star CD 70,2006,30000,10000,Karachi,70
Super,Star CD 70,2015,58000,10000,Karachi,70
Unique,UD 70,2018,43000,10000,Karachi,70
Hi,Speed CDI SR- EURO-2,2022,85000,10000,Karachi,70
Honda,CD 70,2024,142000,10000,Lahore,70
Honda,CD 70,2024,137000,10000,Islamabad,70
Super,Power SP 70,2019,48500,10000,Karachi,70
United,US 70,2019,52000,10000,Karachi,70
Crown,CR 70 Jazba,2021,65000,10000,Rahim Yar Khan,70
Honda,CD 70,2019,112000,10000,Rawalpindi,70
Honda,CD 70,1982,65000,10000,Karachi,70
Metro,MR 70,2018,55000,10000,Lahore,70
Honda,CD 70,2013,80000,10000,Shorkot,70
Union,Star,2017,37000,10000,Karachi,70
Unique,Xtreme UD 70,2021,75000,10000,Karachi,70
DYL,Dhoom YD-70,2022,80000,10103,Karachi,70
United,US 70,2024,80000,10120,Rawalpindi,70
Super,Power Deluxe 70,2021,75000,10121,Karachi,70
Honda,CD 70,2020,117000,10150,Lahore,70
Honda,CD 70,2022,126000,10229,Mian Wali,70
Honda,CD 70,2021,107000,10256,Gujranwala,70
Unique,UD 70,2024,95000,10256,Karachi,70
Honda,CD 70,2024,145000,10263,Haripur,70
Hi,Speed CDI SR- EURO-2,2023,85000,10287,Rawalpindi,70
Honda,CD 70,2023,80000,10300,Karachi,70
Honda,CD 70 Dream,2022,122000,10355,Ghotki,70
Honda,CD 70,2024,132000,10400,Kameer,70
United,US 70,2024,82000,10450,Gujranwala,70
Union,Star 70 Deluxe,2024,95000,10500,Karachi,70
United,US 70,2022,60500,10500,Gojra,70
Unique,UD 70,2006,40000,10500,Karachi,70
Unique,UD 70,2020,65000,10500,Karachi,70
Union,Star US,2020,70000,10500,Islamabad,70
Honda,CD 70,2024,150000,10500,Karachi,70
Honda,CD 70,2022,140000,10500,Burewala,70
Honda,CD 70 Dream,2023,132000,10500,Sialkot,70
Unique,Xtreme UD 70,2021,65000,10500,Lahore,70
United,US 70,2023,85000,10520,Islamabad,70
Honda,CD 70,2022,122000,10540,Toba Tek Singh,70
Honda,CD 70,2021,115000,10540,Sargodha,70
Honda,CD 70,2020,96000,10543,Karachi,70
Honda,CD 70,2016,105000,10600,Islamabad,70
Honda,CD 70,2022,130000,10700,Lahore,70
Honda,CD 70,2022,120000,10770,Okara,70
Honda,CD 70,2017,90000,11000,Islamabad,70
DYL,Dhoom YD-70,2010,42000,11000,Rawalpindi,70
Honda,CD 70,2019,125000,11000,Rawalpindi,70
Honda,CD 70,2022,125000,11000,Taxila,70
Honda,CD 70,2023,145000,11000,Lahore,70
Super,Power SP 70,2022,70000,11000,Karachi,70
Hi,Speed CDI SR- EURO-2,2022,285000,11000,Mardan,70
Honda,CD 70,2022,135000,11000,Lahore,70
Union,Star US,2021,65000,11000,Karachi,70
Honda,CD 70,2018,90000,11000,Karachi,70
Honda,CD 70,2019,90000,11000,Multan,70
Honda,CD 70,2024,140000,11000,Sheikhupura,70
Honda,CD 70,2024,145000,11000,Sadiqabad,70
Honda,CD 70,2024,150000,11000,Faisalabad,70
Ghani,Gi 70,2014,48999,11000,Islamabad,70
Unique,UD 70,2017,63000,11000,Haripur,70
Honda,CD 70,2024,134000,11000,Islamabad,70
Road,Prince 70 Passion Plus,2019,36000,11000,Lahore,70
Super,Power SP 70,2010,42000,11000,Karachi,70
Unique,Xtreme UD 70,2023,95000,11000,Karachi,70
Road,Prince 70 Passion Plus,2020,70000,11000,Rawalpindi,70
Honda,CD 70,2025,165000,11000,Attock,70
Super,Star CD 70,2021,65000,11000,Karachi,70
Honda,CD 70,2025,146000,11000,Lahore,70
Honda,CD 70,2021,110000,11000,Sahiwal,70
Yamaha,Dhoom YD-70,2023,95000,11000,Karachi,70
Honda,CD 70,2024,135000,11000,Gujrat,70
United,US 70,2018,57000,11000,Islamabad,70
Honda,CD 70,2024,123000,11000,Faisalabad,70
Yamaha,Dhoom YD-70,2022,80000,11000,Raiwind,70
Road,Prince 70 Passion Plus,2023,80000,11000,Lahore,70
Chinese,Bikes 70,2023,80000,11000,Lahore,70
Honda,CD 70,2017,80000,11000,Lahore,70
Honda,CD 70,2022,130000,11000,Faisalabad,70
Honda,CD 70,2024,144000,11000,Sargodha,70
Honda,CD 70,2024,160000,11000,Islamabad,70
Honda,CD 70,2022,125000,11000,Lahore,70
Honda,CD 70,2021,110000,11000,Multan,70
Honda,CD 70,2025,145000,11000,Sheikhupura,70
Honda,CD 70,2023,130000,11000,Rawalpindi,70
Honda,CD 70,2023,145000,11000,Rawalpindi,70
Honda,CD 70,2023,135000,11000,Faisalabad,70
United,US 70,2017,37000,11000,Gujranwala,70
Honda,CD 70,2023,135000,11000,Chakwal,70
Unique,Xtreme UD 70,2021,70000,11000,Karachi,70
Honda,CD 70,2023,132000,11000,Muzaffar Gargh,70
United,US 70,2021,55000,11000,Rawalpindi,70
Honda,CD 70,2019,48500,11000,Gujranwala,70
Honda,CD 70 Dream,2024,155000,11000,Faisalabad,70
Honda,CD 70,2017,95000,11111,Chakwal,70
Unique,Xtreme UD 70,2022,85000,11111,Mansehra,70
Honda,CD 70,2015,70000,11111,Kharian,70
Honda,CD 70,2021,96000,11111,Hyderabad,70
Road,Prince 70 Passion Plus,2023,80000,11173,Lahore,70
Honda,CD 70,2023,145000,11195,Islamabad,70
Honda,CD 70,2025,155000,11358,Gujranwala,70
Honda,CD 70,2024,130000,11379,Lahore,70
Honda,CD 70,2023,136000,11400,Gujranwala,70
Unique,Xtreme UD 70,2022,88000,11500,Karachi,70
Honda,CD 70,2024,145000,11500,Faisalabad,70
United,US 70,2013,45000,11546,Karachi,70
Honda,CD 70,2019,100000,11599,Faisalabad,70
Honda,CD 70,2005,58000,11735,Lahore,70
Unique,Xtreme UD 70,2021,75000,11800,Wah cantt,70
Honda,CD 70,2022,122000,11800,Lahore,70
Honda,CD 70,2019,100000,11882,Sheikhupura,70
Honda,CD 70,2017,73000,11900,Karachi,70
Honda,CD 70 Dream,2024,135000,11970,Narowal,70
Unique,UD 70,2017,55000,12000,Karachi,70
United,US 70,2015,37000,12000,Faisalabad,70
Honda,CD 70,2022,115000,12000,Faisalabad,70
Honda,CD 70 Dream,2022,110000,12000,Faisalabad,70
Honda,CD 70,2022,120000,12000,Faisalabad,70
United,US 70,2021,70000,12000,Wah cantt,70
Yamaha,Dhoom YD-70,2022,95000,12000,Karachi,70
Power,PK 70,2024,65000,12000,Hafizabad,70
Union,Star 70 Deluxe,2011,42000,12000,Karachi,70
Super,Star CD 70,2018,60000,12000,Karachi,70
Honda,CD 70,2023,120000,12000,Karachi,70
Unique,UD 70,2016,65000,12000,Malakand Agency,70
Metro,MR 70,2021,57000,12000,Lahore,70
Pak,Hero RF 70,2015,80000,12000,Rawalpindi,70
Honda,CD 70 Dream,2022,112000,12000,Faisalabad,70
Honda,CD 70,1990,65000,12000,Rawalpindi,70
Honda,CD 70,2022,130000,12000,Lahore,70
Road,Prince 70 Passion Plus,2021,55000,12000,Lahore,70
Honda,CD 70,2022,114000,12000,Faisalabad,70
Honda,CD 70,2019,110000,12000,Lahore,70
Honda,CD 70,2014,85000,12000,Rawalpindi,70
United,US 70,2019,65000,12000,Lahore,70
Honda,CD 70,2024,137000,12000,Okara,70
United,US 70,2009,35500,12000,Gujranwala,70
Honda,CD 70,2021,118000,12000,Rawalpindi,70
Honda,CD 70,2020,100000,12000,Rawalpindi,70
Honda,CD 70,2022,105000,12000,Lahore,70
Honda,CD 70,2023,110000,12000,Lahore,70
Unique,Xtreme UD 70,2021,68000,12000,Karachi,70
Honda,CD 70,2017,80000,12000,Lahore,70
Honda,CD 70,2023,132000,12000,Chakwal,70
Honda,CD 70,2014,45000,12000,Sargodha,70
Honda,CD 70,2023,125000,12000,Gujranwala,70
Honda,CD 70,2024,140000,12000,Gujrat,70
United,US 70,2022,85000,12000,Islamabad,70
Super,Star CD 70,2021,85000,12000,Karachi,70
Super,Star CD 70,2024,90000,12000,Karachi,70
Honda,CD 70 Dream,2023,135000,12000,Sahiwal,70
Unique,Xtreme UD 70,2018,52000,12000,Karachi,70
Safari,SD 70,2021,52000,12000,Lahore,70
Honda,CD 70,2025,165000,12000,Islamabad,70
Honda,CD 70,2024,138000,12000,Sialkot,70
Honda,CD 70,2023,130000,12000,Attock,70
Super,Star CD 70,2018,55000,12000,Karachi,70
Union,Star US,2023,80000,12000,Karachi,70
Honda,CD 70,2024,130000,12000,Karachi,70
United,US 70,2020,62000,12000,Burewala,70
United,US 70,2021,65000,12000,Malakwal,70
Honda,CD 70,2022,172000,12000,Faisalabad,70
Super,Power SP 70,2022,150000,12000,Rawalpindi,70
United,US 70,2021,75000,12000,Rawalpindi,70
Honda,CD 70,2023,135000,12000,Bhalwal,70
Road,Prince 70 Passion Plus,2022,61000,12000,Abbottabad,70
Honda,CD 70,2017,73000,12000,D.G.Khan,70
Honda,CD 70,2023,128000,12000,Gharo,70
Honda,CD 70,2022,130000,12000,Gujranwala,70
Super,Power SP 70,2019,52000,12000,Karachi,70
Metro,MR 70,2024,150000,12000,Gujranwala,70
Hi,Speed CDI SR- EURO-2,2020,62000,12000,Rawalpindi,70
Super,Power SP 70,2019,65000,12000,Karachi,70
Union,Star US,2022,55000,12000,Mansehra,70
Honda,CD 70,2023,115000,12000,Lahore,70
Honda,CD 70,2022,117000,12000,Gujrat,70
Super,Star CD 70,2021,75000,12000,Karachi,70
Honda,CD 70,2018,80000,12000,Multan,70
Honda,CD 70,2024,140000,12000,Karachi,70
Chinese,Bikes 70,1976,78000,12000,Karachi,70
Honda,CD 70,2023,132000,12000,Rawalpindi,70
Road,Prince 70 Passion Plus,2022,65000,12000,Lahore,70
Road,Prince 70 Passion Plus,2022,64000,12000,Lahore,70
Honda,CD 70,1987,35500,12000,Faisalabad,70
Road,Prince 70 Passion Plus,2024,85000,12000,Islamabad,70
Honda,CD 70,2017,98000,12000,Rawalpindi,70
Unique,Xtreme UD 70,2016,29000,12000,Karachi,70
Honda,CD 70,2024,142000,12000,Lahore,70
Super,Power SP 70,2018,70000,12000,Karachi,70
Honda,CD 70,2018,82000,12000,Sargodha,70
Honda,CD 70,2024,145000,12000,Hafizabad,70
Crown,RF 70,2024,95000,12000,Abbottabad,70
United,US 70,2025,98000,12000,Islamabad,70
Honda,CD 70,2023,118000,12000,Gujranwala,70
Chinese,Bikes 70,2021,45000,12000,Rawalpindi,70
Road,Prince Classic 70,2015,32000,12000,Faisalabad,70
Union,Star US,2015,45000,12000,Rawalpindi,70
Super,Asia SA 70,2014,32000,12000,Lahore,70
Super,Power SP 70,2015,52000,12000,Rawalpindi,70
Honda,CD 70,2020,79000,12000,Karachi,70
Honda,CD 70,2018,82500,12000,Faisalabad,70
SUTLEJ,70,2021,58000,12000,Lahore,70
Union,Star US,2019,55000,12000,Rawalpindi,70
Honda,CD 70,2023,125000,12000,Lahore,70
Metro,MR 70,2021,53500,12000,Lahore,70
Eagle,ES 70,2017,38000,12000,Faisalabad,70
Honda,CD 70,2019,93000,12000,Multan,70
Metro,MR 70,2022,75000,12000,Lahore,70
Unique,Xtreme UD 70,2020,65000,12000,Wah cantt,70
Honda,CD 70,2021,97000,12000,Lahore,70
Honda,CD 70,2020,69000,12000,Wah cantt,70
United,US 70,2007,50000,12000,Lahore,70
Super,Power SP 70,2022,70000,12000,Karachi,70
Metro,MR 70,2016,33000,12000,Rawalpindi,70
United,US 70,2022,85000,12000,Wah cantt,70
Union,Star US,2023,85000,12000,Islamabad,70
Road,Prince 70 Passion Plus,2019,46000,12000,Abbottabad,70
Honda,CD 70,2020,100000,12038,Faisalabad,70
Unique,Xtreme UD 70,2020,65000,12041,Haripur,70
Honda,CD 70 Dream,2019,85000,12090,Gujranwala,70
Honda,CD 70,2022,130000,12117,Lahore,70
Honda,CD 70,2024,136000,12138,Sialkot,70
Honda,CD 70,2024,130000,12150,Multan,70
Hi,Speed CDI SR- EURO-2,2021,83000,12220,Islamabad,70
Super,Power SP 70,2019,50000,12300,Karachi,70
Super,Power SP 70,2019,30000,12300,Karachi,70
Honda,CD 70,2022,72000,12326,Attock,70
Toyo,,2017,45000,12345,Gujranwala,70
Super,Star CD 70,2017,48500,12345,Karachi,70
Honda,CD 70,2017,82000,12345,Multan,70
Honda,CD 70,2019,88000,12345,Kasur,70
Crown,RF 70,2013,25000,12345,Lahore,70
Metro,MR 70,2019,58000,12345,Gujranwala,70
Pak,Hero RF 70,2012,34000,12345,Rawalpindi,70
United,US 70,2011,68500,12345,Bhimber,70
United,US 70,2025,85000,12345,Muzaffarabad,70
Yamaha,Dhoom YD-70,2022,85000,12345,Rawalpindi,70
Crown,CRLF 70,2018,38000,12345,Lahore,70
Chinese,Bikes 70,2013,48500,12345,Islamabad,70
Super,Power SP 70,2016,35000,12345,Chiniot,70
Honda,CD 70,2010,93500,12345,Islamabad,70
Union,Star US,2022,76000,12345,Mansehra,70
Super,Power SP 70,2023,64000,12345,Karachi,70
Honda,CD 70,2013,75000,12345,Pindi Bhattian,70
Union,Star 70 Deluxe,2025,95000,12345,Karachi,70
Ghani,Gi 70 Self Start,2023,120000,12345,Okara,70
United,US 70,2018,55000,12345,Lahore,70
Hi,Speed CDI SR- EURO-2,2022,63000,12345,Islamabad,70
Honda,CD 70,2024,135000,12345,Faisalabad,70
Super,Power SP 70,2022,62000,12345,Nowshera,70
Super,Power SP 70,2021,80000,12345,Karachi,70
Unique,Xtreme UD 70,2022,80000,12345,Wah cantt,70
Sohrab,SD 70,2007,30000,12345,Karachi,70
Honda,CD 70,2021,103000,12345,Jhang,70
Unique,UD 70,2018,48000,12345,Mansehra,70
Super,Star CD 70,2021,60000,12345,Islamabad,70
United,US 70,2020,57000,12345,Islamabad,70
Honda,CD 70,2023,150000,12345,Jhelum,70
Super,Asia SA 70,2024,75000,12345,Attock,70
Safari,SD 70,2016,35000,12345,Karachi,70
Road,Prince 70 Passion Plus,2024,53500,12345,Lahore,70
Super,Star CD 70,2024,95000,12345,Karachi,70
Road,Prince 70 Passion Plus,2021,43000,12345,Lahore,70
Honda,CD 70 Dream,2022,115000,12345,Burewala,70
Hi,Speed CDI SR- EURO-2,2021,70000,12345,Swabi,70
Express,E-70,2024,90000,12345,Hyderabad,70
Union,Star US,2020,57000,12345,Islamabad,70
Union,Star 70 Deluxe,2022,55000,12345,Islamabad,70
Super,Star CD 70,2024,90000,12345,Karachi,70
Unique,Xtreme UD 70,2021,65000,12345,Karachi,70
Road,Prince 70 Passion Plus,2022,55000,12345,Lahore,70
Honda,CD 70,2022,125000,12345,Rawalpindi,70
Pak,Hero RF 70,2006,35000,12345,Lahore,70
Honda,CD 70,2018,85000,12345,Faisalabad,70
Super,Power SP 70,2016,45000,12345,Pir mahal,70
United,US 70,2022,65000,12345,Rawalpindi,70
Honda,CD 70,2022,120000,12345,Faisalabad,70
Super,Star CD 70,2021,105000,12345,Karachi,70
Super,Star CD 70,2013,42500,12345,Rawalpindi,70
Unique,Xtreme UD 70,2021,80000,12345,Abbottabad,70
United,US 70,2021,75000,12345,Karachi,70
United,US 70,2023,75500,12345,Talagang,70
Honda,CD 70,2016,73500,12345,Lahore,70
Honda,CD 70,2022,105000,12345,Faisalabad,70
United,US 70,2018,38000,12345,Sialkot,70
Honda,CD 70,2016,47000,12356,Rawalpindi,70
Hi,Speed SR 70,2021,68000,12358,Rawalpindi,70
Super,Power SP 70,2022,65000,12435,Karachi,70
Road,Prince 70 Passion Plus,2017,48000,12435,Wah cantt,70
Honda,CD 70,2014,64000,12456,Rawalpindi,70
Honda,CD 70,2022,114000,12477,Multan,70
Metro,MR 70,2016,40000,12500,Islamabad,70
United,US 70,2023,70000,12500,Rawalpindi,70
Honda,CD 70,2023,130000,12500,Rajana,70
Honda,CD 70,2023,125000,12500,Karachi,70
United,US 70,2023,78000,12500,Rawalpindi,70
United,US 70,2024,75000,12500,Karachi,70
Honda,CD 70,2024,139000,12500,Jhelum,70
Super,Power SP 70,2023,85000,12520,Karachi,70
Honda,CD 70,2022,130000,12558,Faisalabad,70
United,US 70,2024,85000,12566,Rawalpindi,70
United,US 70,2021,71000,12591,Rawalpindi,70
Super,Power SP 70,2022,70000,12600,Karachi,70
Honda,CD 70,2018,85000,12677,Lahore,70
Unique,Xtreme UD 70,2024,95000,12750,Karachi,70
Union,Star US,2022,75000,12767,Rawalpindi,70
Honda,CD 70,2007,38000,12780,Rawalpindi,70
United,US 70,2022,85000,12795,Islamabad,70
Super,Power SP 70,2012,10000,12821,Sargodha,70
United,US 70,2019,42000,12880,Quetta,70
Honda,CD 70,2023,145000,12938,Sargodha,70
United,US 70,2024,76000,13000,Faisalabad,70
Honda,CD 70 Dream,2023,150000,13000,Wazirabad,70
Honda,CD 70,2022,98500,13000,Lahore,70
Super,Power SP 70,2023,65000,13000,Lahore,70
Honda,CD 70,2025,150000,13000,Faisalabad,70
Honda,CD 70,2023,139000,13000,Rawalpindi,70
Honda,CD 70,2023,140000,13000,Rawalpindi,70
Honda,CD 70,2022,117000,13000,Faisalabad,70
Honda,CD 70 Dream,2023,155000,13000,Rawalpindi,70
Honda,CD 70,2020,95000,13000,Sargodha,70
Honda,CD 70,2022,112000,13000,Lahore,70
Honda,CD 70,2023,142000,13000,Mangla,70
Honda,CD 70,2023,155000,13000,Islamabad,70
Honda,CD 70,2022,122000,13000,Gojra,70
Pak,Hero PH 70,2012,40000,13000,Islamabad,70
Road,Prince 70 Passion Plus,2021,80000,13000,Islamabad,70
Honda,CD 70,2023,120000,13000,Lahore,70
Super,Asia SA 70,2021,55000,13000,Lahore,70
United,US 70,2022,75000,13000,Islamabad,70
Honda,CD 70,2023,140000,13000,Faisalabad,70
Road,Prince Classic 70,2020,60000,13000,Lahore,70
Honda,CD 70,2023,128000,13000,Faisalabad,70
Honda,CD 70,2020,88000,13000,Multan,70
Honda,CD 70,2023,150000,13000,Rahim Yar Khan,70
Honda,CD 70,2023,120000,13000,Multan,70
Union,Star US,2022,75000,13000,Rawalpindi,70
Road,Prince 70 Passion Plus,2023,75000,13000,Lahore,70
Honda,CD 70,2024,139000,13000,Lahore,70
Honda,CD 70,2023,130000,13000,Faisalabad,70
Honda,CD 70,2023,127000,13000,Lahore,70
Honda,CD 70,2022,125000,13000,Lahore,70
Honda,CD 70,2022,163000,13035,Karachi,70
Union,Star US,2024,85000,13124,Islamabad,70
Honda,CD 70,2020,90000,13150,Karachi,70
Super,Asia SA 70,2023,77000,13213,Attock,70
Honda,CD 70,2024,140000,13325,Multan,70
Honda,CD 70,2021,122000,13400,Islamabad,70
Union,Star US,2024,98000,13400,Karachi,70
Honda,CD 70,2023,128000,13420,Lahore,70
Honda,CD 70 Dream,2023,148000,13428,Islamabad,70
Crown,CR 70 Jazba,2023,90000,13500,Multan,70
Honda,CD 70,2024,137000,13500,Daska,70
Honda,CD 70,2023,128000,13500,Pir mahal,70
Honda,CD 70,2023,140000,13500,Karachi,70
Honda,CD 70,2023,138000,13500,Faisalabad,70
Honda,CD 70,2023,120000,13500,Lahore,70
Honda,CD 70,2022,135000,13500,Lahore,70
Honda,CD 70 Dream,2019,118000,13564,Lahore,70
United,US 70,2023,80000,13584,Faisalabad,70
Honda,CD 70,2013,80000,13602,Haripur,70
Honda,CD 70,2018,110000,13640,Kohat,70
Honda,CD 70,2023,115000,13660,Muzaffarabad,70
Honda,CD 70,2024,140000,13700,Lahore,70
Honda,CD 70,2024,130000,13700,Sheikhupura,70
Honda,CD 70,2024,140000,13770,Karachi,70
Honda,CD 70 Dream,2021,128000,13775,Haripur,70
Honda,CD 70,2022,120000,13780,Lahore,70
Honda,CD 70,2021,110000,13780,Sheikhupura,70
Hi,Speed SR 70,2012,37000,13888,Rawalpindi,70
Honda,CD 70,2016,66500,13992,Gujranwala,70
United,US 70,2018,40000,14000,Daska,70
Honda,CD 70,2022,114000,14000,Jhang,70
Honda,CD 70,2005,60000,14000,Wah cantt,70
Honda,CD 70,2005,60000,14000,Taxila,70
Union,Star 70 Deluxe,2023,95000,14000,Rawalpindi,70
Unique,Xtreme UD 70,2022,78500,14000,Karachi,70
Honda,CD 70,2023,130000,14000,Jhang,70
Honda,CD 70,2012,56000,14000,Faisalabad,70
Honda,CD 70,2021,105000,14000,Islamabad,70
Honda,CD 70,2018,110000,14000,Rawalpindi,70
Honda,CD 70,2022,145000,14000,Multan,70
United,US 70,2024,98000,14000,Wah cantt,70
Honda,CD 70,2024,146000,14000,Multan,70
Honda,CD 70,2020,99999,14000,Multan,70
Honda,CD 70,2024,142000,14000,Faisalabad,70
United,US 70,2023,86000,14000,Islamabad,70
Honda,CD 70,2020,72000,14000,Peshawar,70
Honda,CD 70,2024,138000,14000,Khanewal,70
Honda,CD 70,2023,130000,14000,Islamabad,70
Union,Star US,2024,89000,14000,Rawalpindi,70
Honda,CD 70,2023,135000,14000,Lahore,70
United,US 70,2021,85000,14000,Islamabad,70
Ravi,Humsafar 70,2017,43000,14000,Pindi Bhattian,70
Metro,MR 70,2018,45000,14000,Lahore,70
Honda,CD 70,2012,60000,14000,Rawalpindi,70
Unique,Xtreme UD 70,2020,60000,14000,Karachi,70
Honda,CD 70,2023,125000,14000,Karachi,70
Road,Prince 70 Passion Plus,2023,75000,14000,Islamabad,70
Honda,CD 70,2022,110000,14000,Arifwala,70
Crown,CR 70 Self Start,2024,100000,14000,Mansehra,70
Union,Star US,2021,70000,14000,Karachi,70
Honda,CD 70 Dream,2024,135000,14000,Karachi,70
Honda,CD 70 Dream,2023,158000,14000,Chakwal,70
Honda,CD 70,2024,100000,14000,Mansehra,70
Chinese,Bikes 70,2021,65000,14000,Multan,70
Unique,UD 70,2024,88000,14000,Karachi,70
Hi,Speed CDI SR- EURO-2,2021,75000,14000,Multan,70
Unique,Xtreme UD 70,2024,88000,14000,Karachi,70
Honda,CD 70,2024,136000,14000,Pir mahal,70
United,US 70,2024,74000,14000,Lahore,70
Road,Prince Classic 70,2017,60000,14000,Pak pattan sharif,70
Super,Power SP 70,2021,130000,14000,Kasur,70
Honda,CD 70,2021,125000,14000,Rawalpindi,70
Honda,CD 70,2024,150000,14000,Islamabad,70
Super,Power SP 70,2022,59000,14000,Karachi,70
Honda,CD 70 Dream,2022,145000,14200,Lahore,70
Union,Star 70 Deluxe,2021,68000,14263,Karachi,70
Honda,CD 70,2024,140000,14283,Lahore,70
MS,Jaguar Motorcycle E-70,2023,180000,14400,Multan,70
Honda,CD 70,2024,140000,14400,Lahore,70
Honda,CD 70,2020,72000,14427,Attock,70
Honda,CD 70,2015,85000,14474,Sialkot,70
Honda,CD 70,2024,142000,14500,Khanewal,70
Honda,CD 70,2022,114000,14560,Lahore,70
Honda,CD 70,2021,100000,14647,Karachi,70
Honda,CD 70,2024,140000,14700,Jhelum,70
Honda,CD 70,2014,32000,14700,Sialkot,70
Union,Star US,2023,80000,14766,Karachi,70
Honda,CD 70,2018,75000,15000,Gujranwala,70
United,US 70,2024,81500,15000,Attock,70
Union,Star US,2023,90000,15000,Rawalpindi,70
Honda,CD 70,2023,135000,15000,Lahore,70
Honda,CD 70,2003,47000,15000,Karachi,70
Road,Prince 70 Passion Plus,2023,69000,15000,Multan,70
Honda,CD 70,2022,120000,15000,Faisalabad,70
Honda,CD 70,2023,116000,15000,Toba Tek Singh,70
Metro,MR 70,2012,42000,15000,Lahore,70
Pak,Hero RF 70,2015,70000,15000,Sialkot,70
Honda,CD 70,2018,95000,15000,Faisalabad,70
United,US 70,2023,65000,15000,Lahore,70
Road,Prince 70 Passion Plus,2018,45000,15000,Lahore,70
Honda,CD 70,2021,70000,15000,Mandi bahauddin,70
Honda,CD 70,2020,90000,15000,Karachi,70
Honda,CD 70,2025,160000,15000,Lahore,70
Honda,CD 70,2022,120000,15000,Toba Tek Singh,70
Hero,RF 70,2011,70000,15000,Islamabad,70
Unique,UD 70,2013,60000,15000,Rahim Yar Khan,70
Union,Star US,2022,70000,15000,Karachi,70
Treet,EURO II TR 70,2014,43000,15000,Rawalpindi,70
Honda,CD 70,2023,125000,15000,Faisalabad,70
United,US 70,2022,72000,15000,Lahore,70
Super,Power SP 70,2023,90000,15000,Karachi,70
Honda,CD 70,2022,125000,15000,Karachi,70
Yamaha,Dhoom YD-70,2011,39999,15000,Lahore,70
Road,Prince 70 Passion Plus,2018,47000,15000,Multan,70
Super,Power SP 70,2018,52400,15000,Lahore,70
Honda,CD 70,2017,78500,15000,Karachi,70
Hi,Speed CDI SR- EURO-2,2015,35000,15000,Khanewal,70
Honda,CD 70,2020,105000,15000,Islamabad,70
United,US 70,2016,38500,15000,Lahore,70
Road,Prince 70 Passion Plus,2018,40000,15000,Hyderabad,70
United,US 70,2022,43000,15000,Faisalabad,70
Honda,CD 70,2020,110000,15000,Rawalpindi,70
Pak,Hero RF 70,2009,50000,15000,Rawalpindi,70
Yamaha,Dhoom YD-70,2011,35000,15000,Nankana sahib,70
Honda,CD 70,1988,27000,15000,Karachi,70
Unique,Xtreme UD 70,2022,80000,15000,Abbottabad,70
Honda,CD 70,2022,125000,15000,Lahore,70
Treet,EURO II TR 70,2016,40000,15000,Karachi,70
Super,Power SP 70,2020,105000,15000,Karachi,70
Honda,CD 70,2024,140000,15000,Faisalabad,70
Unique,UD 70,2022,80000,15000,Abbottabad,70
Honda,CD 70,2019,95000,15000,Swabi,70
Hi,Speed CDI SR- EURO-2,2019,60000,15000,Islamabad,70
Honda,CD 70,2020,105000,15000,Talagang,70
Honda,CD 70,2020,100000,15000,Pind Dadan Khan,70
Union,Star US,2024,96000,15000,Rawalpindi,70
Super,Power SP 70,2014,32000,15000,Karachi,70
Honda,CD 70,2024,120000,15000,Narowal,70
Honda,CD 70,2019,85000,15000,Jhelum,70
Super,Star CD 70,2022,66000,15000,Karachi,70
Honda,CD 70,2022,122000,15000,Islamabad,70
Honda,CD 70,2023,127000,15000,Faisalabad,70
Sohrab,JS 70,2003,150000,15000,Karachi,70
Habib,HB 70,2012,38000,15000,Rawalpindi,70
United,US 70,2018,58000,15000,Multan,70
United,US 70,2022,65000,15000,Sargodha,70
Super,Power SP 70,2016,45000,15000,Karachi,70
Honda,CD 70,2024,146000,15000,Karachi,70
Pak,Hero PH 70,2002,35000,15000,Taxila,70
United,US 70,2022,67500,15000,Rawalpindi,70
Hi,Speed CDI SR- EURO-2,2022,75000,15000,Karachi,70
Crown,CR 70 Self Start,2023,85000,15000,Islamabad,70
Crown,RF 70,2012,40000,15000,Islamabad,70
Hi,Speed CDI SR- EURO-2,2020,43000,15000,Mardan,70
Yamaha,Dhoom YD-70,2013,38000,15000,Islamabad,70
Honda,CD 70,2015,82000,15000,Rawalpindi,70
United,US 70,2022,80000,15000,Rawalpindi,70
Honda,CD 70,2009,82000,15000,Rawalpindi,70
Honda,CD 70,2021,105000,15000,Lahore,70
Yamaha,Dhoom YD-70,2011,45000,15000,Faisalabad,70
Honda,CD 70,2010,60000,15000,Karachi,70
Yamaha,Dhoom YD-70,2021,99500,15000,Rawalpindi,70
Honda,CD 70,2021,105000,15000,Karachi,70
Honda,CD 70,2023,125000,15000,Multan,70
Honda,CD 70,2019,125000,15000,Islamabad,70
Honda,CD 70,2021,95000,15000,Islamabad,70
United,US 70,2024,70000,15000,Rawalpindi,70
Unique,UD 70,2021,56000,15000,Karachi,70
Honda,CD 70,2019,95000,15000,Lahore,70
Crown,RF 70,2015,75000,15000,Rawalpindi,70
United,US 70,2021,58000,15000,Jhelum,70
Hi,Speed CDI SR- EURO-2,2020,65000,15000,Rawalpindi,70
Honda,CD 70,2023,128000,15000,Lahore,70
Honda,CD 70,2024,120000,15000,Havali Lakhan,70
Honda,CD 70,1989,80000,15000,Abdul Hakeem,70
Hi,Speed CDI SR- EURO-2,2015,60000,15000,Rawalpindi,70
United,US 70,2024,36000,15000,Lahore,70
Union,Star US,2022,65000,15000,Rawalpindi,70
Honda,CD 70,2022,120000,15000,Lahore,70
Union,Star US,2020,52000,15000,Lahore,70
Honda,CD 70,2020,50000,15000,Lahore,70
United,US 70,2021,50000,15000,Faisalabad,70
Honda,CD 70 Dream,2017,75000,15000,Jhang,70
Safari,SD 70,2011,12000,15000,Lahore,70
Honda,CD 70,2023,127000,15000,Bhalwal,70
Honda,CD 70,2022,110000,15000,Lahore,70
United,US 70,2024,85000,15000,Lahore,70
Road,Prince 70 Passion Plus,2021,45000,15000,Lahore,70
Honda,CD 70,2022,135000,15000,Islamabad,70
United,US 70,2021,48000,15000,Faisalabad,70
Honda,CD 70,2022,114000,15000,Renala khurd,70
Road,Prince 70 Passion Plus,2016,63000,15000,Lahore,70
United,US 70,2013,24000,15000,Depal pur,70
Honda,CD 70,2006,34000,15000,Gujrat,70
Pak,Hero RF 70,2011,40000,15000,Islamabad,70
United,US 70,2021,30000,15000,Chishtian,70
Safari,SD 70,2024,85000,15000,Rawalpindi,70
Crown,CR 70 Jazba,2023,70000,15000,Multan,70
Honda,CD 70,2010,75000,15000,Lahore,70
Honda,CD 70,2020,105000,15000,Lahore,70
United,US 70,2017,40000,15000,Mandi bahauddin,70
Road,Prince 70 Passion Plus,2015,45000,15000,Abbottabad,70
Honda,CD 70,2022,135000,15000,Rawalpindi,70
Honda,CD 70,2007,34500,15000,Sialkot,70
Honda,CD 70,1985,55000,15000,Karachi,70
Honda,CD 70,2021,125000,15000,Khushab,70
Honda,CD 70,1982,58000,15000,Karachi,70
Honda,CD 70,2022,125000,15000,Faisalabad,70
Honda,CD 70,2023,120000,15000,Lahore,70
Honda,CD 70 Dream,2015,75000,15000,Sangla Hills,70
Super,Star CD 70,2020,39500,15000,Karachi,70
Super,Power SP 70,2015,66000,15000,Karachi,70
Chinese,Bikes 70,2019,68000,15000,Bhera,70
Hi,Speed CDI SR- EURO-2,2013,45000,15000,Rawalpindi,70
Hi,Speed SR 70,2013,45000,15000,Rawalpindi,70
Honda,CD 70,2021,105000,15000,Faisalabad,70
Honda,CD 70,2022,105000,15000,Burewala,70
Honda,CD 70,2021,100000,15000,Lahore,70
Super,Power SP 70,2021,65000,15000,Karachi,70
Super,Power SP 70,2023,80000,15000,Karachi,70
Honda,CD 70,2022,119000,15000,Multan,70
Road,Prince Classic 70,2017,55000,15000,Gujranwala,70
Honda,CD 70,2016,67000,15000,Faisalabad,70
Unique,Xtreme UD 70,2013,37000,15000,Karachi,70
United,US 70,2012,35000,15000,Islamabad,70
United,US 70,2017,95000,15000,Islamabad,70
Hi,Speed CDI SR- EURO-2,2016,40000,15000,Karachi,70
Honda,CD 70,2005,30000,15000,Gujranwala,70
Pak,Hero RF 70,2023,65000,15000,Hasilpur,70
Honda,CD 70,2024,135000,15000,Rahim Yar Khan,70
United,US 70,2017,40000,15000,Gujranwala,70
Super,Star CD 70,2020,45000,15000,Karachi,70
Honda,CD 70,2023,130000,15000,Faisalabad,70
Road,Prince 70 Passion Plus,2014,32500,15000,Faisalabad,70
Super,Power SP 70,2018,35000,15000,Karachi,70
Honda,CD 70,2005,55000,15000,Lahore,70
Honda,CD 70,2025,150000,15000,Islamabad,70
Honda,CD 70,2021,120000,15000,Lahore,70
Unique,Xtreme UD 70,2016,49000,15000,Sukkur,70
Honda,CD 70,2007,27000,15000,Lahore,70
Super,Power SP 70,2016,40000,15000,Karachi,70
United,US 70,2022,80000,15000,Islamabad,70
United,US 70,2019,70000,15000,Islamabad,70
Honda,CD 70 Dream,2021,98000,15000,Lahore,70
Honda,CD 70,2017,80000,15000,Lahore,70
Honda,CD 70,2017,75000,15000,Lahore,70
Honda,CD 70 Dream,2022,135000,15000,Lahore,70
Road,Prince 70 Passion Plus,2021,48000,15000,Raiwind,70
Crown,CR 70 Self Start,2025,120000,15000,Faisalabad,70
Crown,CR 70 Self Start,2020,70000,15000,Karachi,70
Honda,CD 70,2023,136000,15000,Gujrat,70
United,US 70,2021,46500,15000,Abbottabad,70
Honda,CD 70,2016,69500,15000,Karachi,70
United,US 70,2020,52000,15000,Sheikhupura,70
Treet,EURO II TR 70,2023,50000,15000,Lahore,70
Unique,UD 70,2017,67000,15000,Haripur,70
Honda,CD 70,2008,48000,15000,Multan,70
Honda,CD 70,2023,140000,15000,Karachi,70
Unique,Xtreme UD 70,2007,30000,15000,Karachi,70
United,US 70,2023,66000,15000,Bhalwal,70
Honda,CD 70,2016,75000,15000,Rawalpindi,70
United,US 70,2015,45000,15000,Rawalpindi,70
Hi,Speed CDI SR- EURO-2,2021,70000,15000,Mardan,70
Honda,CD 70,2015,55000,15000,Rawalpindi,70
United,US 70,2022,70000,15000,Islamabad,70
Honda,CD 70,2023,130000,15000,Islamabad,70
Honda,CD 70,2015,52000,15000,Lahore,70
Super,Star CD 70,2021,66000,15000,Karachi,70
Union,Star 70 Deluxe,2019,85000,15000,Rawalpindi,70
Ravi,Humsafar 70,2016,42000,15000,Islamabad,70
Honda,CD 70,2022,114000,15000,Arifwala,70
Super,Power SP 70,2019,45000,15000,Islamabad,70
Honda,CD 70,2017,65000,15000,Sialkot,70
Honda,CD 70,2021,105000,15000,Sahiwal,70
United,US 70,2014,40000,15000,Lahore,70
Honda,CD 70,2017,87000,15000,Lahore,70
Honda,CD 70,2023,148000,15000,Takhtbai,70
Road,Prince 70 Passion Plus,2017,55000,15000,Gujranwala,70
Super,Power SP 70,2013,40000,15000,Karachi,70
United,US 70,2020,43000,15000,Multan,70
Honda,CD 70,2023,127000,15006,Muzaffar Gargh,70
Honda,CD 70,2025,145000,15048,Lahore,70
Honda,CD 70,2024,140000,15088,Islamabad,70
Honda,CD 70,2020,97000,15243,Faisalabad,70
Road,Prince RP 70 Scooty,2022,65000,15300,Rawalpindi,0
Honda,CD 70,2021,87000,15300,Karachi,70
United,US 70,2018,68000,15349,Peshawar,70
Honda,CD 70,2024,135000,15400,Sialkot,70
Honda,CD 70,2021,92000,15430,Lahore,70
Metro,MR 70,2017,40000,15447,Lahore,70
United,US 70,2022,68000,15500,Faisalabad,70
Ravi,Humsafar 70,2010,38500,15500,Lahore,70
Honda,CD 70 Dream,2022,120000,15500,Karachi,70
Honda,CD 70,2023,135000,15558,Karachi,70
Honda,CD 70,2020,93000,15600,Multan,70
Honda,CD 70,2024,145000,15600,Lahore,70
Super,Power SP 70,2023,82000,15600,Karachi,70
Union,Star US,2024,130000,15626,Rawalpindi,70
Super,Power SP 70,2024,90000,15700,Karachi,70
Honda,CD 70,1976,150000,15800,Sialkot,70
United,US 70,2021,65500,15830,Abbottabad,70
United,US 70,2021,80000,15864,Islamabad,70
United,US 70,2021,65000,15864,Islamabad,70
Honda,CD 70,2024,130000,15960,Lahore,70
Honda,CD 70,2023,130000,15974,Lahore,70
Honda,CD 70,2021,120000,15992,Islamabad,70
Honda,CD 70,2023,135000,16000,Lahore,70
Honda,CD 70,2024,140000,16000,Faisalabad,70
Super,Power SP 70,2022,80000,16000,Islamabad,70
Honda,CD 70,2024,140000,16000,Rawalpindi,70
Honda,CD 70,2016,32000,16000,Gujranwala,70
Honda,CD 70,2020,110000,16000,Lahore,70
Super,Asia SA 70,2017,45000,16000,Sargodha,70
United,US 70,2021,75000,16000,Rawalpindi,70
Honda,CD 70,2024,138000,16000,Faisalabad,70
Honda,CD 70 Dream,2021,130000,16000,Layyah,70
Honda,CD 70,2025,158000,16000,Lahore,70
Super,Power SP 70,2017,37000,16000,Depal pur,70
Road,Prince 70 Passion Plus,2021,60000,16000,Karachi,70
Hi,Speed SR 70,2018,60000,16000,Rawalpindi,70
Honda,CD 70,2024,150000,16000,Harappa,70
Honda,CD 70,2022,115000,16000,Karachi,70
Honda,CD 70,2018,90000,16000,Gujrat,70
Super,Power SP 70,2016,50000,16000,Mansehra,70
Honda,CD 70,2021,110000,16000,Faisalabad,70
Yamaha,Dhoom YD-70,2022,73000,16000,Karachi,70
United,US 70,2021,70000,16000,Rawalpindi,70
Honda,CD 70,2021,131000,16000,Wah cantt,70
Honda,CD 70 Dream,2022,145000,16000,Attock,70
Honda,CD 70,1981,108000,16000,Multan,70
Super,Power SP 70,2025,93000,16000,Karachi,70
United,US 70,2017,47500,16000,Lahore,70
United,US 70,2022,65000,16000,Lahore,70
Honda,CD 70,2023,131000,16000,Lahore,70
Unique,Xtreme UD 70,2019,72000,16000,Rawalpindi,70
Honda,CD 70,2024,130000,16000,Lahore,70
United,US 70,2020,53995,16000,Sargodha,70
Honda,CD 70,2024,150000,16000,Islamabad,70
Honda,CD 70,2001,51000,16000,Hassan abdal,70
ZXMCO,ZX 70 City Rider,2022,74000,16000,Peshawar,70
Crown,CRLF 70,2011,55000,16000,Multan,70
Honda,CD 70 Dream,2023,139000,16097,Faisalabad,70
Honda,CD 70 Dream,2023,145000,16097,Faisalabad,70
Honda,CD 70 Dream,2024,145000,16300,Multan,70
United,US 70,2022,63000,16400,Multan,70
Unique,Xtreme UD 70,2021,94000,16500,Karachi,70
Honda,CD 70,2017,83000,16500,Sahiwal,70
Super,Power SP 70,2022,60000,16500,Rawalpindi,70
Honda,CD 70,2022,110000,16500,Lahore,70
Honda,CD 70,2024,134000,16607,Lahore,70
Union,Star US,2022,87500,16648,Rawalpindi,70
Union,Star US,2022,88000,16648,Rawalpindi,70
Honda,CD 70,2021,99999,16700,Lahore,70
Honda,CD 70,2014,110000,16750,Faqirwali,70
Honda,CD 70,2023,130000,17000,Islamabad,70
Hi,Speed CDI SR- EURO-2,2021,250000,17000,Gujrat,70
Honda,CD 70,2015,75000,17000,Faisalabad,70
Honda,CD 70,2024,147000,17000,Rawalpindi,70
United,US 70,2018,45000,17000,Lahore,70
Road,Prince 70 Passion Plus,2021,60000,17000,Gojra,70
Honda,CD 70,2024,142000,17000,Faisalabad,70
Pak,Hero PH 70,2004,32000,17000,Rawalpindi,70
Honda,CD 70,2022,130000,17000,Rawalpindi,70
Honda,CD 70,2022,140000,17000,Mian Wali,70
Honda,CD 70,2024,150000,17000,Karachi,70
Honda,CD 70,2023,140000,17000,Islamabad,70
Honda,CD 70 Dream,2023,150000,17000,Faisalabad,70
Honda,CD 70,2022,115000,17000,Lahore,70
Super,Star CD 70,2017,50000,17000,Karachi,70
Honda,CD 70 Dream,2022,108000,17000,Lahore,70
DYL,Dhoom YD-70,2022,105000,17000,Rawalpindi,70
Honda,CD 70,2023,110000,17000,Hyderabad,70
Road,Prince 70 Passion Plus,2021,65000,17000,Peshawar,70
Road,Prince 70 Passion Plus,2021,65000,17000,Hyderabad,70
Honda,CD 70,2024,142000,17000,Lahore,70
Honda,CD 70,2023,120000,17000,Lahore,70
Honda,CD 70,2021,120000,17000,Rawalpindi,70
Honda,CD 70 Dream,2019,130000,17000,Islamabad,70
Honda,CD 70,2021,135000,17000,Mirpur khas,70
Road,Prince Classic 70,2021,65000,17029,Lahore,70
Honda,CD 70,2022,114000,17065,Mardan,70
Honda,CD 70,2022,135000,17066,Karachi,70
Honda,CD 70,2014,40000,17102,Khanewal,70
Honda,CD 70,2022,100000,17185,Pasrur,70
Honda,CD 70,2021,114000,17200,Rawalpindi,70
Honda,CD 70,2023,135000,17250,Karachi,70
Honda,CD 70,2020,110000,17300,Mardan,70
Honda,CD 70,2023,130000,17371,Lahore,70
Honda,CD 70,2021,100000,17500,Lahore,70
Honda,CD 70,2024,143000,17500,Faisalabad,70
Honda,CD 70,2022,130000,17500,Rawalpindi,70
Honda,CD 70 Dream,2021,140000,17544,Kotla arab ali khan,70
Chinese,Bikes 70,2020,60000,17800,Bahawalpur,70
Honda,CD 70,2022,110000,17850,Faisalabad,70
Union,Star US,2021,68000,17900,Karachi,70
Honda,CD 70,2023,122000,18000,Lahore,70
Honda,CD 70,2023,135000,18000,Rawalpindi,70
Unique,Xtreme UD 70,2019,55000,18000,Karachi,70
United,US 70,2023,95000,18000,Mandi bahauddin,70
Honda,CD 70,2017,85000,18000,Faisalabad,70
Honda,CD 70,2024,145000,18000,Jhang,70
United,US 70,2021,95000,18000,Faisalabad,70
Honda,CD 70,2005,60000,18000,Muzaffar Gargh,70
Honda,CD 70,2020,90000,18000,Karachi,70
Unique,Xtreme UD 70,2020,62000,18000,Karachi,70
Union,Star US,2017,65000,18000,Karachi,70
Union,Star US,2024,110000,18000,Rawalpindi,70
Chinese,Bikes 70,2004,48000,18000,Shikar pur,70
Honda,CD 70,2005,55000,18000,Karachi,70
Honda,CD 70,2023,118000,18000,Rawalpindi,70
Honda,CD 70,2021,110000,18000,Rawalpindi,70
Unique,Xtreme UD 70,2014,60000,18000,Hyderabad,70
Honda,CD 70,2020,105000,18000,Rawalpindi,70
Hi,Speed CDI SR- EURO-2,2018,60000,18000,Multan,70
Honda,CD 70,2024,135000,18000,Lahore,70
United,US 70,2018,53500,18000,Lahore,70
Honda,CD 70,2021,125000,18000,Lahore,70
Metro,MR 70,2022,80000,18000,Sarai alamgir,70
Honda,CD 70,2024,145000,18000,Okara,70
Honda,CD 70,2022,122000,18000,Bahawalpur,70
Metro,MR 70,2020,65000,18000,Lahore,70
Road,Prince Classic 70,2021,55000,18000,Lahore,70
Road,Prince 70 Passion Plus,2021,55000,18000,Lahore,70
United,US 70,2018,37000,18000,Rawalpindi,70
Honda,CD 70 Dream,2020,125000,18000,Rawalpindi,70
Honda,CD 70,2023,135000,18000,Lahore,70
Unique,Xtreme UD 70,2007,34000,18000,Karachi,70
Honda,CD 70,2023,125000,18000,Gujranwala,70
Unique,Xtreme UD 70,2021,55000,18005,Karachi,70
Honda,CD 70,2019,85000,18083,Sialkot,70
Honda,CD 70,2022,135000,18232,Karachi,70
Honda,CD 70,2022,132000,18300,Lahore,70
Honda,CD 70,2019,65000,18359,Karachi,70
Union,Star US,2019,75000,18359,Karachi,70
Honda,CD 70,2020,98000,18370,Gujranwala,70
Union,Star US,2022,80000,18500,Karachi,70
Honda,CD 70,2019,85000,18500,Rawalpindi,70
Treet,EURO II TR 70,2018,45500,18500,Rawalpindi,70
United,US 70,2024,76500,18500,Rawalpindi,70
Honda,CD 70,2024,130000,18500,Shorkot,70
Honda,CD 70,2022,128000,18540,Taxila,70
Honda,CD 70,2019,110000,18543,Sialkot,70
Honda,CD 70,2022,116000,18550,Lahore,70
United,US 70,2017,47500,18569,Kharian,70
Honda,CD 70,2022,135000,18640,Faisalabad,70
Honda,CD 70,2024,92000,18643,Gujranwala,70
Honda,CD 70,2022,64000,18809,Lahore,70
Union,Star US,2022,95000,18889,Rawalpindi,70
Honda,CD 70,2024,143000,18899,Lahore,70
Honda,CD 70,2022,127000,18900,Rawalpindi,70
Honda,CD 70,2015,72500,18995,Gujranwala,70
Hi,Speed CDI SR- EURO-2,2022,85000,19000,Islamabad,70
United,US 70,2019,45000,19000,Faisalabad,70
Honda,CD 70,2022,107000,19000,Lahore,70
Honda,CD 70,2021,120000,19000,Sahiwal,70
Honda,CD 70,2023,130000,19000,Sahiwal,70
Honda,CD 70,2023,125000,19000,Karachi,70
Honda,CD 70 Dream,2023,150000,19000,Haripur,70
Honda,CD 70,2020,95000,19000,Kamoke,70
Unique,UD 70,2023,82000,19000,Karachi,70
Unique,Xtreme UD 70,2023,82000,19000,Karachi,70
Honda,CD 70,2021,130000,19000,Islamabad,70
Honda,CD 70,2018,91000,19000,Sargodha,70
Honda,CD 70,2023,142000,19000,Jhelum,70
Honda,CD 70,2023,135000,19000,Faisalabad,70
United,US 70,2022,85000,19000,Rawalpindi,70
Honda,CD 70,2023,138000,19000,Rawalpindi,70
Honda,CD 70,2023,135000,19000,Mian Wali,70
Hi,Speed CDI SR- EURO-2,2024,76500,19000,Karachi,70
Unique,Xtreme UD 70,2019,60000,19000,Karachi,70
Super,Power SP 70,2022,67000,19000,Karachi,70
United,US 70,2014,60000,19000,Islamabad,70
Honda,CD 70,2023,123000,19000,Toba Tek Singh,70
Chinese,Bikes 70,2016,78000,19000,Rawalpindi,70
Honda,CD 70,2019,91500,19000,Gujranwala,70
Super,Power SP 70,2022,66000,19032,Karachi,70
Honda,CD 70,2021,80000,19291,Karachi,70
Unique,Xtreme UD 70,2021,80000,19291,Karachi,70
Honda,CD 70,2017,72500,19292,Gujranwala,70
Super,Star CD 70,2020,79000,19317,Faisalabad,70
Union,Star US,2024,105000,19500,Abbottabad,70
Honda,CD 70,2023,135000,19500,Sargodha,70
Honda,CD 70,2021,125000,19500,Multan,70
Honda,CD 70,2022,125000,19500,Bahawalnagar,70
United,US 70,2024,80000,19580,Lahore,70
Honda,CD 70,2015,75000,19600,Gujranwala,70
Honda,CD 70,2022,110000,19758,Sialkot,70
Honda,CD 70 Dream,2021,110000,19782,Hyderabad,70
Honda,CD 70,2023,143000,19800,Islamabad,70
Honda,CD 70,2021,82000,19890,Hyderabad,70
Honda,CD 70 Dream,2018,89900,19900,Sargodha,70
Super,Star CD 70,2016,44000,19968,Karachi,70
Road,Prince 70 Passion Plus,2021,60000,19990,Rawalpindi,70
United,US 70,2021,45000,20000,Sargodha,70
Super,Star CD 70,2023,77000,20000,Karachi,70
Honda,CD 70,2016,75000,20000,Multan,70
Super,Power SP 70,2021,60000,20000,Karachi,70
Super,Star CD 70,2017,42000,20000,Karachi,70
Honda,CD 70,2021,70000,20000,Haripur,70
Honda,CD 70,1985,40000,20000,Wah cantt,70
Honda,CD 70,2011,49000,20000,Islamabad,70
Honda,CD 70,2012,75000,20000,Rawalpindi,70
Super,Power SP 70,2019,55000,20000,Karachi,70
Honda,CD 70,2023,130000,20000,Karachi,70
Unique,UD 70,2019,80000,20000,Karachi,70
Honda,CD 70,2012,60000,20000,Jhang,70
Honda,CD 70,2016,60000,20000,Harappa,70
Honda,CD 70,2022,102000,20000,Faisalabad,70
Honda,CD 70,2021,110000,20000,Karachi,70
Honda,CD 70,2013,70000,20000,Faisalabad,70
Unique,Xtreme UD 70,2016,60000,20000,Abbottabad,70
Super,Star CD 70,2021,62000,20000,Peshawar,70
Honda,CD 70,2021,110000,20000,Lahore,70
Honda,CD 70,2021,128000,20000,Sargodha,70
United,US 70,2020,63000,20000,Islamabad,70
Super,Power SP 70,2022,64999,20000,Karachi,70
Super,Power SP 70,2011,30000,20000,Karachi,70
Unique,UD 70,2020,65000,20000,Wah cantt,70
United,US 70,2021,58000,20000,Karachi,70
Honda,CD 70,2018,79000,20000,Bahawalpur,70
Super,Power SP 70,2013,33000,20000,Karachi,70
Road,Prince 70 Passion Plus,2021,38000,20000,Lahore,70
Toyo,,2020,45000,20000,Bhalwal,70
Hi,Speed CDI SR- EURO-2,2021,88000,20000,Rawalpindi,70
Honda,CD 70,2021,119000,20000,Karachi,70
Honda,CD 70,2018,110000,20000,Faisalabad,70
Honda,CD 70,2022,100000,20000,Lahore,70
Chinese,Bikes 70,2021,68000,20000,Karachi,70
Super,Power SP 70,2021,65000,20000,Karachi,70
Hi,Speed CDI SR- EURO-2,2019,190000,20000,Attock,70
Honda,CD 70,2006,70000,20000,Sheikhupura,70
Honda,CD 70,2018,100000,20000,Hyderabad,70
Unique,Xtreme UD 70,2021,100000,20000,Karachi,70
Honda,CD 70,2021,105000,20000,Lahore,70
Pak,Hero PH 70,2006,30000,20000,Sahiwal,70
Honda,CD 70,2017,65000,20000,Kasur,70
Super,Power SP 70,2017,55000,20000,Karachi,70
Super,Power SP 70,2022,74000,20000,Karachi,70
United,US 70,2022,55000,20000,Lahore,70
United,US 70,2021,65000,20000,Jhang,70
Honda,CD 70,2019,105000,20000,Burewala,70
Union,Star US,2014,45000,20000,Islamabad,70
Honda,CD 70,2021,50000,20000,Lahore,70
Honda,CD 70,2020,90000,20000,Lahore,70
Yamaha,Dhoom YD-70,2015,45000,20000,Rawalpindi,70
United,US 70,2018,60000,20000,Swatmingora,70
Road,Prince 70 Passion Plus,2014,37500,20000,Lahore,70
United,US 70,2015,51000,20000,Lahore,70
Union,Star US,2023,95000,20000,Kashmir,70
Super,Power SP 70,2010,40000,20000,Karachi,70
United,US 70,2016,42000,20000,Peshawar,70
United,US 70,2017,40000,20000,Multan,70
Power,PK 70,2019,55000,20000,Multan,70
Crown,CRLF 70,2017,55000,20000,Vehari,70
United,US 70,2018,45000,20000,Lahore,70
United,US 70,2021,45000,20000,Kharian,70
Super,Power SP 70,2020,60000,20000,Karachi,70
Safari,SD 70,2009,43000,20000,Wah cantt,70
Honda,CD 70,2019,105000,20000,Charsadda,70
Super,Star CD 70,2017,40000,20000,Karachi,70
Union,Star US,2000,48000,20000,Karachi,70
Ravi,Humsafar 70,2023,55000,20000,Islamabad,70
Honda,CD 70,2023,120000,20000,Layyah,70
Honda,CD 70,2010,60000,20000,Rawalpindi,70
Honda,CD 70,2010,50000,20000,Bhimber,70
Unique,Xtreme UD 70,2021,72000,20000,Karachi,70
Honda,CD 70,2019,72000,20000,Peshawar,70
Honda,CD 70,2020,97000,20000,Karachi,70
Super,Power SP 70,2020,85000,20000,Karachi,70
Road,Prince 70 Passion Plus,2018,70000,20000,Mansehra,70
Honda,CD 70,2020,75000,20000,Dinga,70
Honda,CD 70,2022,125000,20000,Faisalabad,70
Honda,CD 70,2022,130000,20000,Lahore,70
Honda,CD 70,2016,75000,20000,Sukkur,70
Honda,CD 70,2022,135000,20000,Rawalpindi,70
Metro,MR 70,2018,65000,20000,Lahore,70
United,US 70,2021,60000,20000,Islamabad,70
Honda,CD 70,2021,114000,20000,Rawalpindi,70
Honda,CD 70,2022,114000,20000,Sialkot,70
Super,Power SP 70,2020,190000,20000,Multan,70
United,US 70,2021,75000,20000,Islamabad,70
Super,Power SP 70,2023,75000,20000,Karachi,70
Honda,CD 70,2022,120000,20000,Faisalabad,70
Honda,CD 70,2017,79000,20000,Lahore,70
Honda,CD 70,2013,75000,20000,Islamabad,70
United,US 70,2018,50000,20000,Lodhran,70
Super,Asia SA 70,2018,40000,20000,Lahore,70
Eagle,ES 70,2012,55000,20000,Islamabad,70
Super,Power SP 70,2022,63000,20000,Mian Channu,70
United,US 70,2017,28000,20000,Lahore,70
Unique,Xtreme UD 70,2024,92000,20000,Karachi,70
Honda,CD 70,2021,100000,20000,Toba Tek Singh,70
United,US 70,2019,62000,20000,Peshawar,70
Honda,CD 70,2020,120000,20000,Rawalpindi,70
Super,Power SP 70,2022,72000,20000,Karachi,70
Super,Star CD 70,2020,52000,20000,Karachi,70
United,US 70,2014,53000,20000,Sargodha,70
Chinese,Bikes 70,2023,79000,20000,Karachi,70
Super,Star CD 70,2012,35000,20000,Karachi,70
Unique,Xtreme UD 70,2021,50000,20000,Karachi,70
Honda,CD 70,2011,36000,20000,Islamabad,70
United,US 70,2023,65000,20000,Rawalpindi,70
Unique,Xtreme UD 70,2021,62000,20000,Karachi,70
Super,Star CD 70,2024,95000,20000,Karachi,70
Honda,CD 70,2020,127000,20000,Chakwal,70
Honda,CD 70,2019,95000,20000,Islamabad,70
Super,Power SP 70,2016,52000,20000,Karachi,70
Honda,CD 70,2019,98000,20000,Multan,70
Honda,CD 70 Dream,2016,75000,20000,Rawalpindi,70
ZXMCO,ZX 70 City Rider,2018,82000,20000,Peshawar,70
Honda,CD 70,2008,65000,20000,Islamabad,70
Super,Power SP 70,2022,70000,20000,Karachi,70
Hi,Speed CDI SR- EURO-2,2017,50000,20000,Karachi,70
Road,Prince 70 Passion Plus,2018,35000,20000,Lahore,70
Honda,CD 70,2006,110000,20000,Chakwal,70
Pak,Hero RF 70,2012,60000,20000,Islamabad,70
Honda,CD 70,2018,85000,20000,Hyderabad,70
Super,Power SP 70,2010,35000,20000,Karachi,70
United,US 70,2018,60000,20000,Abbottabad,70
Super,Power SP 70,2011,32000,20000,Karachi,70
Union,Star US,2017,60000,20000,Karachi,70
Super,Star CD 70,2012,36000,20000,Mirpur khas,70
Honda,CD 70 Dream,2021,140000,20000,Multan,70
Hi,Speed SR 70,2019,65000,20000,Rawalpindi,70
Unique,Xtreme UD 70,2021,70000,20000,Karachi,70
United,US 70,2014,42000,20000,Karachi,70
Super,Star CD 70,2006,35500,20000,Sargodha,70
Honda,CD 70,2014,60000,20000,Karachi,70
Honda,CD 70,2013,60000,20000,Gujrat,70
United,US 70,2020,48000,20000,Lahore,70
Super,Star CD 70,2020,47000,20000,Sargodha,70
Unique,Xtreme UD 70,2020,60000,20000,Karachi,70
Super,Star CD 70,2022,80000,20000,Karachi,70
Union,Star US,2019,60000,20000,Attock,70
Road,Prince 70 Passion Plus,2023,60000,20000,Kharian,70
Honda,CD 70,2020,110000,20000,Larkana,70
Unique,UD 70,2019,90000,20000,Tando Allah Yar,70
Honda,CD 70,2008,65000,20000,Sargodha,70
Honda,CD 70,2021,120000,20000,Lahore,70
United,US 70,2022,70000,20000,Peshawar,70
Super,Star CD 70,2022,65000,20000,Karachi,70
Honda,CD 70,2005,52000,20000,Lahore,70
United,US 70,2021,50000,20000,Sargodha,70
United,US 70,2022,120000,20000,Hassan abdal,70
Union,Star US,2019,50000,20000,Rawalpindi,70
Honda,CD 70,2022,110000,20000,Lahore,70
Honda,CD 70,2022,140000,20000,Lahore,70
Treet,EURO II TR 70,2016,50000,20000,Chakwal,70
Honda,CD 70,2021,100000,20000,Karachi,70
Road,Prince 70 Passion Plus,2015,40000,20000,Rawalpindi,70
United,US 70,2022,87000,20000,Rawalpindi,70
Hi,Speed CDI SR- EURO-2,2023,80000,20000,Rawalpindi,70
Honda,CD 70,2020,89000,20000,Bhimber,70
Road,Prince 70 Passion Plus,2011,35000,20000,Lahore,70
Super,Star CD 70,2020,65000,20000,Karachi,70
Honda,CD 70,2022,115000,20000,Sialkot,70
Honda,CD 70,2024,145000,20000,Rawalpindi,70
United,US 70,2021,70000,20000,Faisalabad,70
Honda,CD 70 Dream,2014,105000,20000,Multan,70
Honda,CD 70,2021,62000,20000,Kahuta,70
Road,Prince 70 Passion Plus,2015,48000,20000,Lahore,70
United,US 70,2023,85000,20000,Rawalpindi,70
Hi,Speed CDI SR- EURO-2,2022,80000,20000,Islamabad,70
Honda,CD 70,2018,96000,20000,Lahore,70
Metro,MR 70,2021,52000,20000,Gujrat,70
Unique,Xtreme UD 70,2021,45000,20000,Karachi,70
Super,Power SP 70,2015,45000,20000,Karachi,70
Honda,CD 70,2022,125000,20000,Nowshera,70
Super,Asia SA 70,2010,38000,20000,Hyderabad,70
United,US 70,2019,55000,20000,Islamabad,70
Road,Prince 70 Passion Plus,2014,28000,20000,Multan,70
Union,Star US,2018,67000,20000,Islamabad,70
Honda,CD 70,2017,85000,20000,Abbottabad,70
Honda,CD 70,2012,68000,20000,Multan,70
Ravi,Humsafar 70,2024,87000,20000,Hasilpur,70
Ravi,Humsafar 70,2023,70000,20000,Lahore,70
Pak,Hero PH 70,2004,165000,20000,Islamabad,70
Honda,CD 70,2022,130000,20000,Rawalpindi,70
Union,Star US,2022,72000,20000,Karachi,70
Crown,CRLF 70,2023,55000,20000,Faisalabad,70
Super,Star CD 70,2024,80000,20000,Karachi,70
Pak,Hero PH 70,2010,45000,20000,Karachi,70
Honda,CD 70,2021,120000,20000,Attock,70
Honda,CD 70,2023,130000,20000,Dijkot,70
Honda,CD 70,2022,114000,20000,Lahore,70
Unique,UD 70,2022,70000,20000,Karachi,70
Road,Prince 70 Passion Plus,2017,65000,20000,Gujranwala,70
Union,Star US,2018,60000,20000,Islamabad,70
Honda,CD 70,2016,85000,20000,Chiniot,70
Honda,CD 70,2007,130000,20000,Jalalpur Jattan,70
Honda,CD 70,2022,105000,20000,Lahore,70
Honda,CD 70,2021,114000,20000,Faisalabad,70
Road,Prince 70 Passion Plus,2019,47000,20000,Lahore,70
Union,Star US,2021,60000,20000,Rawalpindi,70
Union,Star US,2023,85000,20000,Rawalpindi,70
Hi,Speed SR 70,2020,68000,20000,Rawalpindi,70
Union,Star US,2017,57000,20000,Rawalpindi,70
Honda,CD 70,2022,112000,20000,Lahore,70
Road,Prince 70 Passion Plus,2015,35000,20000,Jhelum,70
Crown,CRLF 70,2015,45000,20000,Rahim Yar Khan,70
Crown,RF 70,2021,48000,20000,Hyderabad,70
Honda,CD 70,2022,118000,20000,Lahore,70
Honda,CD 70,2019,100000,20000,Islamabad,70
Honda,CD 70,2016,65000,20000,Gujranwala,70
Super,Power SP 70,2019,51000,20000,Karachi,70
Honda,CD 70,2017,70000,20000,Larkana,70
Union,Star US,2020,50000,20000,Islamabad,70
United,US 70,2018,39000,20000,Sargodha,70
Honda,CD 70,2024,145000,20000,Karachi,70
Honda,CD 70,2022,120000,20000,Lahore,70
Honda,CD 70,2023,100000,20000,Shahdadpur,70
Honda,CD 70 Dream,2018,105000,20000,Rawalpindi,70
Honda,CD 70,2024,150000,20000,Jhelum,70
Honda,CD 70,2015,75000,20000,Lahore,70
United,US 70,2015,70000,20000,Islamabad,70
Honda,CD 70,2022,120000,20000,Tando Muhammad Khan,70
United,US 70,2021,69000,20000,Faisalabad,70
Super,Power SP 70,2017,110000,20000,Karachi,70
Honda,CD 70,2006,50000,20000,Rawalpindi,70
Honda,CD 70,2003,55000,20000,Karachi,70
United,US 70,2013,20000,20000,Kabirwala,70
Honda,CD 70,2022,110000,20000,Sialkot,70
Honda,CD 70,1995,27000,20000,Karachi,70
Crown,CRLF 70,2021,62000,20000,Wah cantt,70
Unique,Xtreme UD 70,2022,88500,20000,Nowshera,70
Super,Power SP 70,2016,68000,20000,Karachi,70
Unique,Xtreme UD 70,2016,50000,20000,Mansehra,70
Super,Asia SA 70,2016,48000,20000,Rawalpindi,70
United,US 70,2017,53500,20000,Islamabad,70
Super,Star CD 70,2013,38000,20000,Sahiwal,70
Road,Prince 70 Passion Plus,2018,42000,20000,Peshawar,70
Honda,CD 70,1998,35000,20000,Wah cantt,70
Honda,CD 70,2019,95000,20000,Faisalabad,70
Hi,Speed CDI SR- EURO-2,2022,55000,20000,Islamabad,70
Road,Prince 70 Passion Plus,2020,55000,20000,Lahore,70
Pak,Hero RF 70,2005,50000,20000,Rawalpindi,70
United,US 70,2024,70000,20000,Islamabad,70
Honda,CD 70,2023,125000,20000,Kasur,70
United,US 70,2019,70000,20000,Islamabad,70
United,US 70,2009,30000,20000,Islamabad,70
Honda,CD 70 Dream,2023,95000,20000,Phalia,70
Super,Power SP 70,2021,62000,20000,Karachi,70
United,US 70,2021,60000,20000,Kashmir,70
Pak,Hero PH 70,2013,30000,20000,Kharian,70
United,US 70,2017,48000,20000,Kharian,70
Union,Star 70 Deluxe,2019,68000,20000,Islamabad,70
Honda,CD 70,2023,125000,20000,Lahore,70
Super,Power SP 70,2021,52000,20000,Karachi,70
Pak,Hero RF 70,2005,37000,20000,Karachi,70
Metro,MR 70,2017,55000,20000,Islamabad,70
Honda,CD 70,2017,89000,20000,Rawalpindi,70
United,US 70,2023,82000,20000,Karachi,70
Super,Star CD 70,2022,70000,20000,Karachi,70
Honda,CD 70,2013,60000,20000,Sialkot,70
Unique,Xtreme UD 70,2021,69000,20000,Karachi,70
Hi,Speed CDI SR- EURO-2,2015,42000,20000,Islamabad,70
Honda,CD 70,2023,140000,20000,Swatmingora,70
Union,Star US,2022,78000,20000,Islamabad,70
Safari,SD 70,2017,45000,20000,Jhelum,70
Super,Star CD 70,2008,39500,20000,Karachi,70
Super,Power SP 70,2020,48000,20000,Karachi,70
Union,Star US,2015,50000,20000,Wah cantt,70
Hi,Speed CDI SR- EURO-2,2019,47000,20000,Rawalpindi,70
Super,Power SP 70,2017,44000,20000,Karachi,70
United,US 70,2022,65000,20000,Multan,70
Honda,CD 70,2012,68000,20000,Rawalpindi,70
Crown,RF 70,2017,45000,20000,Mansehra,70
Union,Star 70 Deluxe,2019,40000,20000,Rawalpindi,70
Union,Star US,2016,57000,20000,Rawalpindi,70
Road,Prince 70 Passion Plus,2016,48000,20000,Lahore,70
Super,Star CD 70,2021,70000,20000,Khushab,70
Road,Prince 70 Passion Plus,2011,45000,20000,Lahore,70
Honda,CD 70,2017,74000,20000,Lahore,70
Honda,CD 70,2020,105000,20000,Karachi,70
Union,Star US,2022,72000,20000,Rawalpindi,70
Honda,CD 70,2013,57000,20000,Lahore,70
Road,Prince 70 Passion Plus,2017,67000,20000,Islamabad,70
Honda,CD 70,2019,125000,20000,Lahore,70
Road,Prince 70 Passion Plus,2017,50000,20000,Lahore,70
Honda,CD 70,2022,118000,20000,Pak pattan sharif,70
Pak,Hero RF 70,2013,40000,20000,Islamabad,70
Honda,CD 70,2020,120000,20000,Muridke,70
Honda,CD 70,2021,79500,20000,Sialkot,70
Unique,Xtreme UD 70,2016,43000,20000,Karachi,70
Honda,CD 70,2002,33000,20000,Lahore,70
Union,Star US,2022,80000,20000,Islamabad,70
United,US 70,2021,70000,20000,Bahawalpur,70
Honda,CD 70,2012,60000,20000,Vehari,70
Super,Power SP 70,2008,33000,20000,Karachi,70
Pak,Hero PH 70,2005,35000,20000,Murree,70
Crown,CRLF Euro ll,2021,50000,20000,Abbottabad,70
Unique,Xtreme UD 70,2019,67500,20000,Karachi,70
Honda,CD 70,2007,45000,20000,Sialkot,70
Honda,CD 70,2022,100000,20000,Karachi,70
Unique,Xtreme UD 70,2020,42000,20000,Karachi,70
Honda,CD 70,2023,125000,20000,Gujranwala,70
Unique,Xtreme UD 70,2015,55000,20000,Karachi,70
Honda,CD 70,2017,65000,20000,Lahore,70
Honda,CD 70,2022,108000,20000,Karachi,70
Road,Prince 70 Passion Plus,2025,140000,20000,Lahore,70
Honda,CD 70,2022,185000,20000,Rawalpindi,70
Honda,CD 70,2019,85500,20000,Karachi,70
United,US 70,2022,58000,20000,Jhelum,70
United,US 70,2018,44000,20000,Rawalpindi,70
United,US 70,1914,28000,20000,Gujrat,70
Honda,CD 70,2014,58000,20000,Lahore,70
Honda,CD 70,2022,115000,20000,Bahawalpur,70
Pak,Hero RF 70,2006,30000,20000,Karachi,70
Toyo,,2019,50000,20000,Mandi bahauddin,70
Honda,CD 70,2022,119000,20000,Pir mahal,70
Honda,CD 70,2023,123000,20000,Lahore,70
Honda,CD 70,2023,125000,20000,Faisalabad,70
Honda,CD 70,2020,102000,20000,Faisalabad,70
United,US 70,2017,42000,20000,Lahore,70
United,US 70,2021,60000,20000,Mansehra,70
Honda,CD 70,2022,125000,20000,Lahore,70
Union,Star US,2022,65000,20000,Rawalpindi,70
Hi,Speed CDI SR- EURO-2,2012,35000,20000,Karachi,70
Honda,CD 70,2023,118000,20000,Lahore,70
Union,Star US,2015,45000,20000,Rawalpindi,70
Honda,CD 70,2012,70000,20000,Jhelum,70
Honda,CD 70,2015,85000,20000,Attock,70
United,US 70,2021,70000,20000,Abbottabad,70
United,US 70,2020,68000,20000,Abbottabad,70
Honda,CD 70,2023,128000,20000,Karachi,70
Road,Prince 70 Passion Plus,2016,35000,20000,Faisalabad,70
Unique,Xtreme UD 70,2016,50000,20000,Taxila,70
Star,DS 70,2004,60000,20000,Karachi,70
Ghani,Gi 70,2020,65000,20000,Vehari,70
United,US 70,2025,110000,20000,Lahore,70
Chinese,Bikes 70,2021,70000,20000,Karachi,70
Road,Prince 70 Passion Plus,2019,45000,20000,Lahore,70
Road,Prince 70 Passion Plus,2020,50000,20000,Lahore,70
United,US 70,2023,55500,20000,Hyderabad,70
Honda,CD 70,2015,65000,20000,Karachi,70
Honda,CD 70,2012,62500,20000,Lahore,70
Crown,CR 70 HD Plus,2022,70000,20000,Rawalpindi,70
United,US 70,2021,70000,20000,Lahore,70
Unique,Xtreme UD 70,2018,55000,20000,Karachi,70
Honda,CD 70,2020,88000,20000,Hyderabad,70
Honda,CD 70,1991,55000,20000,Karachi,70
Road,Prince 70 Passion Plus,2015,45000,20000,Lahore,70
Honda,CD 70,2016,65000,20000,Lahore,70
Bionic,,2009,35000,20000,Bahawalnagar,70
Honda,CD 70,2022,107000,20000,Pak pattan sharif,70
Unique,Xtreme UD 70,2013,35000,20000,Karachi,70
Yamaha,Dhoom YD-70,2011,30000,20000,Lahore,70
Union,Star US,2022,64000,20000,Karachi,70
Honda,CD 70,2022,138000,20000,Wah cantt,70
Unique,Xtreme UD 70,2017,45000,20000,Karachi,70
Metro,MR 70,2020,75000,20000,Gujrat,70
Honda,CD 70,2021,86500,20000,Faisalabad,70
Super,Power SP 70,2014,52000,20000,Karachi,70
Honda,CD 70,2022,110000,20000,Mirpur khas,70
Road,Prince 70 Passion Plus,2016,37000,20000,Lahore,70
Road,Prince 70 Passion Plus,2024,95000,20000,Lahore,70
DYL,Dhoom YD-70,2010,50000,20000,Lahore,70
Super,Power SP 70,2022,67000,20000,Karachi,70
Bionic,,2011,45000,20000,Karachi,70
Honda,CD 70,2018,95000,20000,Rawalpindi,70
Super,Star CD 70,2023,85000,20000,Karachi,70
Honda,CD 70,2007,42000,20000,Lahore,70
Unique,Xtreme UD 70,2017,64999,20000,Karachi,70
Road,Prince 70 Passion Plus,2017,45000,20000,Lahore,70
ZXMCO,ZX 70 City Rider,2020,70000,20000,Peshawar,70
Road,Prince 70 Passion Plus,2019,50000,20000,Lahore,70
Honda,CD 70,2020,90000,20000,Chichawatni,70
United,US 70,2018,55000,20000,Islamabad,70
Safari,SD 70,2021,58000,20000,Chakwal,70
Eagle,ES 70,2013,55000,20000,Mardan,70
Road,Prince 70 Passion Plus,2018,55000,20000,Lahore,70
Honda,CD 70,2020,90000,20000,Pak pattan sharif,70
Unique,Xtreme UD 70,2018,45000,20000,Karachi,70
Honda,CD 70,2022,125000,20000,Hyderabad,70
United,US 70,2022,80000,20000,Sargodha,70
Honda,CD 70,2018,93000,20000,Swabi,70
Honda,CD 70,2021,99000,20000,Chichawatni,70
Honda,CD 70,1991,85000,20000,Bahawalpur,70
United,US 70,2022,60000,20000,Rawalpindi,70
Honda,CD 70,2021,110000,20000,Lala musa,70
Honda,CD 70,1991,45000,20000,Karachi,70
Honda,CD 70,2019,105000,20000,Jhelum,70
Unique,Xtreme UD 70,2015,45000,20000,Hyderabad,70
Super,Power SP 70,2016,49999,20000,Karachi,70
Union,Star US,2021,75000,20000,Rawalpindi,70
Union,Star US,2019,60000,20000,Rawalpindi,70
United,US 70,2021,68000,20000,Abbottabad,70
Honda,CD 70,2022,135000,20000,Lahore,70
Honda,CD 70,2021,105000,20000,Faisalabad,70
Super,Power SP 70,2015,38000,20000,Hafizabad,70
Super,Asia SA 70,2017,40000,20000,Attock,70
Honda,CD 70,2020,115000,20000,Sheikhupura,70
DYL,Dhoom YD-70,2018,40000,20000,Karachi,70
Honda,CD 70,2024,142000,20000,Karachi,70
Habib,HB 70,2014,63000,20000,Mansehra,70
ZXMCO,ZX 70 City Rider,2021,60000,20000,Karachi,70
Unique,Xtreme UD 70,2018,49000,20000,Karachi,70
Unique,Xtreme UD 70,2018,45000,20000,Jhang,70
Unique,Xtreme UD 70,2021,55000,20000,Karachi,70
Unique,Xtreme UD 70,2019,47000,20000,Karachi,70
Metro,MR 70,2021,55000,20000,Lahore,70
United,US 70,2020,53000,20000,Sargodha,70
Unique,Xtreme UD 70,2020,66000,20009,Mardan,70
Honda,CD 70,1998,50000,20088,Karachi,70
Union,Star US,2022,75000,20200,Karachi,70
Honda,CD 70,2017,115000,20442,Islamabad,70
Union,Star US,2021,62000,20460,Karachi,70
Union,Star US,2025,89000,20500,Rawalpindi,70
Honda,CD 70,2023,132000,20500,Lahore,70
Super,Power SP 70,2023,58000,20655,Karachi,70
Union,Star US,2021,55000,20707,Rawalpindi,70
Unique,Xtreme UD 70,2024,95000,20800,Wah cantt,70
Pak,Hero RF 70,2015,28000,20866,Toba Tek Singh,70
Honda,CD 70,2018,95000,20886,Faisalabad,70
Honda,CD 70 Dream,2018,105000,20895,Islamabad,70
Honda,CD 70,2024,135000,21000,Pattoki,70
Honda,CD 70,2023,142000,21000,Lahore,70
Honda,CD 70,2025,150000,21000,Shakargarh,70
Pak,Hero PH 70,2008,52000,21000,Karachi,70
Honda,CD 70,2016,83000,21000,Sargodha,70
Metro,MR 70,2008,26500,21000,Islamabad,70
Honda,CD 70,2022,110000,21000,Jhang,70
Honda,CD 70,2022,119000,21000,Karachi,70
Union,Star 70 Deluxe,2021,65000,21000,Wah cantt,70
Honda,CD 70,2023,155000,21000,Rawalpindi,70
Honda,CD 70,2022,160000,21000,Chakwal,70
Super,Power SP 70,2021,65000,21000,Chakwal,70
Honda,CD 70,2023,142000,21000,Bahawalpur,70
Honda,CD 70,2023,123000,21000,Islamabad,70
Honda,CD 70,2022,102000,21000,Hyderabad,70
Honda,CD 70,2018,92000,21000,Hyderabad,70
Honda,CD 70,2022,122000,21000,Arifwala,70
Honda,CD 70,2022,130000,21000,Rawalpindi,70
Honda,CD 70,2022,135000,21000,Mian Wali,70
Honda,CD 70,2021,125000,21000,Bahawalpur,70
Honda,CD 70,2018,83000,21345,Sadiqabad,70
Honda,CD 70,2023,120000,21346,Islamabad,70
Honda,CD 70,2019,110000,21495,Lahore,70
Union,Star US,2023,80000,21500,Chakwal,70
Honda,CD 70,2019,100000,21500,Sargodha,70
Honda,CD 70,2019,110000,21500,Lahore,70
Union,Star US,2019,65000,21501,Islamabad,70
Honda,CD 70,2023,123000,21509,Toba Tek Singh,70
Hi,Speed SR 70,2024,78000,21534,Rawalpindi,70
Honda,CD 70,2020,65000,21573,Sargodha,70
Honda,CD 70,2021,105000,21600,Rawat,70
Union,Star US,2023,60000,21693,Islamabad,70
Ghani,Gi 70 Self Start,2019,94999,21810,Lahore,70
Road,King Bullet,2023,90000,21878,Bahawalpur,70
Road,Prince 70 Passion Plus,2023,45000,22000,Lahore,70
Honda,CD 70,2022,110000,22000,Lahore,70
Honda,CD 70,2024,140000,22000,Karachi,70
Honda,CD 70,2022,122000,22000,Lahore,70
Toyo,,2016,50000,22000,Rawalpindi,70
ZXMCO,ZX 70 City Rider,2010,30000,22000,Attock,70
Honda,CD 70,2021,105000,22000,Faisalabad,70
Honda,CD 70,2023,115000,22000,Hyderabad,70
Crown,RF 70,2016,50000,22000,Sargodha,70
Unique,UD 70,2008,60000,22000,Karachi,70
Metro,MR 70,2010,42000,22000,Jhelum,70
Honda,CD 70,2021,116000,22000,Sahiwal,70
Super,Star CD 70,2018,45000,22000,Faisalabad,70
Honda,CD 70,2022,110000,22000,Multan,70
Honda,CD 70,2019,105000,22000,Lahore,70
Hi,Speed CDI SR- EURO-2,2022,110000,22000,Mardan,70
Honda,CD 70 Dream,2022,120000,22000,Quetta,70
Honda,CD 70,2021,110000,22000,Gujranwala,70
Super,Star CD 70,2018,42000,22000,Faisalabad,70
Honda,CD 70,2021,115000,22000,Gujranwala,70
Honda,CD 70,2023,117000,22000,Lahore,70
United,US 70,2018,57000,22000,Hasilpur,70
Chinese,Bikes 70,2017,52000,22000,Karachi,70
Honda,CD 70 Dream,2017,105000,22000,Islamabad,70
Honda,CD 70,2022,105000,22000,Okara,70
Honda,CD 70,2008,75000,22000,Sargodha,70
Honda,CD 70,2022,130000,22000,Rawalpindi,70
Unique,Xtreme UD 70,2022,72000,22000,Haripur,70
Honda,CD 70,2023,125000,22000,Lahore,70
Super,Power SP 70,2022,68000,22000,Karachi,70
Super,Power SP 70,2022,70000,22000,Karachi,70
Honda,CD 70,2021,115000,22000,Lahore,70
Honda,CD 70 Dream,2014,100000,22000,Islamabad,70
Honda,CD 70,2021,91000,22000,Lahore,70
Honda,CD 70,2022,102000,22000,Lahore,70
United,US 70,2008,22000,22000,Harappa,70
Honda,CD 70,2018,82000,22098,Lahore,70
Honda,CD 70,2018,77000,22098,Lahore,70
Honda,CD 70,2024,140000,22134,Hasilpur,70
Honda,CD 70,2019,130000,22205,Sheikhupura,70
Road,Prince 70 Passion Plus,2015,28500,22258,Lahore,70
Honda,CD 70,2021,115000,22259,Faisalabad,70
Super,Power SP Premium 70,2022,110000,22300,Karachi,70
Treet,EURO II TR 70,2019,52000,22345,Abbottabad,70
Honda,CD 70,2023,135000,22370,Sargodha,70
Honda,CD 70,2010,70000,22500,Faisalabad,70
Honda,CD 70,2022,130000,22644,Jaranwala,70
Honda,CD 70,2018,85000,22808,Lahore,70
Honda,CD 70,2017,78500,22808,Faisalabad,70
Honda,CD 70,2019,95000,22808,Lahore,70
Super,Star CD 70,2017,44000,23000,Sargodha,70
Honda,CD 70,2022,130000,23000,Islamabad,70
Honda,CD 70,2022,126000,23000,Faisalabad,70
Honda,CD 70,2024,148000,23000,Khanewal,70
Honda,CD 70,2022,126000,23000,Lahore,70
Road,Prince 70 Passion Plus,2019,56000,23000,Lahore,70
Chinese,Bikes 70,2019,56000,23000,Lahore,70
Super,Power SP 70,2020,72000,23000,Karachi,70
Road,Prince 70 Passion Plus,2022,50000,23000,Faisalabad,70
United,US 70,2021,65000,23000,Rawalpindi,70
Honda,CD 70,2021,120000,23000,Sahiwal,70
Honda,CD 70,2021,115000,23000,Lahore,70
Honda,CD 70,2023,130000,23000,Rawalpindi,70
United,US 70,2012,42000,23000,Rawalpindi,70
Honda,CD 70,2022,114000,23000,Lahore,70
Safari,SD 70,2015,38000,23000,Rawalpindi,70
United,US 70,2020,74000,23000,Abbottabad,70
Road,Prince 70 Passion Plus,2018,40000,23000,Okara,70
Honda,CD 70,2022,130000,23000,Lahore,70
Honda,CD 70,2024,135000,23000,Bhalwal,70
Honda,CD 70,2022,135000,23000,Islamabad,70
Road,Prince 70 Passion Plus,2021,70000,23000,Lahore,70
Honda,CD 70,2022,100000,23000,Sialkot,70
Honda,CD 70,2018,90000,23008,Bahawalpur,70
Honda,CD 70,2023,75000,23155,Bahawalpur,70
United,US 70,2022,55000,23232,Rawalpindi,70
Honda,CD 70 Dream,2022,125000,23254,Karachi,70
Honda,CD 70,2023,70000,23341,Bahawalpur,70
Honda,CD 70,2016,74000,23654,Lahore,70
Honda,CD 70 Dream,2021,130000,23756,Gujranwala,70
Unique,Xtreme UD 70,2013,38000,23858,Karachi,70
Honda,CD 70,2014,60000,24000,Lahore,70
United,US 70,2021,60000,24000,Faisalabad,70
Honda,CD 70,2022,125000,24000,Faisalabad,70
Hi,Speed CDI SR- EURO-2,2022,75000,24000,Rawalpindi,70
Honda,CD 70,2021,105000,24000,Islamabad,70
Honda,CD 70,2021,105000,24000,Rawalpindi,70
Honda,CD 70,2023,140000,24000,Islamabad,70
Hi,Speed SR 70,2019,65000,24000,Islamabad,70
Hi,Speed CDI SR- EURO-2,2019,75000,24000,Rawalpindi,70
Honda,CD 70,2017,71000,24000,Hafizabad,70
Road,Prince 70 Passion Plus,2020,49000,24000,Lahore,70
Honda,CD 70,2024,136000,24000,Lahore,70
Honda,CD 70,2019,95000,24000,Lahore,70
Unique,Xtreme UD 70,2018,66000,24000,Karachi,70
Honda,CD 70,2021,114000,24000,Karachi,70
Honda,CD 70,2023,128000,24000,Faisalabad,70
United,US 70,2025,110000,24197,Islamabad,70
Honda,CD 70,2023,130000,24265,Karachi,70
Road,Prince 70 Passion Plus,2020,48500,24500,Lahore,70
Hi,Speed CDI SR- EURO-2,2012,37000,24545,Rawalpindi,70
Honda,CD 70,2021,100000,24688,Lahore,70
ZXMCO,ZX 70 City Rider,2019,68000,24980,Haripur,70
Honda,CD 70,2022,135000,24992,Lahore,70
Unique,UD 70,2022,65000,24999,Karachi,70
Super,Star CD 70,2019,60000,25000,Karachi,70
Crown,CR 70 Self Start,2021,105000,25000,Karachi,70
Safari,SD 70,2012,37000,25000,Jhelum,70
Honda,CD 70,2021,120000,25000,Multan,70
Super,Power SP 70,2011,35000,25000,Islamabad,70
Honda,CD 70,2020,95000,25000,Harappa,70
Honda,CD 70,2022,125000,25000,Mirpur khas,70
Honda,CD 70,2019,70000,25000,Islamabad,70
Hi,Speed CDI SR- EURO-2,2017,42500,25000,Karachi,70
Honda,CD 70,2019,99000,25000,Islamabad,70
Ravi,Humsafar 70,2021,60000,25000,Mirpur A.K.,70
Pak,Hero PH 70,2012,25000,25000,Lahore,70
United,US 70,2022,47500,25000,Rawalpindi,70
United,US 70,2015,55000,25000,Multan,70
Union,Star US,2023,93000,25000,Karachi,70
Honda,CD 70,2017,78999,25000,Lahore,70
Super,Power SP 70,2017,70000,25000,Karachi,70
Honda,CD 70,2021,95000,25000,Kasur,70
Unique,Xtreme UD 70,2022,75000,25000,Karachi,70
Metro,MR 70,2021,60000,25000,Islamabad,70
Honda,CD 70,2022,135000,25000,Islamabad,70
Pak,Hero PH 70,2008,85000,25000,Murree,70
Honda,CD 70,2024,145000,25000,Lahore,70
Unique,UD 70,2021,45000,25000,Mansehra,70
Super,Power SP 70,2020,60000,25000,Karachi,70
Super,Power SP 70,2022,63000,25000,Mian Channu,70
Super,Star CD 70,2022,57500,25000,Karachi,70
Honda,CD 70,2020,105000,25000,Islamabad,70
Honda,CD 70,2012,85000,25000,Lahore,70
Honda,CD 70,2015,70000,25000,Faisalabad,70
Honda,CD 70,2021,115000,25000,Rawalpindi,70
Honda,CD 70,2022,130000,25000,Peshawar,70
Honda,CD 70,2023,115000,25000,Sialkot,70
Honda,CD 70 Dream,2022,145000,25000,Gujar Khan,70
Honda,CD 70,2022,125000,25000,Dijkot,70
United,US 70,2014,35000,25000,Lahore,70
ZXMCO,ZX 70 City Rider,2012,55000,25000,Rawalpindi,70
United,US 70,2021,70000,25000,Lahore,70
Honda,CD 70,2022,81000,25000,Hyderabad,70
Honda,CD 70,2018,88000,25000,Faisalabad,70
Union,Star 70 Deluxe,2023,85000,25000,Islamabad,70
Union,Star US,2021,68000,25000,Rawalpindi,70
Honda,CD 70,2022,72000,25000,Rawalpindi,70
Union,Star US,2018,49000,25000,Karachi,70
Road,Prince 70 Passion Plus,2017,60000,25000,Lahore,70
Honda,CD 70,2019,98500,25000,Wah cantt,70
Honda,CD 70,2022,115000,25000,Multan,70
Honda,CD 70,2020,115000,25000,Lahore,70
Super,Power SP 70,2021,65000,25000,Karachi,70
Honda,CD 70,2023,135000,25000,Islamabad,70
United,US 70,2019,63999,25000,Lahore,70
Super,Power SP 70,2013,62000,25000,Karachi,70
United,US 70,2023,63000,25000,Lahore,70
Honda,CD 70,2021,100000,25000,Lahore,70
United,US 70,2019,52000,25000,Peshawar,70
Metro,MR 70,2022,55000,25000,Islamabad,70
Honda,CD 70,2022,117000,25000,Lahore,70
Hi,Speed CDI SR- EURO-2,2022,65000,25000,Karachi,70
United,US 70,2017,44000,25000,Islamabad,70
Super,Power SP 70,2009,50000,25000,Burewala,70
Honda,CD 70,2022,125000,25000,Mian Channu,70
Treet,EURO II TR 70,2014,25000,25000,Gujranwala,70
United,US 70,2022,70000,25000,Islamabad,70
Unique,Xtreme UD 70,2021,63000,25000,Karachi,70
Honda,CD 70,2022,120000,25000,Lahore,70
Hi,Speed CDI SR- EURO-2,2021,65000,25000,Rawalpindi,70
Honda,CD 70,2022,112000,25000,Faisalabad,70
Union,Star US,2022,65000,25000,Islamabad,70
Metro,MR 70,2011,28000,25000,Lahore,70
Super,Star CD 70,2012,30000,25000,Hyderabad,70
Sonica,SM 70,2010,22000,25000,Mandi bahauddin,70
Honda,CD 70,2016,75000,25000,Jhelum,70
Union,Star US,2022,70000,25000,Islamabad,70
United,US 70,2013,47000,25000,Peshawar,70
Super,Star CD 70,2010,20000,25000,Karachi,70
Crown,RF 70,2018,38500,25000,Faisalabad,70
Super,Power SP 70,2021,60000,25000,Karachi,70
United,US 70,2018,45000,25000,Karachi,70
Honda,CD 70,2021,98000,25000,Sialkot,70
Honda,CD 70 Dream,2022,120000,25000,D.G.Khan,70
United,US 70,2021,55000,25000,Mirpur khas,70
Unique,UD 70,2017,50000,25000,Karachi,70
Honda,CD 70,2020,100000,25000,Sargodha,70
United,US 70,2020,75000,25000,Lahore,70
Honda,CD 70,2019,81000,25000,Gujrat,70
United,US 70,2019,70000,25000,Karachi,70
Honda,CD 70,2023,124000,25000,Depal pur,70
Unique,Xtreme UD 70,2019,81000,25000,Karachi,70
Road,Prince 70 Passion Plus,2017,38000,25000,Islamabad,70
Honda,CD 70,2016,35000,25000,Faisalabad,70
Honda,CD 70,2014,63000,25000,Karachi,70
Super,Power SP 70,2015,43000,25000,Karachi,70
Chinese,Bikes 70,2019,65000,25000,Islamabad,70
Union,Star US,2019,65000,25000,Islamabad,70
Ghani,Gi 70 Self Start,2016,72000,25000,Faisalabad,70
Honda,CD 70,2022,120000,25000,Pak pattan sharif,70
Honda,CD 70,2008,23000,25000,Lahore,70
Road,Prince 70 Passion Plus,2023,60000,25000,Faisalabad,70
United,US 70,2018,36500,25089,Islamabad,70
Honda,CD 70,2023,136000,25104,Hasilpur,70
Hi,Speed CDI SR- EURO-2,2013,32500,25143,Karachi,70
United,US 70,2016,30000,25145,Faisalabad,70
Honda,CD 70,2018,90000,25190,Multan,70
Honda,CD 70,2022,120000,25200,Multan,70
United,US 70,2019,52000,25265,Lahore,70
Honda,CD 70,2013,33000,25368,Karachi,70
Union,Star US,2021,56500,25386,Karachi,70
Honda,CD 70,2023,129000,25422,Lahore,70
Unique,Xtreme UD 70,2019,53000,25432,Karachi,70
Honda,CD 70,2022,120000,25435,Islamabad,70
Bionic,,2015,60000,25464,Karachi,70
Honda,CD 70,2020,52500,25475,Lahore,70
Honda,CD 70,2020,105000,25532,Lahore,70
Honda,CD 70,2022,125000,25627,Lahore,70
Honda,CD 70 Dream,2014,74000,25631,Layyah,70
Honda,CD 70,2020,90000,25700,Lahore,70
Honda,CD 70,2022,130000,25700,Lahore,70
Hi,Speed CDI SR- EURO-2,2015,35000,25800,Rawalpindi,70
Honda,CD 70,2022,110000,25800,Lahore,70
Honda,CD 70,2007,42500,25866,Lahore,70
Honda,CD 70,2007,80000,25884,Islamabad,70
Honda,CD 70,2006,27000,25885,Rawalpindi,70
Honda,CD 70,2021,115000,25962,Lahore,70
Honda,CD 70,2020,120000,26000,Attock,70
United,US 70,2021,72000,26000,Lahore,70
Honda,CD 70,2023,122000,26000,Gujranwala,70
Honda,CD 70,2018,110000,26000,Lahore,70
Honda,CD 70,2020,100000,26000,Lahore,70
Union,Star US,2017,52000,26000,Taxila,70
Honda,CD 70,2023,125000,26000,Rahim Yar Khan,70
United,US 70,2016,70000,26000,Faisalabad,70
Honda,CD 70,2016,70000,26000,Faisalabad,70
Honda,CD 70,2020,99000,26000,Lahore,70
Honda,CD 70,2018,55000,26000,Narowal,70
Super,Star CD 70,2016,40000,26000,Karachi,70
Honda,CD 70,2022,114000,26000,Vehari,70
Honda,CD 70,2023,138000,26000,Karachi,70
Honda,CD 70,2023,81000,26000,Islamabad,70
Honda,CD 70,2020,145000,26000,Multan,70
Honda,CD 70,2022,120000,26000,Jhang,70
Honda,CD 70,2019,115000,26000,Sargodha,70
Ravi,Humsafar 70,2014,27500,26000,Rawalpindi,70
Honda,CD 70,2022,125000,26100,Wah cantt,70
Honda,CD 70,2022,120000,26120,Chishtian,70
United,US 70,2023,72000,26300,Multan,70
Honda,CD 70,2021,115000,26320,Lahore,70
Honda,CD 70,2017,95000,26500,Lahore,70
Honda,CD 70,2016,95000,26636,Rawalpindi,70
United,US 70,2015,38000,26662,Lahore,70
Union,Star US,2023,82000,26789,Rawalpindi,70
Honda,CD 70,2021,115000,26800,Lahore,70
Unique,Xtreme UD 70,2020,65000,26800,Lahore,70
Honda,CD 70,2018,130000,26807,Islamabad,70
Hi,Speed CDI SR- EURO-2,2021,65000,27000,Rawalpindi,70
Honda,CD 70 Dream,2020,98000,27000,Rahim Yar Khan,70
Honda,CD 70,2018,105000,27000,Rawalpindi,70
Honda,CD 70,2018,95000,27000,Lahore,70
Honda,CD 70,2018,114000,27000,Rawalpindi,70
Hi,Speed SR 70,2016,40000,27000,Karachi,70
Honda,CD 70,2021,115000,27000,Rawalpindi,70
Honda,CD 70,2022,114000,27000,Pir mahal,70
United,US 70,2019,82000,27000,Rawalpindi,70
Honda,CD 70,2018,98000,27000,Lahore,70
Honda,CD 70,2021,114000,27000,Islamabad,70
Honda,CD 70,2022,125000,27000,Jhang,70
Metro,MR 70,2019,45000,27183,Lahore,70
United,US 70,2023,72000,27330,Abbottabad,70
Crown,CRLF 70,2016,65000,27400,Sheikhupura,70
Honda,CD 70,2024,135000,27500,Lahore,70
Honda,CD 70,2024,150000,27541,Lahore,70
Honda,CD 70,2022,125000,27999,Hyderabad,70
Honda,CD 70,2018,72000,28000,Sahiwal,70
United,US 70,2014,120000,28000,Peshawar,70
United,US 70,2018,46000,28000,Lahore,70
Honda,CD 70,2018,57000,28000,Sahiwal,70
Unique,UD 70,2017,68000,28000,Karachi,70
Honda,CD 70,2022,133000,28000,Islamabad,70
Honda,CD 70,2022,135000,28000,Karachi,70
Honda,CD 70,2018,92000,28000,Rahim Yar Khan,70
Honda,CD 70,2020,115000,28000,Islamabad,70
Honda,CD 70,2023,137000,28000,Rawalpindi,70
Honda,CD 70,2021,120000,28000,Rawalpindi,70
Honda,CD 70,2022,114000,28000,Multan,70
Union,Star US,2024,90000,28000,Rawalpindi,70
Honda,CD 70,2022,115000,28000,Lahore,70
Honda,CD 70,2024,155000,28000,Rawalpindi,70
Honda,CD 70,2019,105000,28000,Rawalpindi,70
Honda,CD 70,2020,114000,28000,Lahore,70
Unique,Xtreme UD 70,2020,52000,28000,Karachi,70
Unique,Xtreme UD 70,2018,48000,28000,Rawalpindi,70
Honda,CD 70,2023,140000,28000,Shah kot,70
Honda,CD 70,2020,92500,28000,Sheikhupura,70
Honda,CD 70,2020,52500,28500,Qasba gujrat,70
Honda,CD 70,2022,120000,28500,Lahore,70
Honda,CD 70,2022,125000,28540,Karachi,70
Honda,CD 70,2006,45000,28868,Islamabad,70
Honda,CD 70,2004,42000,28970,Hyderabad,70
Honda,CD 70,2016,97000,29000,Rawalpindi,70
Honda,CD 70,2022,135000,29000,Lahore,70
Honda,CD 70,2021,115000,29000,Lahore,70
Honda,CD 70,2022,105000,29000,Hafizabad,70
Honda,CD 70,2023,124000,29000,Faisalabad,70
Honda,CD 70,2020,75000,29000,Islamabad,70
Honda,CD 70,2018,79000,29000,Okara,70
Crown,CR 70 HD Plus,2019,60000,29000,Khanewal,70
Honda,CD 70,2021,111000,29058,Lahore,70
Honda,CD 70,2020,100000,29337,Lahore,70
Honda,CD 70,2021,89999,29352,Lahore,70
Honda,CD 70,2018,105000,29378,Rawalpindi,70
Honda,CD 70,2018,88000,29500,Bahawalpur,70
Honda,CD 70,2021,100000,29500,Lahore,70
Road,Prince 70 Passion Plus,2023,85000,29555,Islamabad,70
Honda,CD 70,2018,105000,29738,Rawalpindi,70
Honda,CD 70,2024,148000,29800,Lahore,70
Super,Asia SA 70,2013,35000,29999,Rawalpindi,70
Honda,CD 70 Dream,2021,125000,30000,Islamabad,70
Metro,MR 70,2010,23000,30000,Sahiwal,70
Honda,CD 70,2013,55000,30000,Quetta,70
Hi,Speed CDI SR- EURO-2,2021,64000,30000,Karachi,70
Super,Power SP 70,2018,50000,30000,Haripur,70
Honda,CD 70,2021,90000,30000,Lahore,70
Honda,CD 70,2021,112000,30000,Mandi bahauddin,70
Honda,CD 70,2022,125000,30000,Rawalpindi,70
Union,Star 70 Deluxe,2024,96500,30000,Rawalpindi,70
Honda,CD 70,2019,82000,30000,Kasur,70
Honda,CD 70,2011,60000,30000,Rawalpindi,70
Honda,CD 70,2014,41000,30000,Islamabad,70
Honda,CD 70,2021,110000,30000,Karachi,70
Honda,CD 70,2022,114000,30000,Jhang,70
Road,Prince 70 Passion Plus,2021,55000,30000,Islamabad,70
Unique,Xtreme UD 70,2014,42000,30000,Islamabad,70
Safari,SD 70,2016,35000,30000,Sahiwal,70
United,US 70,2020,50000,30000,Lahore,70
Super,Star CD 70,2018,60000,30000,Islamabad,70
Honda,CD 70,2022,115000,30000,Sargodha,70
Metro,MR 70,2020,65000,30000,Gujrat,70
Unique,Xtreme UD 70,2017,47000,30000,Karachi,70
ZXMCO,ZX 70 City Rider,2021,67999,30000,Peshawar,70
Honda,CD 70 Dream,2017,95000,30000,Faisalabad,70
United,US 70,2020,62000,30000,Abbottabad,70
Honda,CD 70,2021,85000,30000,Sahiwal,70
Hi,Speed CDI SR- EURO-2,2021,60000,30000,Rawalpindi,70
Pak,Hero PH 70,2015,22000,30000,Rawalpindi,70
Super,Power SP 70,2018,53000,30000,Islamabad,70
Road,Prince 70 Passion Plus,2015,35000,30000,Lahore,70
Honda,CD 70,2023,135000,30000,Islamabad,70
Honda,CD 70,2015,75000,30000,Faisalabad,70
Honda,CD 70,2021,115000,30000,Karachi,70
Super,Star CD 70,2021,62000,30000,Karachi,70
Honda,CD 70,2018,75000,30000,Lahore,70
Super,Power SP 70,2017,38000,30000,Karachi,70
Unique,Xtreme UD 70,2019,47000,30000,Karachi,70
Honda,CD 70,2022,125000,30000,Islamabad,70
Honda,CD 70,2020,68000,30000,Karachi,70
Honda,CD 70,2021,120000,30000,Lahore,70
Honda,CD 70,2022,120000,30000,Lahore,70
United,US 70,2022,75000,30000,Rawalpindi,70
Bionic,,2018,60000,30000,Karachi,70
Honda,CD 70,2020,90000,30000,Karachi,70
Union,Star US,2023,85000,30000,Rawalpindi,70
Honda,CD 70,2020,105000,30000,Rawalpindi,70
Super,Star CD 70,2018,50000,30000,Islamabad,70
Road,Prince 70 Passion Plus,2021,58000,30000,Lahore,70
Honda,CD 70,2010,85000,30000,Lahore,70
Super,Power SP 70,2018,55000,30000,Abbottabad,70
Metro,MR 70,2022,40000,30000,Sheikhupura,70
Road,Prince 70 Passion Plus,2021,72000,30000,Lahore,70
United,US 70,2021,70000,30000,Islamabad,70
Asia,Hero Deluxe 70,2020,60000,30000,Hyderabad,70
Honda,CD 70,2015,80000,30000,Islamabad,70
United,US 70,2019,48000,30000,Multan,70
Union,Star US,2022,59000,30000,Rawalpindi,70
Super,Star CD 70,2016,45000,30000,Karachi,70
Honda,CD 70,2020,88000,30000,Gujranwala,70
Yamaha,Dhoom YD-70,2020,70000,30000,Karachi,70
Honda,CD 70,2017,68000,30000,Mirpur khas,70
Honda,CD 70,2018,55000,30000,Lahore,70
Honda,CD 70,2020,110000,30000,Rawalpindi,70
Yamaha,Dhoom YD-70,2022,80000,30000,Karachi,70
Honda,CD 70,2022,102000,30000,Karachi,70
United,US 70,2019,55000,30000,Rawalpindi,70
Honda,CD 70,2017,85000,30000,Sheikhupura,70
Union,Star US,2017,50000,30000,Karachi,70
Super,Star CD 70,2020,60000,30000,Islamabad,70
Honda,CD 70,2020,63000,30000,Abbottabad,70
Super,Star CD 70,2012,70000,30000,Karachi,70
Honda,CD 70 Dream,2022,145000,30000,Rawalpindi,70
Honda,CD 70,2021,105000,30000,Islamabad,70
Honda,CD 70,2021,98000,30000,Taxila,70
Honda,CD 70,2020,160000,30000,Karachi,70
Honda,CD 70,2016,75000,30000,Sheikhupura,70
Union,Star US,2020,67000,30000,Islamabad,70
Super,Power SP 70,2008,60000,30000,Karachi,70
Honda,CD 70,2022,100000,30000,Lahore,70
Honda,CD 70,2018,85999,30000,Multan,70
Honda,CD 70,2012,85000,30000,Rawalpindi,70
Super,Star CD 70,2020,65000,30000,Karachi,70
Hi,Speed SR 70,2018,70000,30000,Islamabad,70
Asia,Hero CDI 70,2022,66000,30000,Karachi,70
Honda,CD 70,2016,50000,30000,Karachi,70
Super,Power SP 70,2010,36000,30000,Lahore,70
United,US 70,2021,60000,30000,Rawalpindi,70
United,US 70,2015,48000,30000,Lahore,70
Eagle,ES 70,2015,43500,30000,Faisalabad,70
Honda,CD 70 Dream,2020,85000,30000,Sialkot,70
Honda,CD 70 Dream,2022,135000,30000,Karachi,70
Metro,MR 70,2017,40000,30000,Lahore,70
United,US 70,2014,50000,30000,Lahore,70
ZXMCO,ZX 70 City Rider,2021,56000,30000,Multan,70
Honda,CD 70,2024,160000,30000,Islamabad,70
Super,Power SP 70,2018,55000,30000,Karachi,70
Unique,Xtreme UD 70,2020,60000,30000,Karachi,70
Super,Power SP 70,2016,50000,30000,Haripur,70
Honda,CD 70,2022,114000,30000,Lahore,70
Road,Prince 70 Passion Plus,2018,60000,30000,Lahore,70
Unique,Xtreme UD 70,2022,90000,30000,Karachi,70
Honda,CD 70,2021,105000,30000,Faisalabad,70
Honda,CD 70,1996,40000,30000,Jhelum,70
Metro,MR 70,2014,60000,30000,Wah cantt,70
Asia,Hero CDI 70,2013,18000,30000,Hyderabad,70
Honda,CD 70,2016,70000,30000,Lahore,70
United,US 70,2012,40000,30000,Nowshera cantt,70
Metro,MR 70,2022,65000,30000,Taxila,70
Union,Star US,2020,60000,30000,Karachi,70
Honda,CD 70,2016,90000,30000,Bahawalpur,70
Union,Star US,2017,67000,30000,Rawalpindi,70
Hi,Speed CDI SR- EURO-2,2021,75000,30000,Attock,70
Super,Power SP 70,2019,42000,30000,Karachi,70
Super,Power SP 70,2017,19000,30000,Lahore,70
United,US 70,2021,62000,30000,Rawalakot,70
Road,Prince 70 Passion Plus,2017,38000,30000,Lahore,70
United,US 70,2017,60000,30000,Islamabad,70
Hi,Speed CDI SR- EURO-2,2017,60000,30000,Hyderabad,70
Honda,CD 70,2008,65000,30000,Wah cantt,70
Unique,Xtreme UD 70,2020,52000,30000,Karachi,70
United,US 70,1922,48000,30000,Lahore,70
Honda,CD 70,2022,105000,30000,Sahiwal,70
Honda,CD 70,2017,55000,30000,Lahore,70
Road,Prince Classic 70,2018,43000,30000,Faisalabad,70
Super,Power SP 70,2016,50000,30000,Karachi,70
Honda,CD 70,2021,105000,30000,Lahore,70
Honda,CD 70,2013,60000,30000,Burewala,70
Road,Prince 70 Passion Plus,2020,60000,30000,Abbottabad,70
Ravi,Humsafar 70,2020,70000,30000,Taxila,70
Union,Star US,2018,47000,30000,Karachi,70
Road,Prince 70 Passion Plus,2019,55000,30000,Lahore,70
United,US 70,2020,60000,30000,Multan,70
United,US 70,2016,40000,30000,Rawalpindi,70
Hi,Speed CDI SR- EURO-2,2021,46000,30000,Islamabad,70
Honda,CD 70,2010,58000,30000,Okara,70
Honda,CD 70,2020,110000,30000,Faisalabad,70
Road,Prince Classic 70,2016,49999,30000,Lahore,70
Unique,Xtreme UD 70,2021,63000,30000,Karachi,70
Super,Power SP 70,2021,62000,30000,Karachi,70
Honda,CD 70,2021,130000,30000,Lahore,70
Metro,MR 70,2020,40000,30000,Lahore,70
Honda,CD 70,2013,70000,30000,Lahore,70
Super,Star CD 70,2007,35000,30000,Karachi,70
Super,Power SP 70,2021,65000,30000,Karachi,70
Union,Star US,2021,64000,30000,Rawalpindi,70
Yamaha,Dhoom YD-70,2015,55500,30000,Rahim Yar Khan,70
Honda,CD 70,2021,125000,30000,Rawalpindi,70
Super,Star CD 70,2015,46500,30000,Hyderabad,70
United,US 70,2021,48000,30000,Gujar Khan,70
Metro,MR 70,2022,63000,30000,Gujranwala,70
Unique,Xtreme UD 70,2024,80000,30000,Karachi,70
Honda,CD 70,2022,108000,30000,Rawalpindi,70
Unique,Xtreme UD 70,2022,62000,30000,Karachi,70
Honda,CD 70,2021,105000,30000,Rahim Yar Khan,70
Honda,CD 70,2022,86000,30000,Lahore,70
Road,Prince 70 Passion Plus,2022,70000,30000,Faisalabad,70
Super,Power SP 70,2017,55000,30000,Shahdadpur,70
Honda,CD 70,2017,50000,30000,Abbottabad,70
Unique,Xtreme UD 70,2019,55000,30000,Karachi,70
ZXMCO,ZX 70 City Rider,2022,67000,30000,Peshawar,70
Hero,RF 70,2002,25000,30000,Lahore,70
Pak,Hero RF 70,2002,25000,30000,Lahore,70
Honda,CD 70,2011,35000,30000,Lahore,70
ZXMCO,ZX 70 City Rider,2009,30000,30000,Toba Tek Singh,70
United,US 70,2020,75000,30000,Islamabad,70
Honda,CD 70,2019,83000,30000,Lahore,70
Super,Star CD 70,2022,72000,30000,Karachi,70
Pak,Hero RF 70,2009,28500,30000,Rawalpindi,70
Unique,Xtreme UD 70,2021,85000,30000,Haripur,70
Hi,Speed CDI SR- EURO-2,2022,78000,30000,Islamabad,70
Super,Power SP 70,2020,60000,30000,Karachi,70
Honda,CD 70,2020,105000,30000,Lahore,70
Honda,CD 70,2022,130000,30000,Mian Channu,70
Chinese,Bikes 70,2016,55000,30000,Bahawalpur,70
Hi,Speed CDI SR- EURO-2,2019,220000,30000,Taxila,70
Union,Star US,2023,80000,30000,Karachi,70
Road,Prince 70 Passion Plus,2021,65000,30000,Islamabad,70
Super,Power SP 70,2015,48000,30000,Karachi,70
Honda,CD 70,2021,112000,30000,Okara,70
United,US 70,2015,45000,30000,Chakwal,70
Honda,CD 70,2015,63000,30000,Lahore,70
Road,Prince 70 Passion Plus,2021,60000,30000,Lahore,70
Super,Power SP 70,2015,32000,30000,Pind Dadan Khan,70
Union,Star US,2017,65000,30000,Rawalpindi,70
Honda,CD 70,2022,95000,30000,Lahore,70
Honda,CD 70,2018,70000,30000,Sialkot,70
Ravi,Humsafar 70,2020,70000,30000,Kohat,70
ZXMCO,ZX 70 City Rider,2021,60000,30000,Peshawar,70
United,US 70,2019,51000,30000,Rawalpindi,70
Road,Prince 70 Passion Plus,2022,56000,30000,Lahore,70
Honda,CD 70,2023,110000,30000,Karachi,70
Super,Power SP 70,2017,50000,30000,Karachi,70
Honda,CD 70,1992,80000,30237,Wah cantt,70
Honda,CD 70 Dream,2021,118000,30400,Lahore,70
Honda,CD 70,1992,105000,30606,Gujrat,70
Honda,CD 70,2018,115000,31000,Mian Wali,70
Honda,CD 70 Dream,2022,140000,31000,Abbottabad,70
United,US 70,2024,75000,31630,Lahore,70
Honda,CD 70,2021,114000,31700,Vehari,70
Honda,CD 70,2021,118000,32000,Faisalabad,70
Honda,CD 70,2020,95000,32000,Faisalabad,70
Honda,CD 70,1987,33000,32000,Lahore,70
Honda,CD 70,2018,95000,32000,Lahore,70
Honda,CD 70,2022,120000,32000,Islamabad,70
Honda,CD 70,2012,58000,32000,Lahore,70
Metro,MR 70,2019,52000,32000,Lahore,70
Unique,Xtreme UD 70,2018,55000,32000,Karachi,70
Honda,CD 70,2023,125000,32000,Sargodha,70
Metro,MR 70,2011,50000,32000,Lahore,70
Honda,CD 70,2021,110000,32000,Sadiqabad,70
Honda,CD 70,2016,75000,32046,Attock,70
Honda,CD 70,2023,125000,32064,Rawalpindi,70
Honda,CD 70,2022,115000,32120,Lahore,70
Honda,CD 70,2021,110000,32286,Multan,70
Honda,CD 70,2021,114000,32500,Lahore,70
Honda,CD 70,2017,100000,32565,Khushab,70
Honda,CD 70,2019,110000,32800,Faisalabad,70
Honda,CD 70,2009,58000,32850,Islamabad,70
Honda,CD 70,2022,140000,33000,Lahore,70
Honda,CD 70,2010,40000,33000,Sheikhupura,70
Super,Power SP 70,2015,50000,33000,Talagang,70
Honda,CD 70,2016,85000,33000,Lahore,70
Honda,CD 70,2015,65000,33000,Multan,70
Honda,CD 70,2021,120000,33000,Wah cantt,70
Road,Prince 70 Passion Plus,2017,23000,33000,Lahore,70
Honda,CD 70,2021,95000,33000,Lahore,70
Honda,CD 70,2017,78000,33000,Rawalpindi,70
Crown,CRLF 70,2015,50000,33000,Karachi,70
Hi,Speed CDI SR- EURO-2,2014,60000,33277,Peshawar,70
Super,Power SP 70,2014,28000,33333,Sukkur,70
Honda,CD 70,2021,125000,33500,Rawalpindi,70
Honda,CD 70,2002,56666,33500,Faisalabad,70
Honda,CD 70,2015,78000,33682,Lahore,70
Honda,CD 70,2007,68000,34000,Lahore,70
Honda,CD 70,2021,120000,34000,Lahore,70
Honda,CD 70,2017,110000,34000,Rawalpindi,70
Honda,CD 70,2018,90000,34000,Liaqat Pur,70
Honda,CD 70,2023,130000,34000,Lahore,70
Honda,CD 70,2020,107000,34000,Multan,70
Honda,CD 70,2016,90000,34000,Abbottabad,70
Hi,Speed CDI SR- EURO-2,2017,60000,34000,Islamabad,70
United,US 70,2017,61000,34000,Lahore,70
Union,Star US,2018,75000,34000,Rawalpindi,70
Road,Prince Classic 70,2020,60000,34000,Lahore,70
Honda,CD 70,2021,115000,34000,Lahore,70
Honda,CD 70,2023,145000,34000,Charsadda,70
Honda,CD 70,2022,120000,34000,Lahore,70
Honda,CD 70,2021,100000,34411,Lahore,70
Unique,Xtreme UD 70,2014,60000,34450,Chiniot,70
Honda,CD 70,2022,118000,34560,Mardan,70
Road,Prince 70 Passion Plus,2019,78000,34600,Rawalpindi,70
Honda,CD 70,2022,100000,34714,Faisalabad,70
Honda,CD 70,2022,110000,35000,Narowal,70
Honda,CD 70,2022,110000,35000,Hyderabad,70
Honda,CD 70,2013,82000,35000,Jauharabad,70
Union,Star US,2019,66999,35000,Karachi,70
Honda,CD 70,2008,45000,35000,Lahore,70
Honda,CD 70,2019,110000,35000,Islamabad,70
Honda,CD 70,2009,52000,35000,Lahore,70
Honda,CD 70,2018,95000,35000,Jhelum,70
United,US 70,2020,67000,35000,Islamabad,70
Unique,Xtreme UD 70,2023,80000,35000,Karachi,70
Unique,UD 70,2023,80000,35000,Karachi,70
United,US 70,2017,35000,35000,Lahore,70
Pak,Hero RF 70,2007,32500,35000,Haripur,70
Honda,CD 70,2020,105000,35000,Lahore,70
United,US 70,2019,56800,35000,Islamabad,70
Super,Star CD 70,2021,53000,35000,Karachi,70
Honda,CD 70,2016,60000,35000,Karachi,70
United,US 70,2020,70000,35000,Islamabad,70
Honda,CD 70,2022,105000,35000,Karachi,70
Honda,CD 70,2018,90000,35000,Lahore,70
Honda,CD 70,2017,85000,35000,Lahore,70
Honda,CD 70,2019,92000,35000,Sangla Hills,70
Honda,CD 70,2020,96000,35000,Sialkot,70
Honda,CD 70,2022,85000,35000,Lahore,70
Honda,CD 70,2012,39000,35000,Rawalpindi,70
Honda,CD 70,2020,95500,35000,Lahore,70
Union,Star 70 Deluxe,2021,65000,35000,Karachi,70
Honda,CD 70,2021,93000,35000,Lahore,70
Honda,CD 70 Dream,2022,117000,35000,Faisalabad,70
Super,Star CD 70,2005,35000,35000,Islamabad,70
United,US 70,2014,35000,35000,Gujranwala,70
Metro,MR 70,2017,42000,35000,Okara,70
Road,Prince 70 Passion Plus,2021,65000,35000,Lahore,70
Honda,CD 70,2023,136000,35000,Rawalpindi,70
Honda,CD 70,2020,95000,35000,Karachi,70
Honda,CD 70,2018,75000,35000,Sialkot,70
United,US 70,2019,58000,35000,Islamabad,70
Honda,CD 70,2018,100000,35000,Taxila,70
Honda,CD 70,2022,112000,35000,Lahore,70
United,US 70,2020,49000,35000,Faisalabad,70
Honda,CD 70,2019,95000,35000,Lahore,70
Treet,EURO II TR 70,2022,58000,35000,Abbottabad,70
Bionic,,2018,60000,35000,Karachi,70
Honda,CD 70,2015,90000,35000,Kasur,70
Metro,MR 70,2011,35000,35000,Islamabad,70
United,US 70,2021,52000,35000,Lahore,70
Crown,CRLF 70,2021,70000,35000,Karachi,70
Union,Star US,2022,63000,35000,Karachi,70
Union,Star US,2018,60000,35000,Rawalpindi,70
United,US 70,2019,35000,35000,Karachi,70
United,US 70,2023,75000,35000,Rawalpindi,70
Honda,CD 70,2018,90000,35000,Jhelum,70
Road,Prince 70 Passion Plus,2019,42000,35000,Lahore,70
Honda,CD 70,2021,100000,35250,Lahore,70
Road,Prince RP 70,2017,49000,35256,Islamabad,70
Road,Prince 70 Passion Plus,2017,34000,35263,Attock,70
Honda,CD 70,2005,29000,35264,Lahore,70
United,US 70,2021,58000,35500,Lahore,70
Honda,CD 70 Dream,2018,85000,35789,Islamabad,70
Honda,CD 70,2008,28000,35823,Karachi,70
Honda,CD 70,2020,107000,35926,Lahore,70
Honda,CD 70,2020,115000,36000,Rawalpindi,70
Honda,CD 70,2019,80000,36000,Mardan,70
Honda,CD 70,2021,111000,36000,Karachi,70
Road,Prince 70 Passion Plus,2019,64000,36000,Lahore,70
Road,Prince 70 Passion Plus,2016,37500,36000,Lahore,70
Honda,CD 70,2020,100000,36000,Pind Dadan Khan,70
Union,Star US,2020,65000,36000,Islamabad,70
Honda,CD 70,2024,140000,36000,Lahore,70
Honda,CD 70,2020,120000,36131,Sargodha,70
Honda,CD 70,2022,100000,36169,Jaranwala,70
Honda,CD 70 Dream,2018,88000,36639,Lahore,70
Road,Prince 70 Passion Plus,2016,45000,36800,Lahore,70
Pak,Hero PH 70,2006,31000,36980,Lahore,70
Honda,CD 70,2014,65000,37000,Multan,70
Honda,CD 70 Dream,2014,88000,37000,Rawalpindi,70
Unique,Xtreme UD 70,2018,50000,37000,Karachi,70
Union,Star US,2020,58000,37000,Karachi,70
Honda,CD 70,2021,130000,37000,Rawalpindi,70
Honda,CD 70,2017,55000,37280,Vehari,70
Honda,CD 70,2021,104000,37324,Lahore,70
Treet,EURO II TR 70,2013,52000,37500,Islamabad,70
United,US 70,2021,75000,37500,Lahore,70
Honda,CD 70,2022,123000,37500,Faisalabad,70
Hi,Speed CDI SR- EURO-2,2024,110000,37510,Islamabad,70
Honda,CD 70,2008,45000,37517,Jhelum,70
Union,Star US,2016,48000,37546,Karachi,70
Unique,Xtreme UD 70,2020,70000,38000,Karachi,70
Pak,Hero RF 70,2011,35000,38000,Faisalabad,70
Honda,CD 70,2006,52500,38000,Multan,70
Honda,CD 70,2011,35000,38000,Faisalabad,70
Honda,CD 70,2018,95000,38000,Taxila,70
Honda,CD 70,2016,75000,38000,Bahawalnagar,70
Hi,Speed CDI SR- EURO-2,2018,57000,38000,Rawalpindi,70
Union,Star US,2013,35000,38000,Rawalpindi,70
Honda,CD 70,2011,52000,38000,Rawalpindi,70
Honda,CD 70,2018,84000,38000,Multan,70
Honda,CD 70,2017,105000,38000,Wah cantt,70
Honda,CD 70,2016,60000,38000,Lahore,70
Union,Star US,2021,80000,38000,Rawalpindi,70
Ravi,Humsafar 70,2014,25000,38000,Bahawalpur,70
Honda,CD 70,2020,105000,38165,Faisalabad,70
Honda,CD 70,2013,55500,38492,Gujranwala,70
Union,Star US,2020,60000,39000,Karachi,70
Honda,CD 70,2011,63000,39000,Lahore,70
Honda,CD 70 Dream,2018,90000,39000,Burewala,70
Honda,CD 70,2018,98000,39400,Lahore,70
Honda,CD 70,2020,90000,39500,Okara,70
Honda,CD 70,2022,114000,40000,Lahore,70
Honda,CD 70,2021,130000,40000,Wah cantt,70
Honda,CD 70,2009,42000,40000,Sialkot,70
Honda,CD 70,2007,55000,40000,Khanewal,70
Unique,Xtreme UD 70,2022,65000,40000,Karachi,70
Road,Prince 70 Passion Plus,1969,52000,40000,Karachi,70
Union,Star US,2017,60000,40000,Karachi,70
United,US 70,2015,25000,40000,Lahore,70
United,US 70,2019,75000,40000,Wah cantt,70
Honda,CD 70,2019,105000,40000,Lahore,70
Union,Star US,2017,85000,40000,Karachi,70
Honda,CD 70,2013,60000,40000,Jhang,70
Super,Power SP 70,2021,58000,40000,Karachi,70
Road,Prince 70 Passion Plus,2016,195000,40000,Karachi,70
Road,Prince 70 Passion Plus,2018,40000,40000,Lahore,70
Honda,CD 70,2019,90000,40000,Lahore,70
Honda,CD 70,2017,39000,40000,Lahore,70
Honda,CD 70,2023,68000,40000,Lahore,70
Honda,CD 70,2017,60000,40000,Abdul Hakeem,70
Honda,CD 70,2020,42000,40000,Lahore,70
Honda,CD 70,2018,90000,40000,Multan,70
Honda,CD 70,2017,115000,40000,Rawalpindi,70
Super,Power SP 70,2019,49000,40000,Karachi,70
Honda,CD 70,2017,98000,40000,Chichawatni,70
Honda,CD 70,2019,115000,40000,Toba Tek Singh,70
Chinese,Bikes 70,2018,38000,40000,Hassan abdal,70
Honda,CD 70,2019,85000,40000,Islamabad,70
Honda,CD 70,2018,82500,40000,Lahore,70
Honda,CD 70,2016,50000,40000,Karachi,70
Honda,CD 70,2019,80000,40000,Sargodha,70
Toyo,,2017,40000,40000,Gujranwala,70
Hi,Speed CDI SR- EURO-2,2016,48000,40000,Rawalpindi,70
Unique,UD 70,2021,80000,40000,Karachi,70
Honda,CD 70,2014,63000,40000,Karachi,70
United,US 70,2024,85000,40000,Faisalabad,70
United,US 70,2015,38000,40000,Lahore,70
Honda,CD 70,2021,115000,40000,Rawalpindi,70
Honda,CD 70,2018,76000,40000,Karachi,70
Eagle,ES 70,2017,37000,40000,Faisalabad,70
Road,Prince 70 Passion Plus,2019,70000,40000,Kashmir,70
Honda,CD 70,2022,110000,40000,Lahore,70
Union,Star US,2022,75000,40000,Mirpur A.K.,70
Super,Power SP 70,2018,50000,40000,Lahore,70
Metro,MR 70,2013,55000,40000,Rawalpindi,70
Road,Prince 70 Passion Plus,2011,34500,40000,Karachi,70
Super,Star CD 70,2014,40000,40000,Karachi,70
Unique,UD 70,2022,70000,40000,Wah cantt,70
Honda,CD 70,2018,105000,40000,Rahim Yar Khan,70
Honda,CD 70,2019,84999,40000,Lahore,70
Metro,MR 70,2013,32000,40000,Lahore,70
Honda,CD 70,2020,96000,40000,Kasur,70
Honda,CD 70,2020,110000,40000,Karachi,70
Union,Star US,2010,39999,40000,Gujar Khan,70
Honda,CD 70,2020,72000,40000,Hyderabad,70
Yamaha,Dhoom YD-70,2017,58000,40000,Karachi,70
Super,Asia SA 70,2010,30000,40000,Faisalabad,70
Honda,CD 70,2018,86000,40000,Faisalabad,70
Unique,Xtreme UD 70,2021,58000,40000,Karachi,70
United,US 70,2024,35000,40000,Lahore,70
Unique,Xtreme UD 70,2022,48000,40000,Karachi,70
Super,Asia SA 70,2011,42000,40000,Faisalabad,70
Honda,CD 70,2013,75000,40000,Lahore,70
United,US 70,2020,47000,40000,Faisalabad,70
Chinese,Bikes 70,2017,25000,40000,Sahiwal,70
Unique,Xtreme UD 70,2020,70000,40000,Karachi,70
Honda,CD 70,2018,71500,40000,Multan,70
Chinese,Bikes 70,2013,33000,40000,Faisalabad,70
Safari,SD 70,2016,31000,40000,Mian Wali,70
Unique,UD 70,2015,33000,40000,Karachi,70
Honda,CD 70,2019,75000,40000,Sheikhupura,70
Super,Star CD 70,2020,53000,40000,Lahore,70
Honda,CD 70,2017,55000,40000,Karachi,70
Honda,CD 70,2022,130000,40000,Lahore,70
Super,Power SP 70,2011,34500,40000,Karachi,70
Honda,CD 70,1998,60000,40000,Rawalpindi,70
Honda,CD 70,2018,80000,40000,Lahore,70
Pak,Hero RF 70,2016,40000,40000,Karachi,70
Honda,CD 70,2007,68000,40000,Islamabad,70
Metro,MR 70,2012,35000,40000,Lahore,70
Honda,CD 70,2019,85000,40000,Toba Tek Singh,70
Honda,CD 70,2021,114000,40000,Islamabad,70
Super,Power SP 70,2019,51500,40000,Karachi,70
Chinese,Bikes 70,2018,45000,40000,Gujranwala,70
Honda,CD 70,2021,98000,40000,Lahore,70
United,US 70,2021,60000,40000,Kharian,70
Honda,CD 70,2021,115000,40000,Lahore,70
United,US 70,2021,75000,40400,Rawalpindi,70
Crown,CR 70 HD Plus,2015,65000,40605,Lahore,70
Honda,CD 70,2016,78000,40638,Lahore,70
Honda,CD 70,2018,100000,40940,Rawalpindi,70
Honda,CD 70,2015,75000,41000,Rawalpindi,70
Honda,CD 70,2024,130000,41000,Multan,70
Super,Star CD 70,2018,56000,41000,Karachi,70
Honda,CD 70,2022,108000,41350,Lahore,70
Chinese,Bikes 70,2018,40000,41450,Abbottabad,70
Honda,CD 70 Dream,2016,72000,41900,Lahore,70
Honda,CD 70 Dream,2016,72000,41927,Lahore,70
Honda,CD 70,2017,99000,42000,Lahore,70
Honda,CD 70,2020,100000,42000,Rahim Yar Khan,70
Honda,CD 70,2017,80000,42250,Renala khurd,70
Honda,CD 70 Dream,2020,110000,42684,Gujrat,70
Honda,CD 70,2023,130000,42751,Faisalabad,70
Honda,CD 70,2023,135000,42751,Faisalabad,70
Honda,CD 70,2020,105000,42800,Lahore,70
Honda,CD 70,2018,81000,43000,Kasur,70
Honda,CD 70,2020,101000,43000,Lahore,70
Honda,CD 70,2020,110000,43000,Lahore,70
Hi,Speed CDI SR- EURO-2,2019,43000,43000,Quetta,70
Unique,Xtreme UD 70,2021,68000,43229,Karachi,70
Honda,CD 70,2015,76500,43241,Lahore,70
Honda,CD 70,2020,92000,43500,Hafizabad,70
Honda,CD 70 Dream,2017,83500,43587,Pak pattan sharif,70
Unique,Xtreme UD 70,2017,48000,44000,Hazro,70
Honda,CD 70,2021,115000,44000,Khanewal,70
Honda,CD 70 Dream,2019,100000,44000,Multan,70
Super,Power SP 70,2019,59000,44000,Karachi,70
United,US 70,2021,75000,44000,Islamabad,70
Honda,CD 70,2011,65000,44620,Lahore,70
Honda,CD 70 Dream,2016,75000,44860,Lahore,70
Honda,CD 70,2019,110000,45000,Lahore,70
Honda,CD 70,2018,85000,45000,Lahore,70
Union,Star US,2022,75000,45000,Islamabad,70
Honda,CD 70,2017,100000,45000,Sargodha,70
Yamaha,Dhoom YD-70,2017,68000,45000,Jhang,70
Honda,CD 70,1992,79000,45000,Rawalpindi,70
Honda,CD 70,2016,95000,45000,Islamabad,70
Honda,CD 70,2016,95000,45000,Rawalpindi,70
Road,Prince 70 Passion Plus,2018,43500,45000,Bahawalpur,70
Road,Prince 70 Passion Plus,2017,45000,45000,Lahore,70
Honda,CD 70,2022,116000,45000,Bahawalpur,70
Union,Star US,2017,25000,45000,Lahore,70
Honda,CD 70,2009,45000,45000,Karachi,70
Honda,CD 70,2021,110000,45000,Lahore,70
Honda,CD 70,2012,100000,45000,Islamabad,70
Crown,CRLF 70,2014,95000,45000,Karachi,70
Honda,CD 70,2012,53000,45000,Wazirabad,70
Road,Prince 70 Passion Plus,2017,25000,45000,Lahore,70
Honda,CD 70,2019,98000,45000,Abbottabad,70
Metro,MR 70,2013,28000,45000,Lahore,70
Honda,CD 70,2019,58000,45000,Rawalpindi,70
Road,Prince 70 Passion Plus,2017,58000,45000,Lahore,70
Honda,CD 70,1974,200000,45000,Karachi,70
Super,Star CD 70,2018,140000,45000,Multan,70
Super,Power SP 70,2013,67000,45000,Karachi,70
Honda,CD 70,2020,99000,45000,Multan,70
United,US 70,2014,34000,45000,Gujranwala,70
Super,Star CD 70,2015,55000,45000,Hyderabad,70
Honda,CD 70,2016,73000,45000,Lahore,70
Honda,CD 70,2019,99000,45600,Faisalabad,70
Honda,CD 70,2019,100000,45715,Islamabad,70
Honda,CD 70,2020,96000,46000,Faisalabad,70
Hi,Speed CDI SR- EURO-2,2017,75000,46000,Islamabad,70
Honda,CD 70,2020,110000,46000,Gujrat,70
Honda,CD 70,2019,95000,46000,Pir mahal,70
Super,Power SP 70,2023,65000,46000,Karachi,70
Honda,CD 70,2019,85000,46190,Lahore,70
Honda,CD 70,2010,29500,46316,Faisalabad,70
Honda,CD 70,2018,87000,47000,Sahiwal,70
Honda,CD 70,2005,50000,47000,Lahore,70
Honda,CD 70,2020,105000,47000,Sahiwal,70
Honda,CD 70,2018,97000,48000,Lahore,70
Honda,CD 70,2020,103000,48000,Islamabad,70
Honda,CD 70,2016,72000,48323,Multan,70
Honda,CD 70,2021,100000,48360,Karachi,70
Honda,CD 70,2021,100000,48408,Mandi bahauddin,70
Metro,MR 70,2007,34000,48466,Attock,70
United,US 70,2021,50000,48500,Faisalabad,70
Unique,Xtreme UD 70,2018,47999,48520,Karachi,70
Honda,CD 70,2017,80000,49000,Sialkot,70
Unique,UD 70,2020,145000,49000,Faisalabad,70
Chinese,Bikes 70,2016,50000,49000,Rawat,70
Hi,Speed CDI SR- EURO-2,2024,180000,49000,Lahore,70
Honda,CD 70,2019,45000,49000,Hafizabad,70
Star,DS 70,2022,78000,49251,Karachi,70
Super,Star CD 70,2024,100000,49563,Karachi,70
United,US 70,2019,62000,50000,Faisalabad,70
Safari,SD 70,2011,35000,50000,Swabi,70
Safari,SD 70,2013,30000,50000,Taxila,70
Unique,Xtreme UD 70,2017,37500,50000,Karachi,70
Pak,Hero RF 70,2004,32000,50000,Karachi,70
Super,Star CD 70,2016,55000,50000,Karachi,70
Pak,Hero PH 70,2005,34000,50000,Wah cantt,70
Metro,MR 70,2009,45000,50000,Lahore,70
Hi,Speed SR 70,2012,41000,50000,Islamabad,70
Habib,HB 70,2013,39000,50000,Karachi,70
Honda,CD 70,2014,79999,50000,Islamabad,70
Toyo,,2012,43000,50000,Hassan abdal,70
Union,Star US,2015,60000,50000,Wah cantt,70
Honda,CD 70,2016,62000,50000,Bhimber,70
Super,Star CD 70,2014,40000,50000,Multan,70
Unique,Xtreme UD 70,2016,54000,50000,Karachi,70
Union,Star US,2018,60000,50000,Islamabad,70
Honda,CD 70,1984,80000,50000,Lahore,70
Honda,CD 70,2004,58000,50000,Wah cantt,70
Road,Prince 70 Passion Plus,2017,70000,50000,Haripur,70
United,US 70,2011,35000,50000,Rawalpindi,70
Honda,CD 70,2014,65000,50000,Rawalpindi,70
Super,Star CD 70,2021,65000,50000,Karachi,70
Honda,CD 70,2009,62000,50000,Jamshoro,70
Unique,UD 70,2013,40000,50000,Karachi,70
Chinese,Bikes 70,2014,30000,50000,Lahore,70
Super,Power SP 70,2016,62000,50000,Karachi,70
Road,Prince 70 Passion Plus,2017,42000,50000,Rawalpindi,70
United,US 70,2018,29500,50000,Lahore,70
Honda,CD 70,2021,110000,50000,Gujranwala,70
Super,Asia SA 70,2009,50000,50000,Lahore,70
Unique,Xtreme UD 70,2016,41000,50000,Karachi,70
Unique,Xtreme UD 70,2014,45000,50000,Karachi,70
Honda,CD 70,2016,90000,50000,Faisalabad,70
Super,Power SP 70,2011,24500,50000,Karachi,70
Union,Star US,2018,70000,50000,Islamabad,70
Honda,CD 70,2019,82000,50000,Sukkur,70
Union,Star US,2022,75000,50000,Rawalpindi,70
Super,Power SP 70,2015,32000,50000,Karachi,70
Super,Power SP 70,2010,40000,50000,Karachi,70
Union,Star US,2012,55000,50000,Rawalpindi,70
Super,Star CD 70,2019,62000,50000,Fateh Jang,70
Honda,CD 70,2021,110000,50000,Lahore,70
Unique,Xtreme UD 70,2022,70000,50000,Karachi,70
Super,Star CD 70,2004,35000,50000,Karachi,70
Honda,CD 70,2014,60000,50000,Sargodha,70
Unique,Xtreme UD 70,2013,40000,50000,Karachi,70
Chinese,Bikes 70,2016,50000,50000,Hyderabad,70
Bionic,,2012,39000,50000,Karachi,70
Honda,CD 70,2014,77000,50000,Chakwal,70
Honda,CD 70,2007,65000,50000,Multan,70
Super,Star CD 70,2017,60000,50000,Karachi,70
New,Asia NAV 70,2009,35000,50000,Sialkot,70
Super,Power SP 70,2017,50000,50000,Karachi,70
Hi,Speed CDI SR- EURO-2,2016,35000,50000,Lahore,70
ZXMCO,ZX 70 Thunder Plus,2004,55000,50000,Bahawalpur,70
Power,PK 70,2016,55000,50000,Bhalwal,70
Honda,CD 70,2007,45000,50000,Gujranwala,70
Honda,CD 70,2017,80000,50000,Karachi,70
Honda,CD 70,2022,120000,50000,Daharki,70
Honda,CD 70 Dream,2018,100000,50000,Multan,70
Honda,CD 70,2006,60000,50000,Sargodha,70
Super,Star CD 70,1986,26000,50000,Karachi,70
Honda,CD 70,2016,95000,50000,Gujrat,70
Honda,CD 70,2018,105000,50000,Rawalpindi,70
Honda,CD 70,2017,85000,50000,Lahore,70
Honda,CD 70,2017,79000,50000,Lahore,70
Honda,CD 70,2015,65000,50000,Lahore,70
Pak,Hero RF 70,2012,40000,50000,Lahore,70
Super,Power SP 70,2011,35000,50000,Lahore,70
Honda,CD 70,2011,60000,50000,Lahore,70
United,US 70,2016,42000,50000,Mansehra,70
Super,Star CD 70,2015,38000,50000,Faisalabad,70
Super,Power SP 70,2011,45000,50000,Karachi,70
Honda,CD 70,2017,100000,50000,Rawalpindi,70
Pak,Hero PH 70,2013,45000,50000,Wah cantt,70
Super,Star CD 70,2018,40000,50000,Karachi,70
Honda,CD 70,2008,42000,50000,Wazirabad,70
Honda,CD 70,2018,87000,50000,Lahore,70
Super,Power SP 70,2017,35000,50000,Karachi,70
Honda,CD 70,2019,90000,50000,Gujrat,70
Road,Prince 70 Passion Plus,2018,110000,50000,Islamabad,70
Union,Star US,2021,70000,50000,Islamabad,70
Honda,CD 70,2019,76000,50000,Kabirwala,70
Union,Star US,2023,75000,50000,Karachi,70
Honda,CD 70,2008,45000,50000,Lahore,70
Bionic,,2016,47000,50000,Karachi,70
Unique,Xtreme UD 70,2009,47000,50000,Karachi,70
ZXMCO,ZX 70 City Rider,2020,48000,50000,Peshawar,70
Honda,CD 70,2013,70000,50000,Multan,70
Crown,CRLF 70,2018,41000,50000,Karachi,70
Honda,CD 70,2021,130000,50000,Rawalpindi,70
Honda,CD 70,2009,50000,50000,Karachi,70
Sohrab,SD 70,2004,27000,50000,Karachi,70
Honda,CD 70,2025,155000,50000,Islamabad,70
Super,Power SP 70,2019,98000,50000,Karachi,70
Super,Star CD 70,2020,55000,50000,Karachi,70
Union,Star US,2020,65000,50000,Karachi,70
Honda,CD 70,2014,65000,50000,Lahore,70
Road,Prince 70 Passion Plus,2018,45000,50000,Lahore,70
United,US 70,2022,80000,50000,Islamabad,70
Honda,CD 70,2019,65000,50000,Sheikhupura,70
Honda,CD 70,2021,120000,50000,Karachi,70
Hero,RF 70,2009,50000,50000,Rawalpindi,70
DYL,Dhoom YD-70,2016,60000,50000,Lahore,70
Honda,CD 70,2016,70000,50000,Lahore,70
Honda,CD 70,2016,72500,50000,Islamabad,70
Unique,Xtreme UD 70,2015,65000,50000,Nowshera,70
Pak,Hero RF 70,2012,33000,50000,Hazro,70
Super,Power SP 70,2010,37000,50000,Karachi,70
United,US 70,2020,68000,50000,Islamabad,70
Super,Star CD 70,2019,45000,50000,Sargodha,70
Super,Power SP 70,2020,62000,50000,Karachi,70
Honda,CD 70,2021,115000,50000,Gujranwala,70
Honda,CD 70,2017,90000,50000,Layyah,70
Road,Prince 70 Passion Plus,2018,43500,50000,Lahore,70
Honda,CD 70,2013,65000,50000,Lahore,70
Honda,CD 70,2016,63000,50000,Karachi,70
Honda,CD 70,2016,80000,50000,Karachi,70
Super,Power Deluxe 70,2023,100000,50000,Karachi,70
Honda,CD 70,2019,70000,50000,Karachi,70
Honda,CD 70,2021,105000,50000,Faisalabad,70
Honda,CD 70,2013,40000,50000,Mansehra,70
Honda,CD 70,2023,120000,50000,Swabi,70
Super,Power SP 70,2017,45000,50000,Karachi,70
Road,Prince 70 Passion Plus,2016,40000,50000,Lahore,70
United,US 70,2022,70000,50000,Peshawar,70
Road,Prince 70 Passion Plus,2018,42000,50000,Lahore,70
Road,Prince 70 Passion Plus,2014,45000,50000,Multan,70
United,US 70,2013,40000,50000,Rawalpindi,70
Honda,CD 70,2018,75000,50000,Karachi,70
Unique,UD 70,2012,33000,50000,Karachi,70
Honda,CD 70,2000,45500,50000,Karachi,70
Honda,CD 70 Dream,2022,130000,50000,Karachi,70
Chinese,Bikes 70,2008,40000,50000,Rawalpindi,70
Honda,CD 70,2016,70000,50000,Karachi,70
Road,Prince 70 Passion Plus,2019,55000,50000,Faisalabad,70
Honda,CD 70,2012,68000,50000,Mardan,70
Pak,Hero PH 70,2009,38000,50000,Lahore,70
Pak,Hero RF 70,2014,30000,50000,Hazro,70
Unique,Xtreme UD 70,2022,65000,50000,Karachi,70
Unique,Xtreme UD 70,2014,63000,50000,Karachi,70
Unique,Xtreme UD 70,2009,40000,50000,Karachi,70
Union,Star US,2018,43000,50000,Karachi,70
Unique,Xtreme UD 70,2017,50000,50000,Karachi,70
Ghani,Gi 70,2011,40000,50000,Karachi,70
Union,Star US,2013,45000,50000,Karachi,70
Honda,CD 70,2007,70000,50000,Karachi,70
Union,Star US,2018,45000,50000,Islamabad,70
Pak,Hero PH 70,2008,35000,50000,Swabi,70
Super,Power SP 70,2020,42000,50000,Karachi,70
United,US 70,2020,55000,50000,Karachi,70
Power,PK 70,2017,35000,50000,Islamabad,70
Honda,CD 70,2020,42000,50000,Karachi,70
Hi,Speed SR 70,2022,75000,50000,Rawalpindi,70
Honda,CD 70,2013,70000,50000,Attock,70
Honda,CD 70,2021,122000,50000,Rawalpindi,70
Honda,CD 70,2016,78000,50000,Peshawar,70
Honda,CD 70,2021,95000,50000,Lahore,70
Honda,CD 70,2021,122000,50000,Rawat,70
Eagle,ES 70,2017,36000,50000,Faisalabad,70
United,US 70,2018,45000,50000,Islamabad,70
United,US 70,2016,43000,50000,Lahore,70
Super,Star CD 70,2010,39000,50000,Karachi,70
Metro,MR 70,2006,38000,50000,Islamabad,70
Super,Star CD 70,2019,57000,50000,Karachi,70
Honda,CD 70 Dream,2016,75000,50000,Gujranwala,70
Honda,CD 70,2017,85000,50000,Karachi,70
Unique,Xtreme UD 70,2018,62000,50000,Wah cantt,70
Road,Prince Classic 70,2019,45000,50000,Lahore,70
Union,Star US,2018,40000,50000,Karachi,70
Pak,Hero RF 70,2009,50000,50000,Rawalpindi,70
Road,Prince 70 Passion Plus,2018,40000,50000,Lahore,70
Honda,CD 70,2021,95000,50000,Gujranwala,70
Honda,CD 70,2010,63000,50000,Rawalpindi,70
Treet,EURO II TR 70,2016,46999,50000,Lahore,70
Super,Star CD 70,2022,65000,50000,Karachi,70
Super,Power SP 70,2012,29000,50000,Karachi,70
Honda,CD 70,2016,66000,50000,Sukkur,70
Super,Power SP 70,2018,40000,50000,Lahore,70
Honda,CD 70,2012,46500,50000,Faisalabad,70
Toyo,,2006,34000,50000,Islamabad,70
Honda,CD 70,2016,60000,50000,Lahore,70
Road,Prince 70 Passion Plus,2010,26000,50000,Lahore,70
Honda,CD 70,2014,64000,50000,Arifwala,70
Hi,Speed CDI SR- EURO-2,2025,95000,50000,Rawalpindi,70
Pak,Hero RF 70,2010,55000,50000,Abbottabad,70
Yamaha,Dhoom YD-70,2010,42000,50000,Faisalabad,70
Honda,CD 70,2021,125000,50000,Peshawar,70
Unique,Xtreme UD 70,2022,60000,50000,Karachi,70
Honda,CD 70,2019,75000,50000,Gujranwala,70
Unique,UD 70,2022,80000,50000,Mansehra,70
United,US 70,2019,65000,50000,Abbottabad,70
Honda,CD 70,1987,30000,50000,Multan,70
Super,Power SP 70,2019,59999,50000,Karachi,70
Safari,SD 70,2013,45000,50000,Fateh Jang,70
Honda,CD 70,2021,120000,50000,Wah cantt,70
ZXMCO,ZX 70 City Rider,2012,25000,50000,Nankana sahib,70
Road,Prince 70 Passion Plus,2022,55000,50000,Lahore,70
Honda,CD 70,2004,51000,50000,Islamabad,70
Union,Star US,2017,50000,50000,Karachi,70
United,US 70,2012,38000,50000,Sarai alamgir,70
Honda,CD 70,2009,100000,50000,Sheikhupura,70
Pak,Hero RF 70,2007,35000,50000,Rawalpindi,70
Yamaha,Dhoom YD-70,2012,25000,50000,Lahore,70
Unique,Xtreme UD 70,2018,75000,50000,Haripur,70
Super,Power SP 70,2021,70000,50000,Karachi,70
Road,Prince 70 Passion Plus,2017,40000,50000,Lahore,70
Super,Asia SA 70,2007,30000,50000,Rawalpindi,70
Road,Prince 70 Passion Plus,2022,47000,50000,Lahore,70
Metro,MR 70,2020,39998,50000,Rawalpindi,70
Honda,CD 70,2013,70000,50000,Rato Dero,70
Honda,CD 70,2022,117000,50000,Lahore,70
Union,Star US,2002,70000,50000,Sukkur,70
Honda,CD 70,2013,80000,50000,Multan,70
Union,Star US,2018,60000,50000,Rawalpindi,70
Honda,CD 70,2009,65000,50000,Islamabad,70
Honda,CD 70,2015,80000,50000,Sialkot,70
Super,Power SP 70,2018,60000,50000,Karachi,70
Honda,CD 70,2020,110000,50000,Multan,70
Honda,CD 70,2014,80000,50000,Lahore,70
Union,Star US,2021,60000,50000,Islamabad,70
Honda,CD 70,2017,74999,50000,Lahore,70
Super,Star CD 70,2015,35000,50000,Rawalpindi,70
Honda,CD 70,2023,135000,50000,Muzaffar Gargh,70
United,US 70,2015,70000,50000,Islamabad,70
Treet,EURO II TR 70,2016,51999,50000,Lahore,70
Union,Star US,2022,77000,50000,Abbottabad,70
Honda,CD 70,2013,69999,50000,Sargodha,70
Union,Star US,2020,90000,50000,Attock,70
Honda,CD 70,2016,60000,50000,Rawalpindi,70
Hero,RF 70,2009,33000,50000,Islamabad,70
United,US 70,2019,66000,50000,Haripur,70
Yamaha,Dhoom YD-70,2018,105000,50000,Karachi,70
Honda,CD 70,2015,70000,50000,Rahim Yar Khan,70
Road,Prince RP 70 Scooty,2018,37000,50000,Lahore,0
Honda,CD 70,2012,70000,50000,Rawalpindi,70
Honda,CD 70,2021,120000,50000,Lahore,70
Super,Power SP 70,2008,32000,50000,Islamabad,70
Unique,UD 70,2004,20000,50000,Hyderabad,70
United,US 70,2015,70000,50000,Rawalpindi,70
Super,Star CD 70,2015,40000,50000,Sargodha,70
Honda,CD 70,2018,85000,50000,Lahore,70
Hi,Speed CDI SR- EURO-2,2021,72500,50000,Karachi,70
Honda,CD 70,1998,80000,50000,Bahawalpur,70
Road,Prince 70 Passion Plus,2012,26500,50000,Lahore,70
Honda,CD 70,2013,55000,50000,Nowshera,70
Unique,Xtreme UD 70,2017,30000,50000,Karachi,70
Honda,CD 70,2022,110000,50000,Gujranwala,70
Unique,UD 70,2014,57000,50000,Karachi,70
Honda,CD 70,2015,99750,50000,Gujar Khan,70
Road,Prince Classic 70,2016,47000,50000,Depal pur,70
Super,Power SP 70,2011,28000,50000,Karachi,70
Hi,Speed SR 70,2013,60000,50000,Rawalpindi,70
Union,Star US,2015,45000,50000,Islamabad,70
Super,Power SP 70,2019,47000,50000,Karachi,70
United,US 70,2020,62000,50000,Karachi,70
Super,Star CD 70,2013,45000,50000,Islamabad,70
Toyo,,2011,38000,50000,Karachi,70
Honda,CD 70,2005,44000,50000,Lahore,70
United,US 70,2020,75000,50000,Faisalabad,70
United,US 70,2017,41000,50000,Lahore,70
Honda,CD 70,2006,44000,50000,Lahore,70
United,US 70,2011,29000,50000,Depal pur,70
United,US 70,2016,40000,50000,Lahore,70
Honda,CD 70,2020,100000,50000,Lahore,70
Honda,CD 70,2021,95000,50000,Bahawalpur,70
Honda,CD 70 Dream,2015,80000,50000,Haripur,70
Honda,CD 70,2015,70000,50000,Faisalabad,70
Honda,CD 70 Dream,2022,128000,50000,Depal pur,70
Unique,Xtreme UD 70,2016,55000,50000,Karachi,70
Honda,CD 70,2018,85000,50000,Sargodha,70
Road,Prince 70 Passion Plus,2019,33000,50000,Lahore,70
United,US 70,2012,55000,50000,Karachi,70
Union,Star US,2021,62000,50000,Karachi,70
United,US 70,2018,40000,50000,Faisalabad,70
Honda,CD 70,2017,105000,50000,Karachi,70
Unique,Xtreme UD 70,2012,48000,50000,Karachi,70
Unique,UD 70,2008,42000,50000,Karachi,70
United,US 70,2018,42000,50000,Faisalabad,70
Super,Power SP 70,2017,52000,50000,Karachi,70
Unique,Xtreme UD 70,2015,50000,50000,Lahore,70
United,US 70,2015,35000,50000,Multan,70
Road,Prince 70 Passion Plus,2015,35000,50000,Islamabad,70
Super,Power SP 70,2007,34000,50000,Karachi,70
Honda,CD 70,2016,75000,50000,Karachi,70
Honda,CD 70,2019,90000,50000,Faisalabad,70
Honda,CD 70,2018,86000,50000,Muzaffar Gargh,70
Metro,MR 70,2018,35000,50000,Faisalabad,70
Super,Power SP 70,2023,58999,50000,Karachi,70
Honda,CD 70,2007,35000,50000,Murree,70
Habib,HB 70,2013,38000,50000,Rawalpindi,70
Honda,CD 70,2007,42000,50000,Sialkot,70
Super,Power SP 70,2020,57000,50000,Islamabad,70
Honda,CD 70,2016,80000,50000,Lahore,70
United,US 70,2020,45000,50000,Lahore,70
Honda,CD 70,2019,85000,50000,Lahore,70
United,US 70,2022,55000,50000,Sahiwal,70
Road,Prince 70 Passion Plus,2011,50000,50000,Lahore,70
Hi,Speed SR 70,2020,63000,50000,Kohat,70
Honda,CD 70,2021,92000,50000,Bahawalpur,70
Unique,UD 70,2012,75000,50000,Karachi,70
Honda,CD 70,2016,73000,50000,Lahore,70
Road,Prince 70 Passion Plus,2016,47000,50000,Rawalpindi,70
Sohrab,SD 70,2008,35000,50000,Lahore,70
United,US 70,2019,65000,50000,Peshawar,70
Road,Prince 70 Passion Plus,2021,43000,50000,Lahore,70
United,US 70,2016,60000,50000,Lahore,70
Super,Asia SA 70,2015,37000,50000,Bhalwal,70
Road,Prince Classic 70,2014,45500,50000,Faisalabad,70
Unique,UD 70,2007,34000,50000,Karachi,70
Honda,CD 70,2005,50000,50000,Multan,70
Honda,CD 70,2020,90000,50000,Sadiqabad,70
Unique,Xtreme UD 70,2020,60000,50000,Karachi,70
Chinese,Bikes 70,2019,39500,50000,Lahore,70
Hi,Speed SR 70,2022,65000,50000,Islamabad,70
Road,Prince Classic 70,2019,65000,50000,Attock,70
Honda,CD 70,2021,85000,50000,Lahore,70
Union,Star US,2013,40000,50000,Rawalpindi,70
Super,Power SP 70,2009,38000,50000,Karachi,70
Honda,CD 70,2012,55000,50000,Rawalpindi,70
Pak,Hero RF 70,2016,45000,50000,Quetta,70
Hi,Speed CDI SR- EURO-2,2022,72000,50000,Charsadda,70
Toyo,,2019,27500,50000,Mandi bahauddin,70
Union,Star US,2017,55000,50000,Rawalpindi,70
Union,Star US,2017,49000,50000,Rawalpindi,70
Honda,CD 70,2013,75000,50000,Lahore,70
Super,Star CD 70,2019,42000,50000,Karachi,70
Union,Star US,2016,41000,50000,Islamabad,70
Super,Star CD 70,2016,38000,50000,Karachi,70
Super,Star CD 70,2018,75000,50000,Jhang,70
Honda,CD 70,2006,65000,50000,Gujrat,70
Honda,CD 70,2014,75000,50000,Islamabad,70
Super,Power SP 70,2017,49000,50000,Karachi,70
Unique,Xtreme UD 70,2013,48000,50000,Karachi,70
United,US 70,2013,35000,50000,Lahore,70
Honda,CD 70,2022,125000,50000,Lahore,70
Habib,HB 70,2007,23000,50000,Karachi,70
Super,Power SP 70,2013,53000,50000,Karachi,70
Super,Power SP 70,2019,49500,50000,Karachi,70
Honda,CD 70,2021,119000,50574,Sialkot,70
United,US 70,2021,50000,50755,Bhalwal,70
Super,Star CD 70,2015,48000,51000,Hyderabad,70
Honda,CD 70,2018,80000,51000,Kasur,70
Honda,CD 70,2023,130000,51500,Multan,70
Honda,CD 70,2018,81000,52000,Lahore,70
Honda,CD 70,2021,125000,52000,Islamabad,70
Honda,CD 70 Dream,2018,95000,52000,Attock,70
Honda,CD 70,2004,39000,52000,Lahore,70
Honda,CD 70,2022,105000,52000,Lahore,70
Honda,CD 70,2020,85000,52000,Lahore,70
Honda,CD 70,2020,110000,52420,Mansehra,70
Honda,CD 70,2013,75000,52541,Rawalpindi,70
United,US 70,2022,90000,52632,Attock,70
United,US 70,2021,55000,52789,Lahore,70
DYL,Dhoom YD-70,2022,88000,53000,Karachi,70
Honda,CD 70,2018,87000,53000,Lahore,70
United,US 70,2016,50000,53000,Dijkot,70
Honda,CD 70 Dream,2014,72000,53000,Bahawalpur,70
Honda,CD 70,2008,25000,53267,Karachi,70
Unique,Xtreme UD 70,2018,53000,53555,Karachi,70
Star,DS 70,2023,95000,53582,Quetta,70
Super,Power SP 70,2017,45000,53656,Karachi,70
Honda,CD 70 Dream,2019,97000,54000,Sahiwal,70
Honda,CD 70,2021,85000,54000,Nankana sahib,70
Honda,CD 70,2012,50000,54000,Lahore,70
Honda,CD 70 Dream,2019,90000,54000,Sahiwal,70
Unique,Xtreme UD 70,2019,38000,54321,Karachi,70
Honda,CD 70,2016,76000,54500,Multan,70
Super,Power SP 70,2014,26500,54688,Bahawalpur,70
Road,Prince Classic 70,2016,45000,54888,Lahore,70
Toyo,,2019,45000,55000,Gujranwala,70
Honda,CD 70,2019,45000,55000,Gujranwala,70
Unique,UD 70,2015,55000,55000,Karachi,70
Pak,Hero PH 70,2005,35000,55000,Okara,70
Yamaha,Dhoom YD-70,2010,36500,55000,Lahore,70
Honda,CD 70,2017,74000,55000,Lahore,70
Super,Power SP 70,2021,58000,55000,Rawalpindi,70
Honda,CD 70,2018,82000,55000,Gujranwala,70
Habib,HB 70,2015,42000,55000,Rawalpindi,70
Yamaha,Dhoom YD-70,2022,85000,55000,Karachi,70
Hi,Speed CDI SR- EURO-2,2017,53000,55000,Rawalpindi,70
Road,Prince 70 Passion Plus,2018,45000,55000,Lahore,70
Super,Power SP 70,2018,35000,55255,Karachi,70
Unique,Xtreme UD 70,2010,22000,55550,Karachi,70
Honda,CD 70,2022,73000,55623,Wah cantt,70
Super,Power SP 70,2009,35000,55800,Multan,70
Honda,CD 70,2005,70000,56000,Rawalpindi,70
Honda,CD 70,2018,85000,56000,Rawalpindi,70
DYL,Dhoom YD-70,2012,70000,56800,Peshawar,70
Honda,CD 70,2019,99000,57000,Lahore,70
Honda,CD 70,2017,85000,57907,Lahore,70
Super,Star CD 70,2015,40000,58000,Karachi,70
Unique,Xtreme UD 70,2013,32000,58402,Karachi,70
Road,Prince Classic 70,2017,28500,58698,Lahore,70
Safari,SD 70,2009,54500,59005,Lahore,70
Honda,CD 70,2017,80000,59329,Lahore,70
United,US 70,2018,46000,60000,Taxila,70
Honda,CD 70,2022,65000,60000,Karachi,70
Pak,Hero PH 70,2012,30000,60000,Wah cantt,70
Pak,Hero RF 70,2005,35000,60000,Islamabad,70
Unique,Xtreme UD 70,2014,28000,60000,Karachi,70
Honda,CD 70,2013,65000,60000,Lahore,70
Super,Power SP 70,2013,50000,60000,Karachi,70
Ravi,Humsafar 70,2021,49000,60000,Lahore,70
Pak,Hero PH 70,2014,45000,60000,Islamabad,70
ZXMCO,ZX 70 Thunder Plus,2017,60000,60000,Swabi,70
United,US 70,2017,28000,60000,Multan,70
Sohrab,JS 70,2008,60000,60000,Lahore,70
Pak,Hero PH 70,2005,32000,60000,Gujranwala,70
Honda,CD 70,1998,31500,60000,Sahiwal,70
Metro,MR 70,2006,28000,60000,Faisalabad,70
Super,Power SP 70,2009,35000,60000,Bahawalpur,70
Honda,CD 70,2022,105000,60000,Karachi,70
Chinese,Bikes 70,2017,49000,60000,Chishtian,70
Super,Power SP 70,2019,58000,60000,Karachi,70
Road,Prince 70 Passion Plus,2012,40000,60000,Bahawalnagar,70
Honda,CD 70,2004,70000,60000,Multan,70
Honda,CD 70,2022,132000,60000,Rawalpindi,70
Honda,CD 70,2022,125000,60000,Kohat,70
Unique,UD 70,2018,58000,60000,Karachi,70
Pak,Hero PH 70,2010,30000,60000,Lahore,70
Pak,Hero PH 70,2005,27000,60000,Karachi,70
Honda,CD 70,1984,55000,60000,Karachi,70
Safari,SD 70,2014,40000,60000,Lahore,70
Honda,CD 70,2016,85000,60000,Rawalpindi,70
Honda,CD 70,2015,70000,60000,Rawalpindi,70
Crown,CR 70 HD Plus,2015,40000,60000,Jhelum,70
Hi,Speed CDI SR- EURO-2,2019,52000,60000,Lahore,70
Honda,CD 70,2018,97000,60000,Rawalpindi,70
Honda,CD 70,2009,45000,60000,Lahore,70
Honda,CD 70,2010,65000,60000,Islamabad,70
United,US 70,2023,44000,60000,Bahawalpur,70
Unique,UD 70,2010,35000,60000,Karachi,70
Chinese,Bikes 70,2019,50000,60000,Karachi,70
Honda,CD 70,2004,55000,60000,Hyderabad,70
Honda,CD 70,2006,90000,60000,Sheikhupura,70
Road,Prince 70 Passion Plus,2014,30000,60000,Lahore,70
Honda,CD 70,2008,65500,60000,Rawalpindi,70
Road,Prince Classic 70,2009,50000,60000,Lahore,70
Unique,Xtreme UD 70,2016,40000,60000,Karachi,70
Hi,Speed CDI SR- EURO-2,2013,45000,60000,Rawalpindi,70
Honda,CD 70,1979,55000,60000,Karachi,70
Pak,Hero RF 70,2016,18000,60000,Faisalabad,70
Honda,CD 70,2007,80000,60000,Mian Channu,70
Pak,Hero RF 70,2004,75000,60000,Karachi,70
Honda,CD 70,1991,22000,60000,Jhelum,70
Super,Asia SA 70,2015,60000,60000,Abdul Hakeem,70
Super,Power SP 70,2018,70000,60000,Karachi,70
Super,Power SP 70,2022,75000,60000,Karachi,70
United,US 70,2013,39950,60000,Lahore,70
United,US 70,2010,33999,60000,Faisalabad,70
Road,Prince 70 Passion Plus,2017,37000,60000,Lahore,70
Honda,CD 70,2024,145000,60547,Okara,70
Road,Prince 70 Passion Plus,2020,45000,60900,Lahore,70
Honda,CD 70,2012,64500,61000,Sargodha,70
Honda,CD 70,2024,125000,62000,Sukkur,70
Honda,CD 70,2019,85000,62000,Faisalabad,70
Honda,CD 70,2013,75000,62000,Jhang,70
Super,Star CD 70,2021,55000,62000,Karachi,70
Honda,CD 70,2020,100000,62437,Sahiwal,70
Honda,CD 70,2013,75000,62494,Jhang,70
Honda,CD 70,2020,93000,62540,Chunian,70
Honda,CD 70,2018,96000,63000,Toba Tek Singh,70
Road,Prince 70 Passion Plus,2016,35000,63000,Lahore,70
Yamaha,Dhoom YD-70,2012,40000,63000,Lahore,70
Honda,CD 70,2019,95000,63603,Rawalpindi,70
Hi,Speed CDI SR- EURO-2,2016,42000,64000,Islamabad,70
Crown,CRLF 70,2015,35000,65000,Multan,70
Honda,CD 70 Dream,2017,90000,65000,Arifwala,70
Honda,CD 70,2021,87000,65000,Shakargarh,70
Honda,CD 70,2022,125000,65000,Lahore,70
Road,Prince 70 Passion Plus,2015,40000,65000,Lahore,70
Honda,CD 70,2012,45000,65000,Gujranwala,70
Sohrab,SD 70,1999,16500,65000,Lahore,70
Super,Star CD 70,2015,35000,65000,Karachi,70
Honda,CD 70,2015,75000,65000,Bhalwal,70
United,US 70,2022,45000,65000,Sahiwal,70
Super,Star CD 70,2020,64000,65356,Karachi,70
Super,Power SP 70,2019,57000,65418,Wah cantt,70
Honda,CD 70,2021,120000,65620,Lahore,70
Honda,CD 70,2016,65000,65887,Faisalabad,70
Honda,CD 70,2014,85000,66000,Islamabad,70
Honda,CD 70,2016,65000,66321,Lahore,70
Habib,HB 70,2007,50000,66600,Karachi,70
Sohrab,JS 70,2000,70000,67000,Lahore,70
Honda,CD 70,2009,52000,67000,Rawalpindi,70
Honda,CD 70,2016,75000,68000,Lahore,70
Asia,Hero CDI 70,2012,32000,70000,Multan,70
Honda,CD 70,2010,60099,70000,Karachi,70
Honda,CD 70,2017,65000,70000,Rawalpindi,70
United,US 70,2021,55000,70000,Lahore,70
Union,Star US,2016,40000,70000,Islamabad,70
Honda,CD 70,2020,85000,70000,Gujranwala,70
Honda,CD 70,2016,46000,70000,Rawalpindi,70
Honda,CD 70,2022,115000,70000,Swabi,70
Hi,Speed CDI SR- EURO-2,2018,70000,70000,Hyderabad,70
Yamaha,Dhoom YD-70,2012,54000,70000,Faisalabad,70
Union,Star US,2021,70000,70000,Rawalpindi,70
Honda,CD 70 Dream,2018,90000,70000,Multan,70
Honda,CD 70,2023,138000,70000,Rawalpindi,70
Super,Power SP 70,2013,55000,70000,Karachi,70
Unique,Xtreme UD 70,2017,50000,70000,Karachi,70
Honda,CD 70,2010,70000,70000,Bahawalpur,70
Crown,RF 70,2006,33000,70000,Rawalpindi,70
Honda,CD 70,2002,48000,70000,Dinga,70
Road,Prince 70 Passion Plus,2017,45000,70000,Taxila,70
Honda,CD 70,2007,54000,70000,Islamabad,70
Honda,CD 70,2019,105000,70099,Toba Tek Singh,70
Honda,CD 70,2011,55000,70618,Lahore,70
Honda,CD 70,2007,50000,70879,Faisalabad,70
Yamaha,Dhoom YD-70,2014,53000,71000,Jhang,70
Honda,CD 70,2013,119000,72000,Lahore,70
Honda,CD 70,2019,89500,75000,Lahore,70
Super,Power SP 70,2020,75000,75000,Islamabad,70
Super,Star CD 70,2010,42000,75238,Karachi,70
Honda,CD 70,2017,65000,75861,Faisalabad,70
Road,Prince 70 Passion Plus,2011,35000,78000,Lahore,70
Super,Star CD 70,2022,67000,78000,Karachi,70
Honda,CD 70,1986,32000,78656,Karachi,70
Honda,CD 70,2021,102000,78963,Faisalabad,70
Honda,CD 70,2005,35000,79856,Gujranwala,70
Honda,CD 70,2013,80000,80000,Faisalabad,70
Honda,CD 70,2017,50000,80000,Karachi,70
Unique,UD 70,2020,60000,80000,Karachi,70
Honda,CD 70,2011,28000,80000,Bahawalpur,70
Union,Star US,2021,62500,80000,Rawalpindi,70
Union,Star US,2014,50000,80000,Hyderabad,70
Honda,CD 70,2014,47000,80000,Islamabad,70
Road,Prince 70 Passion Plus,2015,25000,80000,Lahore,70
Honda,CD 70,2008,60000,80000,Lahore,70
Road,Prince 70 Passion Plus,2011,60000,80000,Sargodha,70
Honda,CD 70,2016,95000,80000,Peshawar,70
Hi,Speed CDI SR- EURO-2,2021,70000,80000,Rawalpindi,70
Honda,CD 70,2017,90000,80000,Wah cantt,70
Honda,CD 70 Dream,2015,68000,80000,Okara,70
Honda,CD 70 Dream,2017,110000,80000,Lahore,70
Honda,CD 70,2008,50000,80000,Lahore,70
Honda,CD 70,2008,38999,80000,Faisalabad,70
Honda,CD 70,2007,75000,80000,Multan,70
Pak,Hero PH 70,2009,30000,80000,Attock,70
Road,Prince Classic 70,2018,59000,80000,Lahore,70
Super,Star CD 70,2017,30000,80000,Karachi,70
Super,Power SP 70,2020,64500,80000,Karachi,70
Honda,CD 70,2011,80000,80000,Faisalabad,70
Super,Power SP 70,2013,48000,80000,Karachi,70
Road,Prince 70 Passion Plus,2021,55000,80000,Bahawalpur,70
Super,Power SP 70,2022,68000,80000,Karachi,70
Super,Star CD 70,2020,55000,80000,Karachi,70
Union,Star 70 Deluxe,2022,82000,80550,Rawalpindi,70
Union,Star US,2016,65000,81000,Islamabad,70
United,US 70,2019,50000,82000,Lahore,70
Road,Prince 70 Passion Plus,2017,32000,84648,Lahore,70
Road,Prince 70 Passion Plus,2020,50000,84800,Lahore,70
Honda,CD 70,2018,90000,85000,Jhang,70
United,US 70,2014,50000,85000,Faisalabad,70
Honda,CD 70,2011,55000,85000,Sargodha,70
Honda,CD 70,1986,58000,85376,Rawalpindi,70
Hi,Speed CDI SR- EURO-2,2015,45000,86000,Islamabad,70
Hi,Speed CDI SR- EURO-2,2009,34000,86325,Rawalpindi,70
Honda,CD 70,2020,87000,87000,Karachi,70
Crown,CRLF 70,2013,40000,87000,Lahore,70
Super,Star CD 70,2015,33000,87858,Faisalabad,70
Honda,CD 70,1986,170000,89000,Karachi,70
Ravi,Humsafar 70,2013,40000,90000,Gojra,70
Super,Power SP 70,2020,72000,90000,Karachi,70
Honda,CD 70,2016,110000,90000,Wah cantt,70
United,US 70,2009,30000,90000,Bhimber,70
Honda,CD 70,1998,60700,90000,Lahore,70
United,US 70,2013,30000,90000,Lahore,70
United,US 70,2016,60000,90000,Faisalabad,70
Honda,CD 70,2002,27000,90000,Lahore,70
United,US 70,2025,90000,90770,Rawalpindi,70
Super,Power SP 70,2011,40000,90861,Rawalakot,70
United,US 70,2023,68500,94500,Lahore,70
Honda,CD 70,2018,100000,95000,Attock,70
Unique,Xtreme UD 70,2023,85000,95000,Karachi,70
Honda,CD 70,2009,55000,95847,Rawalpindi,70
United,US 70,2023,65000,96329,Lahore,70
Unique,UD 70,2021,90000,97200,Attock,70
Union,Star US,2010,50000,99000,Karachi,70
Honda,CD 70,2011,95000,99999,Karachi,70
Crown,RF 70,2014,45000,99999,Haripur,70
Honda,CD 70,2005,48500,99999,Karachi,70
Road,Prince 70 Passion Plus,2015,35000,99999,Lahore,70
Super,Star CD 70,2014,80000,99999,Lahore,70
Honda,CD 70,2020,95000,99999,Lahore,70
DYL,Dhoom YD-70,2013,60000,99999,Rawalpindi,70
Union,Star,2014,35000,99999,Rawalpindi,70
Honda,CD 70,2017,85000,100000,Karachi,70
Hi,Speed CDI SR- EURO-2,2021,45000,100000,Karachi,70
Honda,CD 70,2018,85000,100000,Faisalabad,70
Honda,CD 70,2014,35000,100000,Dera Ghazi Khan,70
DYL,Dhoom YD-70,2009,38000,100000,Lahore,70
Honda,CD 70,2017,60000,100000,Karachi,70
Super,Power SP 70,2021,63000,100000,Karachi,70
Super,Power SP 70,2010,26000,100000,Karachi,70
Hi,Speed CDI SR- EURO-2,2022,92000,100000,Islamabad,70
Unique,Xtreme UD 70,2017,45000,100000,Karachi,70
Honda,CD 70,2006,55000,100000,Lahore,70
Crown,CR 70 HD Plus,2016,40000,100000,Sargodha,70
Super,Power SP 70,2016,45000,100000,Karachi,70
Honda,CD 70,2004,40000,100000,Karachi,70
Pak,Hero RF 70,2015,37000,100000,Rawalpindi,70
Pak,Hero RF 70,2015,42000,100000,Attock,70
Honda,CD 70,2015,65000,100000,Faisalabad,70
Honda,CD 70,2007,65000,100000,Lahore,70
Super,Power SP 70,2009,36000,100000,Karachi,70
Honda,CD 70,2009,70000,100000,Rawalpindi,70
United,US 70,2016,42000,100000,Lahore,70
United,US 70,2018,35000,100000,Karachi,70
Metro,MR 70,2013,40000,100000,Islamabad,70
Habib,HB 70,2014,43500,100000,Karachi,70
Unique,Xtreme UD 70,2016,45000,100000,Karachi,70
Honda,CD 70,2006,45000,100000,Multan,70
Honda,CD 70,2006,52500,100000,Wah cantt,70
Honda,CD 70,2020,73000,100000,Karachi,70
Honda,CD 70,2005,58500,100000,Lahore,70
United,US 70,2015,33000,100000,Islamabad,70
Honda,CD 70,2013,60000,100000,Faisalabad,70
Honda,CD 70,2005,43000,100000,Chiniot,70
Crown,CRLF 70,2016,45000,100000,Karachi,70
Unique,Xtreme UD 70,2018,45000,100000,Quetta,70
Super,Star CD 70,2018,60000,100000,Karachi,70
Unique,UD 70,2021,63000,100000,Karachi,70
Unique,Xtreme UD 70,2019,55000,100000,Mansehra,70
Road,Prince 70 Passion Plus,2023,55000,100000,Kasur,70
Union,Star US,2019,38000,100000,Islamabad,70
Honda,CD 70,1988,75000,100000,Lahore,70
Unique,Xtreme UD 70,2012,40000,100000,Karachi,70
Super,Power SP 70,2019,75000,100000,Islamabad,70
Honda,CD 70,2014,80000,100000,Lahore,70
Hero,RF 70,2011,45000,100000,Rawalpindi,70
Hi,Speed CDI SR- EURO-2,2019,190000,100000,Okara,70
Hero,RF 70,2019,47000,100000,Karachi,70
Bionic,,2010,70000,100000,Karachi,70
Road,Prince 70 Passion Plus,2009,26000,100000,Lahore,70
Honda,CD 70,2022,120000,100000,Multan,70
United,US 70,2011,40000,100000,Lahore,70
Honda,CD 70,2008,58000,100000,Rawalpindi,70
Honda,CD 70,2006,30000,100000,Karachi,70
Chinese,Bikes 70,2009,29500,100000,Chichawatni,70
Super,Power SP 70,2013,45000,100000,Karachi,70
Super,Power SP 70,2020,55000,100000,Karachi,70
Pak,Hero RF 70,2012,35000,100000,Karachi,70
Honda,CD 70,2019,86000,100000,Lahore,70
Unique,Xtreme UD 70,2013,78000,100000,Karachi,70
Union,Star US,2017,48000,100000,Karachi,70
Unique,UD 70,2018,55000,100000,Karachi,70
Honda,CD 70,2021,110000,100000,Taxila,70
Super,Power SP 70,2017,57500,100000,Karachi,70
Honda,CD 70,2017,100000,100000,Lahore,70
Super,Power SP 70,2017,48000,100000,Islamabad,70
Honda,CD 70,2015,95000,100000,Karachi,70
Honda,CD 70,2006,45000,100000,Lahore,70
Metro,MR 70,2017,35000,100000,Rawalpindi,70
Unique,Xtreme UD 70,2022,63000,100000,Karachi,70
Honda,CD 70,2010,50000,100000,Bahawalpur,70
Honda,CD 70,2014,83000,100000,Islamabad,70
Honda,CD 70,2009,80000,100000,Rawalpindi,70
Hi,Speed CDI SR- EURO-2,2016,43000,100000,Mardan,70
Super,Power SP 70,2018,60000,100000,Karachi,70
Hi,Speed CDI SR- EURO-2,2019,180000,100000,Karachi,70
Honda,CD 70,2009,55000,100000,Lahore,70
Honda,CD 70,2016,48000,100000,Karachi,70
ZXMCO,ZX 70 City Rider,2016,25000,100000,Islamabad,70
United,US 70,2017,49500,100000,Shakargarh,70
Habib,HB 70,2007,42000,100000,Karachi,70
Super,Star CD 70,2010,36000,100000,Karachi,70
Super,Star CD 70,2018,42000,100000,Kandiaro,70
Unique,Xtreme UD 70,2023,72000,100000,Karachi,70
Hi,Speed CDI SR- EURO-2,2018,65000,100000,Karachi,70
Honda,CD 70,2008,55000,100000,Rawalpindi,70
Honda,CD 70,2023,130000,100000,Gujranwala,70
Honda,CD 70,2008,48000,100000,Faisalabad,70
Honda,CD 70,2011,60500,100000,Lahore,70
United,US 70,2010,30000,100000,Gujrat,70
Road,Prince 70 Passion Plus,2015,30000,100000,Lahore,70
Chinese,Bikes 70,2021,36000,100000,Bahawalpur,70
Honda,CD 70,2016,45000,100000,Sargodha,70
Super,Power SP 70,2012,48000,100000,Karachi,70
Super,Star CD 70,2017,80000,100000,Karachi,70
Honda,CD 70,1983,59000,100000,Rawalpindi,70
Honda,CD 70,2014,67000,100000,Islamabad,70
Honda,CD 70,2006,40000,100000,Faisalabad,70
Super,Star CD 70,2014,35000,100000,Karachi,70
Super,Star CD 70,2003,45000,100000,Lahore,70
Ravi,Humsafar 70,2005,25000,100000,Multan,70
Unique,UD 70,2009,60000,100000,Karachi,70
Honda,CD 70 Dream,2014,75000,100000,Faisalabad,70
Unique,UD 70,2015,47000,100000,Karachi,70
Honda,CD 70,1987,50000,100000,Bahawalpur,70
Honda,CD 70,2006,50000,100000,Lahore,70
Super,Power SP 70,2013,30000,100000,Karachi,70
Honda,CD 70,2021,105000,100000,Hyderabad,70
Union,Star US,2018,80000,100000,Karachi,70
Super,Power SP 70,2018,70000,100000,Karachi,70
Super,Asia SA 70,2022,60000,100000,Rawalpindi,70
Super,Star CD 70,2021,65000,100000,Karachi,70
Honda,CD 70,2008,50000,100000,Mandi bahauddin,70
Super,Power SP 70,2018,52000,100000,Karachi,70
Honda,CD 70,2021,112000,100000,Gujranwala,70
Road,Prince 70 Passion Plus,2008,30000,100000,Lahore,70
Super,Power SP 70,2023,68000,100006,Karachi,70
Honda,CD 70,2021,92000,100860,Karachi,70
Road,Prince 70 Passion Plus,2022,80000,101007,Rawalpindi,70
Union,Star US,2013,48000,103659,Rawalpindi,70
Unique,UD 70,2022,100000,104053,Haripur,70
Chinese,Bikes 70,2022,100000,105000,Lahore,70
Honda,CD 70,2008,70000,105123,Faisalabad,70
Hi,Speed CDI SR- EURO-2,2022,65000,105321,Faisalabad,70
Hi,Speed SR 70,2022,65000,105321,Faisalabad,70
Honda,CD 70,2022,110000,106021,Khanpur,70
Super,Asia SA 70,2016,60000,110000,Faisalabad,70
Super,Power SP 70,2010,34500,110000,Karachi,70
Honda,CD 70,2020,110000,110698,Karachi,70
Unique,Xtreme UD 70,2021,69525,111111,Karachi,70
Road,Prince 70 Passion Plus,2019,45000,111111,Lahore,70
United,US 70,2023,75000,111111,Rawalpindi,70
Union,Star US,2018,48000,111111,Karachi,70
United,US 70,2023,82000,111155,Wah cantt,70
Honda,CD 70,2014,76000,111222,Islamabad,70
Road,Prince Classic 70,2012,32000,112233,Lahore,70
Honda,CD 70,2019,100000,112233,Islamabad,70
United,US 70,2023,85000,112244,Wah cantt,70
Pak,Hero RF 70,2014,70000,115000,Rawalpindi,70
Hero,RF 70,2014,70000,115000,Rawalpindi,70
Honda,CD 70,2003,1000000,115000,Sialkot,70
Honda,CD 70,2015,72500,120000,Lahore,70
Honda,CD 70,2022,110000,120000,Karachi,70
Road,Prince 70 Passion Plus,2024,90000,120000,Islamabad,70
Super,Power SP 70,2011,65000,120000,Karachi,70
Ghani,Gi 70,2011,17000,120000,Sumandari,70
Treet,EURO II TR 70,2011,28500,121212,Karachi,70
Super,Star CD 70,2020,55000,121212,Karachi,70
Honda,CD 70 Dream,2018,127000,121412,Islamabad,70
Honda,CD 70,2008,78000,122000,Faisalabad,70
Honda,CD 70,2021,100000,123000,Rahim Yar Khan,70
Super,Power SP 70,2005,37000,123123,Karachi,70
Union,Star US,2016,52000,123450,Islamabad,70
Honda,CD 70,2022,114000,123455,Sheikhupura,70
Crown,RF 70,2017,40000,123455,Karachi,70
United,US 70,2020,85000,123456,Nowshera,70
United,US 70,2016,40000,123456,Rawalpindi,70
Super,Star CD 70,2017,50000,123456,Sargodha,70
Honda,CD 70,2023,121000,123456,Faisalabad,70
Ghani,Gi 70,2018,70000,123456,Chakwal,70
Honda,CD 70 Dream,2014,70000,123456,Islamabad,70
Honda,CD 70,2021,105000,123456,Lahore,70
Super,Power SP 70,2014,36000,123456,Karachi,70
Union,Star US,2021,62000,123456,Islamabad,70
Honda,CD 70,2021,110000,123456,Faisalabad,70
Super,Star CD 70,2019,55000,123456,Karachi,70
Pak,Hero RF 70,2013,32000,123456,Peshawar,70
United,US 70,2018,50000,123456,Islamabad,70
Super,Star CD 70,2021,85000,123456,Karachi,70
Honda,CD 70,2012,70000,123456,Multan,70
Road,Prince 70 Passion Plus,2021,60000,123456,Lahore,70
Honda,CD 70,2024,90000,123456,Karachi,70
Road,Prince 70 Passion Plus,2019,29000,123456,Lahore,70
Ravi,Humsafar 70,2017,65000,123456,Abbottabad,70
Honda,CD 70,2013,60000,123456,Lahore,70
Safari,SD 70,2010,35000,123456,Lahore,70
Chinese,Bikes 70,2015,32000,123456,Multan,70
Union,Star US,2019,55000,123456,Rawalpindi,70
Super,Power SP 70,2020,75000,123456,Wah cantt,70
Union,Star US,2018,60000,123456,Karachi,70
Honda,CD 70,2018,100000,123456,Gujrat,70
Unique,Xtreme UD 70,2021,75000,123456,Karachi,70
Super,Star CD 70,2015,60000,123456,Karachi,70
Road,Prince 70 Passion Plus,2016,40000,123456,Sahiwal,70
Ravi,Humsafar 70,2017,45000,123456,Islamabad,70
United,US 70,2019,50000,123456,Rawalpindi,70
Super,Star CD 70,2018,45500,123456,Karachi,70
Honda,CD 70,2022,115000,123456,Sargodha,70
Hi,Speed CDI SR- EURO-2,2021,75000,123456,Karachi,70
Honda,CD 70,2019,85000,123456,Renala khurd,70
Honda,CD 70,2022,130000,123456,Sargodha,70
Chinese,Bikes 70,2013,52000,123456,Faisalabad,70
Road,Prince 70 Passion Plus,2016,28500,123456,Lahore,70
Super,Star CD 70,2018,38000,123456,Karachi,70
Super,Star CD 70,2018,50000,123456,Karachi,70
Crown,CR 70 HD Plus,2016,50000,123456,Abbottabad,70
Super,Power SP 70,2017,47000,123456,Karachi,70
Honda,CD 70,2021,110000,123456,Karachi,70
Honda,CD 70,2021,138000,123456,Rawalpindi,70
Union,Star US,2019,49000,123456,Islamabad,70
Road,Prince 70 Passion Plus,2016,33000,123456,Lahore,70
United,US 70,2021,70000,123456,Abbottabad,70
Super,Power SP 70,2021,56000,123456,Quetta,70
United,US 70,2022,75000,123456,Islamabad,70
Metro,MR 70,2020,45000,123456,Gujrat,70
Hi,Speed CDI SR- EURO-2,2017,52000,123456,Rawalpindi,70
Hi,Speed CDI SR- EURO-2,2022,65000,123456,Islamabad,70
Union,Star US,2022,75000,123456,Islamabad,70
Hi,Speed CDI SR- EURO-2,2020,72000,123456,Karachi,70
Road,Prince 70 Passion Plus,2021,57000,123456,Lahore,70
Honda,CD 70,1987,28500,123456,Karachi,70
Honda,CD 70,2019,98000,123456,Lahore,70
Crown,CRLF 70,2017,46000,123456,Lahore,70
Super,Star CD 70,2017,60000,123456,Karachi,70
Unique,Xtreme UD 70,2021,65000,123456,Nawabshah,70
Super,Star CD 70,2024,70000,123456,Karachi,70
Road,Prince 70 Passion Plus,2021,75000,123456,Chakwal,70
United,US 70,2020,50000,123456,Rawalpindi,70
United,US 70,2015,65000,123456,Peshawar,70
Honda,CD 70,2010,50000,123456,Bahawalnagar,70
Ravi,Humsafar 70,2006,33500,123456,Lahore,70
Honda,CD 70,2018,86000,123456,Lahore,70
Honda,CD 70,2018,80000,123456,Sukkur,70
Honda,CD 70,2021,100000,123456,Sargodha,70
Bionic,,2015,35000,123456,Karachi,70
United,US 70,2023,50000,123456,Mandi bahauddin,70
Super,Power SP 70,2021,63000,123456,Karachi,70
Pak,Hero RF 70,2009,29500,123456,Rawalpindi,70
United,US 70,2018,49000,123456,Rawalpindi,70
Honda,CD 70,2016,60000,123456,Karachi,70
Pak,Hero RF 70,2024,55000,123456,Karachi,70
Hi,Speed CDI SR- EURO-2,2019,53000,123456,Rawalpindi,70
Road,Prince 70 Passion Plus,2017,50000,123456,Faisalabad,70
Honda,CD 70,2013,87000,123456,Rawalpindi,70
Crown,CRLF 70,2017,40000,123456,Karachi,70
United,US 70,2022,70000,123456,Rawalpindi,70
Road,Prince 70 Passion Plus,2021,55000,123456,Lahore,70
United,US 70,2022,72000,123456,Rawalpindi,70
Honda,CD 70 Dream,2022,110000,123456,Faisalabad,70
Ravi,Humsafar 70,2009,30000,123486,Rawalpindi,70
Honda,CD 70,2002,65000,123488,Lahore,70
Hi,Speed CDI SR- EURO-2,2019,58000,123566,Rawalpindi,70
Chinese,Bikes 70,2023,80000,123587,Hyderabad,70
Super,Star CD 70,2018,75000,123654,Karachi,70
Union,Star US,2023,85000,124000,Rawalpindi,70
Honda,CD 70,2014,65000,124345,Lahore,70
Hi,Speed CDI SR- EURO-2,2021,50000,124850,Karachi,70
Unique,Xtreme UD 70,2018,33000,126456,Karachi,70
Hi,Speed CDI SR- EURO-2,2015,40000,126888,Kohat,70
Honda,CD 70,2010,60000,127000,Karachi,70
Hi,Speed CDI SR- EURO-2,2023,92000,127617,Gujar Khan,70
Honda,CD 70,2017,75000,129000,Burewala,70
Honda,CD 70,2021,140000,129323,Attock,70
Honda,CD 70,2019,95000,135000,Chakwal,70
Honda,CD 70,2019,78000,137701,Gujranwala,70
Honda,CD 70,2021,130000,140000,Rawalpindi,70
Road,Prince 70 Passion Plus,2022,82000,140340,Rawalpindi,70
Union,Star US,2023,80000,147668,Karachi,70
Honda,CD 70,2007,58000,148000,Rawalpindi,70
Honda,CD 70,2010,40000,149340,Rawalpindi,70
Honda,CD 70,2020,150000,150000,Hyderabad,70
United,US 70,2020,58000,150000,Faisalabad,70
Honda,CD 70,2012,20000,150000,Haripur,70
Honda,CD 70,2020,150000,150000,Islamabad,70
Super,Star CD 70,2006,50000,150000,Lahore,70
Road,Prince 70 Passion Plus,2009,32000,150000,Faisalabad,70
United,US 70,2015,49999,150000,Abbottabad,70
Super,Star CD 70,2021,65000,150000,Hyderabad,70
Union,Star US,2018,62000,150000,Hyderabad,70
Honda,CD 70,2020,120000,155905,Attock,70
Honda,CD 70,2021,115000,156400,Gujranwala,70
Honda,CD 70,2021,140000,156990,Islamabad,70
Honda,CD 70,2018,18000,158408,Kunjah,70
Pak,Hero RF 70,2014,32000,159357,Attock,70
Honda,CD 70,2024,145000,160000,Kasur,70
Honda,CD 70,2024,150000,168562,Lahore,70
Unique,Xtreme UD 70,2011,38000,177770,Wah cantt,70
United,US 70,2018,60000,180000,Gujranwala,70
Honda,CD 70,2024,150000,181200,Karachi,70
Honda,CD 70,2024,145000,183694,Lahore,70
Road,Prince 70 Passion Plus,2014,33000,185632,Faisalabad,70
Honda,CD 70,2016,95000,189085,Rawalpindi,70
Honda,CD 70,2023,125000,190000,Khanewal,70
Super,Power SP 70,2008,66000,195000,Karachi,70
Honda,CD 70,2020,90000,200000,Bhalwal,70
United,US 70,2019,42500,200000,Islamabad,70
Honda,CD 70,2017,85000,200000,Lahore,70
Honda,CD 70,2016,75000,200000,Lahore,70
Unique,Xtreme UD 70,2011,40000,200000,Wah cantt,70
Honda,CD 70,2006,50000,200000,Sahiwal,70
Hi,Speed CDI SR- EURO-2,2022,40000,200000,Islamabad,70
Road,Prince 70 Passion Plus,2021,41500,200000,Lahore,70
Honda,CD 70,2006,50000,200000,Rawalpindi,70
Honda,CD 70,2022,135000,200000,Faisalabad,70
Unique,Xtreme UD 70,2017,45000,200000,Karachi,70
Honda,CD 70,2005,43000,200000,Gujranwala,70
Road,Prince 70 Passion Plus,2017,36000,200000,Rawalpindi,70
Honda,CD 70,2020,90000,200000,Pak pattan sharif,70
Honda,CD 70,2021,72000,200000,Karachi,70
Pak,Hero RF 70,2014,45000,206623,Islamabad,70
Honda,CD 70,2018,85000,208566,Karachi,70
Super,Power SP 70,2005,30000,214000,Haroonabad,70
Honda,CD 70,2018,90000,220119,Pak pattan sharif,70
Honda,CD 70,2007,45000,230000,Rawalpindi,70
Hi,Speed CDI SR- EURO-2,2023,80000,230381,Fateh Jang,70
Honda,CD 70,2020,90000,230635,Sialkot,70
Pak,Hero RF 70,2011,39000,231325,Rawalpindi,70
Honda,CD 70,2018,85000,235146,Gujranwala,70
Honda,CD 70,2020,95000,236278,Multan,70
Unique,Xtreme UD 70,2007,32500,238866,Karachi,70
Toyo,,2019,68000,249483,Rawalpindi,70
Union,Star 70 Deluxe,2018,45000,250000,Chakwal,70
Super,Power SP 70,2013,38000,253600,Karachi,70
Unique,Xtreme UD 70,2014,52000,257458,Karachi,70
Honda,CD 70,2018,78000,258096,Lahore,70
Pak,Hero RF 70,2013,30000,258966,Karachi,70
Honda,CD 70,2021,117000,277415,Swabi,70
Honda,CD 70,2012,50000,278800,Chakwal,70
Honda,CD 70,2018,45000,300000,Bahawalpur,70
Habib,HB 70,2011,20000,300000,Rawalpindi,70
United,US 70,2016,60000,300000,Rawalpindi,70
Honda,CD 70,2007,45000,300000,Lahore,70
Hi,Speed CDI SR- EURO-2,2022,65000,303086,Islamabad,70
United,US 70,2019,55000,309252,Faisalabad,70
Road,Prince 70 Passion Plus,2017,49000,325638,Islamabad,70
Honda,CD 70,2021,110000,330000,Lahore,70
Road,Prince 70 Passion Plus,2013,35000,350000,Lahore,70
United,US 70,2021,90000,388524,Rawalpindi,70
Honda,CD 70,2023,100000,400000,Karachi,70
Hi,Speed CDI SR- EURO-2,2019,70000,405455,Hyderabad,70
Metro,MR 70,2021,65000,420000,Lahore,70
Super,Power SP 70,2017,55000,433445,Karachi,70
Metro,MR 70,2022,50000,450000,Jhang,70
Habib,HB 70,2015,42000,450000,Rawalpindi,70
Eagle,Challenger,2012,45000,451125,Lahore,70
United,US 70,2016,20000,481046,Sargodha,70
Super,Power SP 70,2011,26000,488484,Karachi,70
Honda,CD 70,1998,30000,500000,Karachi,70
Super,Power SP 70,2014,40000,500000,Karachi,70
Unique,Xtreme UD 70,2014,40000,500000,Karachi,70
Honda,CD 70,2005,65000,500000,Rawalpindi,70
Super,Power SP Dollar 70,2017,42000,500000,Karachi,70
Super,Power SP 70,2020,58000,500000,Karachi,70
Unique,Xtreme UD 70,2022,60000,500000,Hyderabad,70
Union,Star US,2020,60000,500000,Rawalpindi,70
Super,Power SP 70,2019,65000,500000,Islamabad,70
Super,Star CD 70,2010,35000,500000,Multan,70
Honda,CD 70,2007,42000,500000,Sialkot,70
Crown,RF 70,2019,55000,500005,Karachi,70
Honda,CD 70,2022,125000,500012,Karachi,70
Honda,CD 70,2014,60000,512346,Lahore,70
Honda,CD 70,2016,80000,520000,Layyah,70
United,US 70,2021,45000,532154,Rawalpindi,70
Hi,Speed CDI SR- EURO-2,2022,63000,534216,Rawalpindi,70
Honda,CD 70,1983,210000,550000,Lahore,70
Honda,CD 70,2012,58000,555557,Lahore,70
Honda,CD 70,2017,36000,585984,Lahore,70
Super,Power SP 70,2021,55000,588888,Quetta,70
Unique,Xtreme UD 70,2007,23000,600000,Karachi,70
Honda,CD 70,2017,125000,606837,Khushab,70
Pak,Hero RF 70,2014,39500,648464,Lahore,70
Honda,CD 70,2012,48000,658289,Mardan,70
Honda,CD 70,2014,63000,680898,Faisalabad,70
Honda,CD 70,2021,90000,700000,Sialkot,70
Super,Power SP 70,2015,36500,786786,Karachi,70
Honda,CD 70,1987,39000,786786,Faisalabad,70
Honda,CD 70,2017,75000,800000,Lahore,70
Honda,CD 70,2006,45000,800000,Gujranwala,70
Road,Prince 70 Passion Plus,2017,32000,818116,Lahore,70
Honda,CD 70,2009,48500,865321,Multan,70
Union,Star US,2021,65000,888888,Wah cantt,70
Unique,Xtreme UD 70,2012,32000,900000,Karachi,70
QINGQI,QM 70,2014,25000,906880,Jhelum,70
Honda,CD 70,2022,100000,940000,Pattoki,70
Union,Star US,2021,65000,985888,Abbottabad,70
Honda,CD 70,2007,65000,999956,Rawalpindi,70
Pak,Hero PH 70,2015,39000,999999,Karachi,70
United,US 70,2012,32000,999999,Abbottabad,70
Pak,Hero RF 70,2009,35000,999999,Rawalpindi,70
Honda,CD 70,2017,35000,999999,Matli,70
Honda,CD 70,2012,38000,1000000,Karachi,70
Metro,MR 70,2016,35000,1000000,Lahore,70
United,US 100,2025,274000,1,Lahore,100
Yamaha,Royale YB 100,2002,90000,1,Karachi,100
Pakzon,Electric PE-100L,2025,239000,1,Lahore,0
Yamaha,Royale YB 100,2010,160000,1,Layyah,100
Yamaha,Royale YB 100,2004,95000,1,Rawalpindi,100
Honda,Pridor,2022,180000,1,Islamabad,100
Yamaha,YD-100 Junoon,2013,35000,1,Faisalabad,100
Honda,Pridor,2013,90000,1,Jhang,100
Honda,CD 100 Euro 2,2021,165000,1,Faisalabad,100
Honda,Pridor,2014,65000,1,Multan,100
Yamaha,Mini 100 Euro II,2014,45000,1,Rawalpindi,100
New,Asia Ramza,2025,275000,1,Rawalpindi,100
New,Asia Ramza,2025,220000,1,Rawalpindi,100
Honda,Pridor,2025,209000,1,Lahore,100
Honda,CD 100 Euro 2,1988,55000,1,Sukkur,100
New,Asia Ramza,2025,280000,1,Rawalpindi,100
New,Asia Ramza,2025,295000,1,Islamabad,100
United,US 100,2025,280000,1,Rawalpindi,100
Honda,CD-100,2013,90000,3,Peshawar,100
Pakzon,Electric PE-100L-SE,2025,278000,4,Lahore,0
Yamaha,Royale YB 100,1999,22500,5,Rawalpindi,100
Honda,Pridor,2007,65000,10,Lahore,100
Honda,Pridor,2025,211000,18,Multan,100
Yamaha,Royale YB 100,1996,145000,20,Kotli Ak,100
Yamaha,YD-100 Junoon,2011,65000,35,Multan,100
Honda,Pridor,2025,225000,38,Rawalpindi,100
Unique,UD 100,2018,60000,40,Karachi,100
Yamaha,Royale YB 100,2008,48000,40,Multan,100
Yamaha,Royale YB 100,2007,60000,40,Pattoki,100
DYL,YB 100,1984,55000,40,Faisalabad,100
Unique,UD 100,2018,147000,40,Mansehra,100
Yamaha,Royale YB 100,2007,60000,45,Pattoki,100
Yamaha,4 YD 100,2006,85000,50,Multan,100
Honda,Pridor,2019,150000,50,Mian Wali,100
Honda,Pridor,2017,92000,53,Lahore,100
Honda,Pridor,2017,85000,55,Khanpur,100
Honda,CD-100,2016,90000,58,Lahore,100
Honda,Pridor,2014,80000,60,Pak pattan sharif,100
Honda,Pridor,2023,145000,60,Karachi,100
Pakzon,Electric PE-100L,2023,140000,60,Karachi,0
Honda,Pridor,2018,120000,70,Faisalabad,100
Yamaha,4 YD 100,1986,100000,100,Karachi,100
Crown,CR 100 Self Start Alloy Rim,2023,165000,100,Rawalpindi,100
Honda,Pridor,2021,155000,100,Sialkot,100
Yamaha,Royale YB 100,2008,45000,100,Bahawalpur,100
Unique,UD 100,2019,75000,100,Karachi,100
United,US 100,2023,220000,100,Rawalpindi,100
DYL,Junoon YD-100,2011,59000,123,Lahore,100
Honda,Pridor,2017,102000,123,Chakwal,100
New,Asia Ramza,2013,80000,140,Abbottabad,100
Hi,Speed Alpha SR 100,2024,225000,230,Tando jam,100
United,US 100,2022,205000,305,Rawalpindi,100
United,US 100 Jazba,2025,120000,400,Wah cantt,100
Honda,CD-100,2023,190000,400,Lahore,100
Honda,Pridor,2025,208000,500,Faisalabad,100
Honda,CD 100 Euro 2,2005,50000,500,Karachi,100
Yamaha,Royale YB 100,2007,185000,500,Islamabad,100
United,US 100,2022,70000,500,Islamabad,100
Honda,Pridor,2024,205000,550,Hassan abdal,100
Honda,Pridor,2025,204000,555,Lahore,100
Suzuki,100,2025,350000,700,Lahore,100
Yamaha,Royale YB 100,2006,120000,786,Abbottabad,100
Honda,Pridor,2025,202000,850,Hyderabad,100
United,US 100,2025,120000,900,Islamabad,100
New,Asia Ramza,2025,250000,900,Rahim Yar Khan,100
Yamaha,Royale YB 100,1991,360000,950,Quetta,100
Unique,UD 100,2010,65000,999,Karachi,100
DYL,YB 100,1997,90000,1000,Karachi,100
Honda,Pridor,2024,190000,1000,Multan,100
Yamaha,4 YD 100,2025,90000,1000,Karachi,100
Super,Power SP-100,2005,42000,1000,Sukkur,100
United,US 100,2025,110000,1000,Rawalpindi,100
Yamaha,Royale YB 100,2000,80000,1000,Ahmed Pur East,100
Honda,Pridor,2025,200000,1000,Raiwind,100
Honda,CD-100,2025,165000,1050,Lahore,100
United,US 100,2024,120000,1200,Karachi,100
Yamaha,YD-100 Junoon,2003,50000,1200,Abbottabad,100
United,US 100,2023,65000,1234,Jhelum,100
New,Asia Ramza,2024,270000,1240,Islamabad,100
Honda,CD-100,2005,35000,1253,Lahore,100
United,US 100,2022,185000,1400,Karachi,100
United,US 100,2022,97000,1450,Sargodha,100
United,US 100,2017,42000,1500,Faisalabad,100
Yamaha,4 YD 100,2010,62000,1500,Multan,100
Honda,CD 100 Euro 2,2024,205000,1500,Sahiwal,100
Yamaha,Mini 100 Euro II,2013,50000,1500,Gujranwala,100
Honda,Pridor,2024,210000,1500,Wah cantt,100
Suzuki,GP 100,2024,340000,1560,Sialkot,100
ZXMCO,ZX 100 Power Max,2021,85000,1800,Mirpur A.K.,100
Honda,Pridor,2013,85000,1854,Lahore,100
Honda,Pridor,2024,190000,1900,Islamabad,100
Honda,Pridor,2016,119000,1900,Chowha saidan shah,100
Honda,Pridor,2024,208000,1950,Quetta,100
DYL,YB 100,2010,135000,1952,Haripur,100
Yamaha,4 YD 100,1992,30000,1952,Wah cantt,100
Pakzon,Electric PE-100L,2024,80000,2000,Gujranwala,0
Yamaha,Royale YB 100,1995,28000,2000,Islamabad,100
ZXMCO,ZX 100 Power Max,2012,90000,2000,Haripur,100
Honda,CD 100 Euro 2,2012,90000,2000,Haripur,100
Yamaha,YD-100 Junoon,2007,40000,2000,Karachi,100
United,US 100,2023,99500,2000,Islamabad,100
Yamaha,Mini 100 Euro II,2013,50000,2000,Kamoke,100
Honda,Pridor,2024,250000,2000,Rawalpindi,100
Yamaha,4 YD 100,2007,110000,2000,Multan,100
Honda,Pridor,2021,145000,2000,Sheikhupura,100
United,US 100,2025,165000,2000,Rawalpindi,100
Pakzon,Electric PE-100L,2023,120000,2000,Karachi,0
Super,Star,2010,40000,2010,Faisalabad,100
Honda,Pridor,2022,205000,2138,Rawalpindi,100
Honda,Pridor,2025,200000,2200,Shakargarh,100
Honda,Pridor,2025,200000,2470,Jhelum,100
Honda,Pridor,2025,212000,2550,Faisalabad,100
United,US 100,2022,150000,2600,Islamabad,100
Honda,Pridor,2024,202000,2800,Sargodha,100
Honda,Pridor,2024,205000,2900,Rawalpindi,100
New,Asia Ramza,2024,98000,2960,Mandi bahauddin,100
Honda,Pridor,2024,210000,2999,Faisalabad,100
United,US 100,2025,107000,3000,Islamabad,100
Honda,CD-100,2025,210000,3000,Rawalpindi,100
Yamaha,Royale YB 100,1996,30000,3000,Rawalpindi,100
Honda,Pridor,2022,175000,3000,Mandra,100
Super,Power SP-100,2008,60000,3000,Karachi,100
Honda,Pridor,2025,215000,3500,Chakwal,100
Honda,CD 100 Euro 2,2024,210000,3500,Taxila,100
Honda,Pridor,2025,210000,3500,Wah cantt,100
United,US 100,2025,122000,3600,Peshawar,100
Honda,Pridor,2024,191000,3800,Multan,100
Honda,Pridor,2023,162000,3800,Sargodha,100
Honda,Pridor,2025,208000,3900,Gujranwala,100
Honda,Pridor,2021,162000,4000,Haripur,100
United,US 100,2022,158000,4000,Lahore,100
Super,Star,2008,40000,4000,Sargodha,100
Honda,Pridor,2024,195000,4000,Karachi,100
United,US 100,2025,105000,4000,Lahore,100
Honda,Pridor,2025,210000,4000,Karachi,100
Yamaha,YD-100 Junoon,2008,70000,4000,Layyah,100
Honda,Pridor,2022,160000,4000,Multan,100
Honda,Pridor,2022,175000,4200,Rawalpindi,100
United,US 100,2023,90000,4200,Wazirabad,100
Honda,Pridor,2019,130000,4205,Khushab,100
Honda,Pridor,2024,195000,4500,Jhang,100
Honda,Pridor,2024,190000,4500,Rahim Yar Khan,100
Honda,Pridor,2018,98000,5000,Faisalabad,100
DYL,YB 100,1986,120000,5000,Sialkot,100
Honda,Pridor,2025,192000,5000,Lahore,100
BML,BM 100,1985,85000,5000,Sahiwal,100
Honda,Pridor,2022,161000,5000,Pattoki,100
Honda,Pridor,2022,175000,5000,Lahore,100
United,US 100,2021,85000,5000,Karachi,100
Honda,CD-100,2015,105000,5000,Rawalpindi,100
Honda,Pridor,2018,90000,5000,Lahore,100
Yamaha,4 YD 100,2007,30000,5000,Lahore,100
United,US 100,2025,140000,5000,Islamabad,100
Honda,Pridor,2012,80000,5000,Islamabad,100
United,US 100,2023,110000,5000,Karachi,100
United,US 100 Jazba,2025,140000,5000,Islamabad,100
United,US 100,2023,100000,5000,Karachi,100
United,US 100,2024,95000,5117,Rawalpindi,100
Honda,Pridor,2025,210000,5200,Okara,100
Honda,Pridor,2024,190000,5300,Bahawalpur,100
Honda,Pridor,2024,179000,5400,Karachi,100
Honda,Pridor,2023,180000,5435,Sialkot,100
United,US 100,2024,100000,5600,Dinga,100
Honda,Pridor,2024,195000,5740,Mian Channu,100
United,US 100,2024,95000,5800,Rawalpindi,100
Yamaha,Mini 100 Euro II,1977,70000,5855,Lahore,100
Crown,CR 100 Self Start Alloy Rim,2024,150000,6000,Islamabad,100
Honda,Pridor,2024,204000,6000,Gujrat,100
Honda,Pridor,2024,190000,6000,Lahore,100
United,US 100,2022,90000,6000,Islamabad,100
Super,Star,2024,125000,6000,Islamabad,100
Honda,Pridor,2024,205000,6000,Abbottabad,100
Honda,Pridor,2023,180000,6000,Charsadda,100
Honda,Pridor,2017,148000,6215,Islamabad,100
Honda,Pridor,2024,200000,6500,Faisalabad,100
Honda,Pridor,2022,189000,6500,Kahuta,100
Unique,UD 100,2023,99000,6500,Lahore,100
Honda,Pridor,2024,189000,6500,Lahore,100
Crown,CR 100 Excellence,2024,110000,6500,Okara,100
Honda,Pridor,2025,190000,6578,Kasur,100
Super,Star,2022,110000,6600,Karachi,100
Super,Star,2023,145000,6600,Karachi,100
Honda,Pridor,2022,195000,6600,Lahore,100
Honda,Pridor,2022,195000,6620,Lahore,100
Honda,CD 100 Euro 2,2024,196000,6800,Faisalabad,100
Honda,CD 100 Euro 2,2023,94000,6900,Haripur,100
Honda,Pridor,2022,155000,7000,Mansehra,100
DYL,YB 100,1990,400000,7000,Dadyal Ak,100
Honda,Pridor,2024,172000,7000,Karachi,100
Honda,CD 100 Euro 2,2023,200000,7000,Sargodha,100
Honda,Pridor,2020,130000,7000,Sahiwal,100
Honda,Pridor,2023,190000,7300,Pattoki,100
Honda,Pridor,2022,165000,7500,Hafizabad,100
Honda,Pridor,2024,212000,7540,Rawalpindi,100
DYL,YB 100,2006,42000,7548,Sohawa,100
Honda,Pridor,2024,195000,7700,Multan,100
Honda,CD 100 Euro 2,2015,100000,7800,Lahore,100
Honda,Pridor,2024,195000,7800,Karachi,100
Honda,CD 100 Euro 2,2023,185000,8000,Rawalpindi,100
United,US 100,2021,80000,8000,Peshawar,100
Eagle,Fire Bolt,2014,43000,8000,Rawalpindi,100
Honda,Pridor,2024,180000,8000,Chiniot,100
Honda,Pridor,2024,205000,8000,Lahore,100
Super,Star,2023,120000,8000,Karachi,100
Honda,Pridor,2024,210000,8300,Faisalabad,100
Honda,Pridor,2024,204000,8300,Faisalabad,100
Honda,Pridor,2024,185000,8326,Sahiwal,100
Honda,Pridor,2023,168000,8500,Chakwal,100
Yamaha,YD-100 Junoon,2005,105000,8500,Lahore,100
Honda,Pridor,2022,170000,8600,Sheikhupura,100
Honda,Pridor,2022,165000,8700,Sialkot,100
United,US 100,2018,85000,8800,Islamabad,100
Honda,Pridor,2024,185000,8900,Lahore,100
Honda,Pridor,2023,190000,9000,Taxila,100
Honda,Pridor,2025,215000,9000,Rawalpindi,100
Super,Star,2023,120000,9000,Karachi,100
Honda,Pridor,2018,140000,9000,Rawalpindi,100
Honda,Pridor,2022,190000,9500,Wah cantt,100
Honda,Pridor,2024,190000,9700,Faisalabad,100
DYL,YB 100,2002,34999,9900,Lahore,100
Honda,Pridor,2023,190000,9900,Haripur,100
Honda,Pridor,2020,125000,9985,Multan,100
Super,Power SP-100,2012,52000,9999,Karachi,100
Honda,Pridor,2023,140000,10000,Karachi,100
Honda,Pridor,2013,75000,10000,Sargodha,100
Honda,Pridor,2024,190000,10000,Pir mahal,100
Honda,Pridor,2024,212000,10000,Rawalpindi,100
Honda,CD 100 Euro 2,2023,190000,10000,Wah cantt,100
Honda,Pridor,2022,160000,10000,Sheikhupura,100
Yamaha,4 YD 100,2009,65000,10000,Talagang,100
Yamaha,Royale YB 100,2008,80000,10000,Dera Ghazi Khan,100
Honda,Pridor,2022,150000,10000,Multan,100
United,US 100,2020,98500,10000,Islamabad,100
Honda,Pridor,2021,157000,10000,Bhakkar,100
Honda,Pridor,2024,145000,10000,Dera Ghazi Khan,100
Honda,Pridor,2015,130000,10000,Peshawar,100
United,US 100,2024,95000,10000,Rawalpindi,100
Yamaha,Royale YB 100,2005,22400,10000,Lahore,100
Honda,Pridor,2019,90000,10000,Multan,100
Yamaha,YD-100 Junoon,2009,55000,10000,Rahim Yar Khan,100
Honda,CD-100,2022,140000,10000,Faisalabad,100
Honda,Pridor,2021,134000,10000,Karachi,100
Honda,Pridor,2018,100000,10000,Bahawalpur,100
Yamaha,Royale YB 100,2000,55000,10000,Mirpur khas,100
Honda,Pridor,2022,150000,10000,Arifwala,100
United,US 100,2022,82000,10000,Islamabad,100
Yamaha,Royale YB 100,1986,130000,10000,Karachi,100
Honda,Pridor,2013,70000,10000,Burewala,100
Honda,Pridor,2023,180000,10000,Yazman mandi,100
United,US 100,2022,100000,10000,Islamabad,100
United,US 100,2004,36000,10000,Abbottabad,100
Honda,Pridor,2017,112000,10000,Lahore,100
Honda,Pridor,2024,185000,10000,Karachi,100
Honda,Pridor,2023,170000,10000,Multan,100
QINGQI,,2005,85000,10000,Chakwal,100
Yamaha,4 YD 100,2011,20000,10000,Karachi,100
Honda,Pridor,2024,200000,10000,Islamabad,100
Yamaha,YD-100 Junoon,2009,50000,10000,Karachi,100
Honda,Pridor,2014,95000,10000,Islamabad,100
Honda,Pridor,2024,180000,10000,Kasur,100
Honda,Pridor,2021,150000,10000,Multan,100
Honda,Pridor,2021,190000,10000,Pak pattan sharif,100
United,US 100,2017,55000,10000,Sahiwal,100
Yamaha,4 YD 100,2005,53000,10000,Wah cantt,100
Unique,UD 100,2014,100000,10000,Kohat,100
Honda,Pridor,2015,118000,10000,Karachi,100
Yamaha,4 YD 100,2009,60000,10000,Vehari,100
Honda,Pridor,2017,135000,10000,Fateh Jang,100
Honda,Pridor,2020,129000,10000,Karachi,100
Honda,Pridor,2012,85000,10000,Rawalpindi,100
Yamaha,4 YD 100,2007,35000,10000,Lahore,100
MS,Jaguar Motorcycle,1994,175000,10000,Jhelum,100
DYL,YB 100,2003,85000,10000,Mian Wali,100
Honda,Pridor,2022,140000,10000,Kasur,100
Honda,CD 100 Euro 2,2015,60000,10000,Karachi,100
Yamaha,YD-100 Junoon,2009,65000,10000,Jhang,100
Yamaha,Royale YB 100,2006,40000,10000,Bahawalpur,100
United,US 100,2016,56000,10000,Rawalpindi,100
Yamaha,YD-100 Junoon,2012,45000,10000,Karachi,100
Honda,Pridor,2009,45000,10000,Muzaffarabad,100
Suzuki,100,2001,140000,10000,Karachi,100
Super,Star,2012,50000,10000,Islamabad,100
Honda,CD 100 Euro 2,2007,65000,10000,Lahore,100
Honda,CD-100,2012,95000,10000,Wah cantt,100
United,US 100,2015,75000,10000,Rawalpindi,100
Yamaha,4 YD 100,1989,85000,10000,Islamabad,100
Yamaha,4 YD 100,2008,55000,10000,Wah cantt,100
Honda,Pridor,2024,200000,10000,Karachi,100
Honda,Pridor,2018,140000,10000,Rawalpindi,100
Honda,Pridor,2014,79000,10000,Mirpur A.K.,100
United,US 100,2017,65000,10000,Arifwala,100
Yamaha,Royale YB 100,1999,45000,10000,Faisalabad,100
Yamaha,Royale YB 100,1987,60000,10000,Multan,100
Honda,Pridor,2020,150000,10000,Depal pur,100
Honda,Pridor,2021,150000,10000,Depal pur,100
DYL,YB 100,2010,35000,10000,Lala musa,100
Honda,CD 100 Euro 2,2005,30000,10000,Sialkot,100
United,US 100,2014,35000,10000,Rawalpindi,100
Honda,Pridor,2022,180000,10000,Islamabad,100
Yamaha,4 YD 100,1997,24000,10000,Okara,100
Honda,Pridor,2021,155000,10000,Wah cantt,100
United,US 100,2017,72000,10000,Rawalpindi,100
Honda,Pridor,2023,175000,10000,Ahmed Pur East,100
Honda,Pridor,2017,97500,10000,Bhakkar,100
Honda,Pridor,2022,155000,10300,Rawalpindi,100
Honda,Pridor,2024,188000,10300,Layyah,100
Honda,Pridor,2021,145000,10320,Lodhran,100
Honda,Pridor,2025,195000,10400,Bahawalpur,100
Yamaha,Royale YB 100,2005,90000,10500,Faisalabad,100
Honda,Pridor,2022,170000,10500,Faisalabad,100
Honda,Pridor,2016,75000,10549,Faisalabad,100
Honda,Pridor,2020,135000,11000,Layyah,100
Honda,Pridor,2024,190000,11000,Sialkot,100
Honda,Pridor,2024,207000,11000,Sargodha,100
Honda,CD 100 Euro 2,2010,75000,11112,Chichawatni,100
United,US 100 Jazba,2023,90000,11143,Islamabad,100
United,US 100,2023,90000,11143,Islamabad,100
Honda,Pridor,2022,175000,11234,Khanewal,100
Honda,Pridor,2024,180000,12000,Karachi,100
Yamaha,Royale YB 100,2009,100000,12000,Gujranwala,100
Honda,Pridor,2022,190000,12000,Lahore,100
United,US 100,2024,105000,12000,Islamabad,100
Honda,Pridor,2019,130000,12000,Rawalpindi,100
Yamaha,Royale YB 100,2000,35000,12000,Chakwal,100
Honda,Pridor,2022,165000,12000,Chichawatni,100
Honda,Pridor,2023,175000,12000,Faisalabad,100
Honda,Pridor,2023,180000,12000,Bahawalpur,100
United,US 100,2024,110000,12000,Islamabad,100
Honda,Pridor,2014,80000,12010,Lahore,100
DYL,Junoon YD-100,2009,50000,12100,Bahawalpur,100
Honda,Pridor,2014,89000,12300,Dera Ghazi Khan,100
Kawasaki,GTO 100,1992,270000,12340,Islamabad,100
Honda,Pridor,2024,185000,12345,Jhang,100
Yamaha,4 YD 100,2008,48000,12345,Attock,100
Yamaha,4 YD 100,2010,45000,12345,Jhelum,100
Yamaha,YD-100 Junoon,2010,55000,12345,Lahore,100
Honda,Pridor,2021,146000,12345,Faisalabad,100
Honda,Pridor,2022,172000,12348,Rawalpindi,100
United,US 100,2023,90000,12350,Karachi,100
Honda,Pridor,2021,170000,12397,Sialkot,100
Honda,Pridor,2022,144000,12500,Multan,100
Honda,CD 100 Euro 2,2022,145000,12500,Multan,100
Honda,Pridor,2022,155000,12500,Multan,100
Honda,Pridor,2022,145000,13000,Gujranwala,100
Suzuki,100,2023,275000,13000,Faisalabad,100
Honda,Pridor,2022,175000,13000,Bahawalpur,100
Honda,Pridor,2023,170000,13100,Taxila,100
Yamaha,Royale YB 100,2005,110000,13456,Faisalabad,100
Honda,Pridor,2023,160000,13500,Bahawalpur,100
Honda,Pridor,2023,185000,13500,Wah cantt,100
Honda,Pridor,2024,195000,13700,Mian Wali,100
Honda,Pridor,2022,155000,14000,Faisalabad,100
Honda,Pridor,2022,150000,14000,Jhang,100
Honda,Pridor,2018,114000,14000,Bahawalpur,100
Hi,Speed Alpha SR 100,2019,135000,14000,Karachi,100
Honda,CD 100 Euro 2,2015,70000,14000,Kasur,100
Yamaha,Royale YB 100,2003,285000,14000,Mandi bahauddin,100
Honda,Pridor,2021,175000,14100,Lahore,100
Honda,Pridor,2021,185000,14100,Lahore,100
Honda,Pridor,2022,175000,14800,Sialkot,100
Yamaha,YD-100 Junoon,2012,35000,15000,Khanewal,100
Suzuki,TS 100,1996,35000,15000,Multan,100
Honda,Pridor,2021,140000,15000,Rawalpindi,100
Honda,Pridor,2021,135000,15000,Jhang,100
Honda,CD 100 Euro 2,2024,185000,15000,Sadiqabad,100
Honda,Pridor,2014,120000,15000,Abbottabad,100
Hi,Speed Alpha SR 100,2019,170000,15000,Kohat,100
Honda,Pridor,2007,45000,15000,Haripur,100
Honda,Pridor,2021,170000,15000,Rawalpindi,100
Honda,Pridor,2021,125000,15000,Lahore,100
DYL,YB 100,2006,155000,15000,Multan,100
Yamaha,4 YD 100,2011,115000,15000,Multan,100
Honda,Pridor,2023,175000,15000,Multan,100
United,US 100,2022,110000,15000,Islamabad,100
Honda,Pridor,2022,120000,15000,Karachi,100
Honda,Pridor,2018,99000,15000,Lahore,100
Honda,Pridor,2021,150000,15000,Sialkot,100
Honda,CD 100 Euro 2,2022,147000,15366,Multan,100
Honda,CD 100 Euro 2,2022,170000,15390,Sargodha,100
Honda,Pridor,2023,178000,15500,Lahore,100
Honda,CD-100,2023,155000,16000,Karachi,100
Honda,Pridor,2024,190000,16000,Bahawalnagar,100
Honda,Pridor,2024,194000,16000,Bahawalnagar,100
Honda,Pridor,2019,135000,16000,Kasur,100
Honda,Pridor,2023,178000,16000,Karachi,100
Honda,Pridor,2021,134000,16000,Burewala,100
Honda,Pridor,2024,185000,16000,Lahore,100
United,US 100,2023,85000,16000,Layyah,100
Honda,Pridor,2023,165000,16280,Lahore,100
Unique,UD 100,2014,149000,16358,Lahore,100
Honda,Pridor,2021,145000,16500,Nowshera,100
Honda,Pridor,2022,145000,16500,Lahore,100
Honda,Pridor,2013,80000,16700,Faisalabad,100
Honda,Pridor,2021,170000,17000,Mian Channu,100
Metro,MR 100 Self Start,2021,85000,17000,Lahore,100
Honda,Pridor,2021,127000,17000,Faisalabad,100
Honda,Pridor,2022,170000,17000,Islamabad,100
Honda,Pridor,2021,150000,17600,Bahawalpur,100
Honda,Pridor,2024,190000,17770,Pak pattan sharif,100
Honda,Pridor,2014,80000,17900,Rawalpindi,100
Honda,Pridor,2021,160000,17928,Jhang,100
Suzuki,100,2019,225000,18000,Lahore,100
Honda,Pridor,2023,190000,18000,Multan,100
Yamaha,Royale YB 100,2004,52000,18000,Gujranwala,100
Super,Star,2022,125000,18000,Karachi,100
Honda,Pridor,2022,155000,18000,Lahore,100
Yamaha,4 YD 100,2012,65000,18000,Swabi,100
Honda,Pridor,2022,150000,18000,Sialkot,100
Honda,CD 100 Euro 2,2013,85000,18065,Swatmingora,100
Honda,Pridor,2018,100000,18300,Lahore,100
Honda,Pridor,2019,155000,18500,Bhakkar,100
Honda,Pridor,2022,170000,18518,Rawalpindi,100
Honda,Pridor,2023,180000,19000,Sargodha,100
Honda,Pridor,2023,159000,19000,Lahore,100
Honda,Pridor,2022,183000,19000,Wah cantt,100
United,US 100,2022,96000,19000,Haripur,100
Honda,CD 100 Euro 2,2021,160000,19000,Lahore,100
Yamaha,YD-100 Junoon,2005,65000,19000,Toba Tek Singh,100
Honda,Pridor,2019,120000,19000,Lahore,100
Honda,Pridor,2022,165000,19500,Faisalabad,100
Honda,CD-100,2006,95000,19500,Karachi,100
Honda,Pridor,2021,175000,19753,Mian Wali,100
Hi,Speed Alpha SR 100,2018,200000,19767,Islamabad,100
Honda,Pridor,2016,78000,20000,Lahore,100
Honda,Pridor,2011,87900,20000,Peshawar,100
Yamaha,YD-100 Junoon,2011,62000,20000,Multan,100
Honda,CD-100,2013,60000,20000,Lahore,100
Honda,Pridor,2020,150000,20000,Islamabad,100
Honda,Pridor,2014,95000,20000,Islamabad,100
Yamaha,Royale YB 100,2002,100000,20000,Rawalpindi,100
Honda,Pridor,2022,145000,20000,Gujranwala,100
Unique,UD 100,2018,110000,20000,Swabi,100
Honda,Pridor,2015,95000,20000,Lahore,100
Honda,Pridor,2019,105000,20000,Pak pattan sharif,100
United,US 100,2015,45000,20000,Islamabad,100
Honda,CD 100 Euro 2,2006,65000,20000,Multan,100
Honda,Pridor,2014,80000,20000,Lahore,100
Yamaha,YD-100 Junoon,2012,30000,20000,Jhelum,100
Kawasaki,GTO 100,1986,65000,20000,Islamabad,100
Honda,Pridor,2023,180000,20000,Lahore,100
Honda,CD 100 Euro 2,2022,175000,20000,Lahore,100
Honda,Pridor,2021,125000,20000,Chichawatni,100
Honda,Pridor,2011,55000,20000,Okara,100
United,US 100,2017,65000,20000,Lahore,100
Honda,Pridor,2013,70000,20000,Sheikhupura,100
Hi,Speed Alpha SR 100,2023,150000,20000,Wah cantt,100
Yamaha,Royale YB 100,2004,35000,20000,Kasur,100
Honda,Pridor,2021,125000,20000,Kamalia,100
Honda,Pridor,2014,70000,20000,Faisalabad,100
Yamaha,4 YD 100,2010,45000,20000,Karachi,100
Honda,CD-100,2011,55000,20000,Okara,100
United,US 100,2024,120000,20000,Peshawar,100
United,US 100,2012,68000,20000,Islamabad,100
Crown,CR 100 Excellence,2022,90000,20000,Peshawar,100
Yamaha,YD-100 Junoon,2013,60000,20000,Multan,100
Honda,Pridor,2023,150000,20000,Kasur,100
Honda,Pridor,2013,100000,20000,Sadiqabad,100
Yamaha,4 YD 100,1991,35000,20000,Karachi,100
Yamaha,4 YD 100,1989,55000,20000,Lahore,100
Honda,CD 100 Euro 2,2021,135000,20000,Faisalabad,100
Hi,Speed Alpha SR 100,2019,145000,20000,Karachi,100
Yamaha,YD-100 Junoon,2009,65000,20000,Jhang,100
United,US 100,2024,102000,20000,Haripur,100
Yamaha,4 YD 100,2006,35000,20000,Charsadda,100
Honda,Pridor,2021,160000,20000,Lahore,100
Yamaha,Royale YB 100,1995,60000,20000,Jhelum,100
Honda,CD 100 Euro 2,2021,135000,20000,Swabi,100
Kawasaki,GTO 100,1990,45000,20000,Sahiwal,100
Yamaha,Royale YB 100,2009,57000,20000,Khanpur,100
Yamaha,Royale YB 100,2009,95000,20000,Karachi,100
Honda,Pridor,2021,160000,20000,Bahawalpur,100
Honda,Pridor,2018,130000,20000,Lahore,100
Honda,Pridor,2020,145000,20000,Layyah,100
Honda,Pridor,2023,183000,20000,Karachi,100
Honda,CD 100 Euro 2,2021,114000,20000,Lahore,100
Honda,Pridor,2018,85000,20000,Pir mahal,100
Yamaha,Royale YB 100,2009,50000,20000,Rawalpindi,100
Honda,Pridor,2023,165000,20000,Hafizabad,100
Honda,Pridor,2021,160000,20556,Lahore,100
Honda,Pridor,2019,120000,21000,Dera Ghazi Khan,100
Honda,Pridor,2021,140000,21000,Muzaffar Gargh,100
Honda,Pridor,2024,185000,21000,Lahore,100
Honda,Pridor,2022,160000,21000,Sargodha,100
Honda,Pridor,2022,190000,21000,Islamabad,100
Honda,Pridor,2022,165000,21079,Multan,100
Honda,Pridor,2022,190000,21350,Rawalpindi,100
Honda,Pridor,2023,185000,21500,Islamabad,100
Honda,Pridor,2022,155000,22000,Daska,100
United,US 100,2023,85000,22000,Islamabad,100
Honda,Pridor,2021,146000,22199,Islamabad,100
Honda,CD 100 Euro 2,2021,105000,22200,Sialkot,100
Yamaha,Royale YB 100,2012,85000,22500,Dera Ghazi Khan,100
United,US 100,2018,69500,23000,Wah cantt,100
Honda,Pridor,2023,175000,23000,Multan,100
Honda,Pridor,2022,168000,23000,Rawalpindi,100
United,US 100,2017,67000,23400,Lahore,100
Honda,Pridor,2018,120000,23500,Lahore,100
Honda,Pridor,2022,166000,24000,Bahawalpur,100
Honda,Pridor,2021,150000,24000,Chiniot,100
Yamaha,4 YD 100,2005,45000,24563,Kahuta,100
Yamaha,YD-100 Junoon,2005,80000,25000,Gujar Khan,100
Honda,Pridor,2022,160000,25000,Daska,100
Honda,Pridor,2021,160000,25000,Sialkot,100
Honda,Pridor,2023,180000,25000,Sahiwal,100
Honda,Pridor,2020,165000,25000,Lahore,100
Yamaha,4 YD 100,1997,75000,25000,Lahore,100
Honda,Pridor,2019,120000,25000,Lahore,100
Honda,Pridor,2022,160000,25000,Karachi,100
Honda,Pridor,2023,185000,25000,Islamabad,100
Honda,Pridor,2023,160000,25000,Sambrial,100
Honda,CD-100,2016,95000,25000,Lahore,100
Super,Star,2020,60000,25000,Islamabad,100
Honda,Pridor,2023,165000,25000,Jhang,100
United,US 100,2022,65000,25000,Lahore,100
Unique,UD 100,2019,85000,25000,Karachi,100
Unique,UD 100,2018,60000,25000,Islamabad,100
Honda,Pridor,2021,140000,25000,Pattoki,100
Yamaha,Royale YB 100,1989,135000,25000,Sargodha,100
Honda,Pridor,2021,155000,25800,Islamabad,100
Honda,Pridor,2019,145000,26000,Rawalpindi,100
Honda,CD 100 Euro 2,2023,175000,26000,Charsadda,100
Honda,Pridor,2023,170000,26705,Khanewal,100
Honda,Pridor,2021,170000,27000,Wah cantt,100
Honda,Pridor,2015,125000,27175,Lahore,100
DYL,Junoon YD-100,2012,65000,27625,Rawat,100
Yamaha,Royale YB 100,1995,40000,28000,Mian Wali,100
DYL,Junoon YD-100,2015,55000,28000,Kamoke,100
Honda,Pridor,2022,155000,28000,Faisalabad,100
Honda,Pridor,2021,135000,28000,Karachi,100
United,US 100,2018,80000,28500,Taxila,100
Honda,Pridor,2018,115000,28859,Karoor pacca,100
Honda,CD 100 Euro 2,2019,90000,29782,Rawalpindi,100
Honda,Pridor,2022,140000,29916,Lahore,100
Hi,Speed Alpha SR 100,2018,165000,30000,Faisalabad,100
Honda,Pridor,2017,95000,30000,Lahore,100
Honda,Pridor,2021,130000,30000,Jhang,100
Honda,Pridor,2019,92000,30000,Bahawalpur,100
Honda,Pridor,2018,110000,30000,Wah cantt,100
Honda,Pridor,2022,165000,30000,Jauharabad,100
Honda,CD-100,2021,180000,30000,Islamabad,100
Honda,Pridor,2021,180000,30000,Islamabad,100
Yamaha,YD-100 Junoon,2009,65000,30000,Gujranwala,100
Unique,UD 100,2016,110000,30000,Karachi,100
Honda,Pridor,2019,135000,30000,Hyderabad,100
Honda,Pridor,2017,99999,30000,Jhang,100
Honda,Pridor,2011,47000,30000,Islamabad,100
DYL,YB 100,1994,45000,30000,Islamabad,100
Yamaha,YD-100 Junoon,2008,80000,30000,Lahore,100
Honda,CD 100 Euro 2,2021,125000,30000,Faisalabad,100
Honda,Pridor,2021,155000,30000,Sialkot,100
Honda,Pridor,2020,125000,30000,Karachi,100
Road,Prince 100 Front Portion,2020,50000,30000,Islamabad,100
Honda,Pridor,2020,125000,30000,Lahore,100
Honda,Pridor,2019,115000,30000,Jhang,100
Honda,Pridor,2022,180000,30000,Burewala,100
United,US 100,2022,62000,30000,Sargodha,100
Honda,Pridor,2024,210000,30000,Islamabad,100
Yamaha,Royale YB 100,1989,50000,30000,Sargodha,100
Yamaha,Royale YB 100,2004,45000,30000,Chakwal,100
Honda,Pridor,2021,135000,30000,Jhang,100
Yamaha,Royale YB 100,2007,25000,30000,Rawalpindi,100
Honda,Pridor,2023,170000,30000,Lahore,100
Honda,Pridor,2022,160000,30000,Sargodha,100
Super,Star,2021,62000,30000,Karachi,100
Honda,Pridor,2016,85000,30000,Arifwala,100
Honda,Pridor,2021,150000,30600,Chakwal,100
Honda,CD-100,2022,165000,31000,Lahore,100
Honda,Pridor,2021,170000,31000,Jaranwala,100
Honda,Pridor,2020,118000,31594,Rajana,100
United,US 100,2019,75000,31627,Lahore,100
Yamaha,Royale YB 100,2010,45000,32000,Karachi,100
Honda,Pridor,2015,98000,32000,Rawalpindi,100
Honda,Pridor,2022,155000,32000,Multan,100
Honda,Pridor,2016,102000,32000,Mirpur A.K.,100
Honda,Pridor,2023,150000,32000,Multan,100
Honda,Pridor,2014,150000,32000,Islamabad,100
Honda,Pridor,2021,145000,32000,Multan,100
Honda,Pridor,2014,155000,32000,Islamabad,100
Honda,Pridor,2022,160000,32000,Multan,100
Honda,Pridor,2024,190000,32290,Faisalabad,100
Honda,Pridor,2024,190000,33000,Islamabad,100
Honda,Pridor,2022,168000,33000,Multan,100
Honda,CD 100 Euro 2,2015,67000,33000,Gujranwala,100
Honda,Pridor,2021,161000,33000,Islamabad,100
Honda,Pridor,2020,135000,34000,Multan,100
Honda,CD 100 Euro 2,2013,125000,34000,Islamabad,100
Honda,CD 100 Euro 2,2010,95000,34000,Peshawar,100
Honda,Pridor,2019,110000,35000,Kharian,100
Honda,Pridor,2018,79000,35000,Bahawalnagar,100
Honda,Pridor,2023,170000,35000,Multan,100
Honda,Pridor,2022,175000,35000,Islamabad,100
Honda,Pridor,2019,145000,35000,Chakwal,100
Honda,Pridor,2020,190000,35000,Faisalabad,100
Yamaha,4 YD 100,1993,85000,35000,Bahawalpur,100
United,US 100,2013,70000,35000,Lahore,100
Honda,Pridor,2022,175000,35000,Sahiwal,100
Honda,Pridor,2017,95000,35000,Shahdara,100
Yamaha,Royale YB 100,2003,65000,35000,Multan,100
Honda,Pridor,2018,120000,35000,Faisalabad,100
Yamaha,Royale YB 100,2011,185000,35000,Sargodha,100
Honda,Pridor,2018,137000,35271,Rawalpindi,100
Honda,Pridor,2017,130000,35500,Karachi,100
Yamaha,YD-100 Junoon,2011,73000,36000,Jhang,100
Yamaha,YD-100 Junoon,2011,55000,36000,Sahiwal,100
Honda,CD-100,2022,160000,36000,Dunia Pur,100
Honda,Pridor,2022,160000,36000,Dunia Pur,100
Honda,Pridor,2021,150000,36000,Islamabad,100
Honda,Pridor,2016,95000,36000,Shikar pur,100
Honda,Pridor,2020,150000,36000,Sargodha,100
Unique,UD 100,2018,85000,36301,Karachi,100
Honda,Pridor,2022,145000,36900,Daharki,100
Honda,CD-100,2022,150000,37000,Islamabad,100
Honda,Pridor,2021,155000,37000,Faisalabad,100
Honda,Pridor,2024,160000,37000,Bahawalnagar,100
Hi,Speed Alpha SR 100,2019,130000,37000,Faisalabad,100
Honda,Pridor,2023,165000,37300,Faisalabad,100
BML,BM 100,2021,170000,37367,Mandi bahauddin,100
Honda,Pridor,2021,170000,37367,Mandi bahauddin,100
Honda,Pridor,2022,145000,37800,Islamabad,100
Honda,Pridor,2020,170000,38000,Islamabad,100
Honda,CD-100,2021,149000,38500,Faisalabad,100
Honda,Pridor,2020,140000,38500,Islamabad,100
Honda,Pridor,2022,145000,39000,Sahiwal,100
Honda,Pridor,2022,140000,39000,Pindi Bhattian,100
Yamaha,Mini 100 Euro II,2003,95000,39200,Lahore,100
Honda,Pridor,2017,105000,39500,Chunian,100
Honda,Pridor,2015,117000,39500,Rawalpindi,100
Honda,Pridor,2011,85000,40000,Peshawar,100
Honda,Pridor,2019,135000,40000,Lahore,100
Honda,Pridor,2022,180000,40000,Wah cantt,100
Honda,Pridor,2018,145000,40000,Pind Dadan Khan,100
Yamaha,Royale YB 100,2011,70000,40000,Larkana,100
Pakzon,Electric PE-100L,2025,155000,40000,Gojra,0
United,US 100,2016,60000,40000,Islamabad,100
Honda,CD 100 Euro 2,2017,120000,40000,Karachi,100
Honda,Pridor,2017,120000,40000,Karachi,100
United,US 100,2018,60000,40000,Wah cantt,100
Honda,Pridor,2021,135000,40000,Faisalabad,100
Yamaha,Royale YB 100,2005,120000,40000,Karachi,100
Honda,Pridor,2020,137000,40000,Faisalabad,100
Honda,CD 100 Euro 2,2007,50000,40000,Lahore,100
Honda,Pridor,2017,125000,40000,Karachi,100
Unique,UD 100,2011,77000,40000,Karachi,100
Honda,Pridor,2020,165000,40000,Rawalpindi,100
Yamaha,Royale YB 100,2003,45000,40000,Faisalabad,100
Yamaha,Royale YB 100,1984,60000,40000,Faisalabad,100
Yamaha,YD-100 Junoon,2008,50000,40000,Lahore,100
Yamaha,4 YD 100,2008,55000,40000,Sahiwal,100
Yamaha,Royale YB 100,2011,100000,41000,Multan,100
Honda,Pridor,2023,155000,41000,Multan,100
Honda,Pridor,2019,114000,42000,Multan,100
Honda,Pridor,2022,160000,42000,Havali Lakhan,100
Honda,Pridor,2022,165000,42000,Bahawalpur,100
Honda,Pridor,2021,125000,43000,Khanewal,100
Honda,Pridor,2018,125000,43000,Sialkot,100
Honda,Pridor,2022,155000,43000,Shakargarh,100
DYL,YB 100,2008,95000,43330,Mirpur A.K.,100
Yamaha,4 YD 100,2008,95000,43330,Mirpur A.K.,100
Honda,Pridor,2019,160000,44000,Wah cantt,100
Honda,Pridor,2014,115000,44957,Wah cantt,100
Honda,Pridor,2019,155000,45000,Attock,100
Honda,Pridor,2015,94000,45000,Faisalabad,100
Yamaha,YD-100 Junoon,2009,60000,45000,Lahore,100
Honda,Pridor,2022,170000,45000,Islamabad,100
Honda,Pridor,2018,91000,45000,Faisalabad,100
Yamaha,4 YD 100,2005,45000,45267,Rawalpindi,100
Honda,Pridor,2015,100000,45660,Multan,100
Honda,Pridor,2014,100000,46276,Islamabad,100
Unique,UD 100,2018,70000,47000,Karachi,100
Honda,Pridor,2018,125000,47000,Rawalpindi,100
Honda,Pridor,2017,80000,47481,Faisalabad,100
Honda,Pridor,2014,145000,47580,Abbottabad,100
Honda,Pridor,2019,135000,47805,Lahore,100
Honda,Pridor,2022,180000,48000,Chowk azam,100
Hi,Speed Alpha SR 100,2018,145000,48000,Lahore,100
BML,BM 100,2018,145000,48000,Lahore,100
Honda,Pridor,2017,125000,49000,Karachi,100
Honda,Pridor,2018,125000,49159,Okara,100
Honda,Pridor,2017,105000,49600,Multan,100
Unique,UD 100,2019,85000,50000,Karachi,100
United,US 100,2018,160000,50000,Kharian,100
Honda,Pridor,2022,130000,50000,Bahawalpur,100
DYL,Junoon YD-100,2008,57000,50000,Lahore,100
United,US 100,2018,30000,50000,Sheikhupura,100
Yamaha,4 YD 100,2005,58500,50000,Kamalia,100
Yamaha,Royale YB 100,1988,60000,50000,Sargodha,100
United,US 100,2016,35000,50000,Karachi,100
Yamaha,4 YD 100,2005,72000,50000,Okara,100
Yamaha,Royale YB 100,2012,40000,50000,Lahore,100
Yamaha,4 YD 100,2001,50000,50000,Swabi,100
Yamaha,Royale YB 100,2010,48000,50000,Lahore,100
Honda,Pridor,2013,170000,50000,Mansehra,100
Honda,CD 100 Euro 2,2003,36000,50000,Abbottabad,100
Unique,UD 100,2011,55000,50000,Peshawar,100
Yamaha,4 YD 100,2000,55000,50000,Mirpur khas,100
Yamaha,YD-100 Junoon,2006,45000,50000,Faisalabad,100
Honda,Pridor,2013,75000,50000,Multan,100
Unique,UD 100,2019,55000,50000,Karachi,100
Honda,CD 100 Euro 2,2018,115000,50000,Faisalabad,100
Honda,Pridor,2020,135000,50000,Lahore,100
Super,Star,2018,35000,50000,Rawalpindi,100
Yamaha,Royale YB 100,2010,52000,50000,Lahore,100
Yamaha,Royale YB 100,2010,55000,50000,Lahore,100
Honda,Pridor,2023,175000,50000,Lahore,100
Honda,Pridor,2016,85000,50000,Abdul Hakeem,100
Yamaha,Royale YB 100,1982,60000,50000,Talagang,100
Honda,Pridor,2021,165000,50000,Wah cantt,100
Yamaha,Royale YB 100,2005,40000,50000,Faisalabad,100
Honda,CD 100 Euro 2,2009,49000,50000,Hyderabad,100
Honda,CD-100,2008,70000,50000,Islamabad,100
Yamaha,YD-100 Junoon,2008,80000,50000,Lahore,100
United,US 100,2018,23000,50000,Lahore,100
Honda,Pridor,2020,130000,50000,Lahore,100
Yamaha,YD-100 Junoon,2008,45000,50000,Lahore,100
Honda,Pridor,2019,130000,50000,Sargodha,100
Yamaha,4 YD 100,1980,50000,50000,Multan,100
DYL,YB 100,2011,120000,50000,Multan,100
Honda,Pridor,2015,95000,50000,Islamabad,100
Honda,Pridor,2016,85000,50000,Sadiqabad,100
DYL,Junoon YD-100,2013,65000,50000,Shah kot,100
Yamaha,Royale YB 100,2006,150000,50000,Multan,100
Honda,CD 100 Euro 2,2004,45000,50000,Lahore,100
Yamaha,Royale YB 100,2008,52000,50000,Quetta,100
Honda,Pridor,2016,133000,50000,Taxila,100
DYL,Junoon YD-100,2008,85000,50000,Sheikhupura,100
United,US 100,2020,60000,50000,Kallar Saddiyian,100
Honda,CD 100 Euro 2,2006,65000,50000,Jhelum,100
Yamaha,YD-100 Junoon,2006,62000,50000,Vehari,100
Honda,Pridor,2021,150000,50000,Attock,100
Yamaha,YD-100 Junoon,2007,110000,50000,Multan,100
Honda,Pridor,2018,95000,50000,Karachi,100
Honda,Pridor,2013,105000,50000,Talagang,100
Yamaha,YD-100 Junoon,2008,57500,50000,Lahore,100
Honda,Pridor,2015,100000,50000,Attock,100
United,US 100,2016,114000,50000,Rawalpindi,100
Yamaha,Royale YB 100,2006,27500,50000,Lahore,100
Honda,Pridor,2015,120000,50000,Attock,100
Honda,Pridor,2018,75000,50000,Multan,100
Yamaha,YD-100 Junoon,2007,32000,50000,Kasur,100
Honda,CD-100,2018,100000,50666,Shah kot,100
Yamaha,Royale YB 100,1998,110000,52000,Multan,100
Honda,Pridor,2015,105000,52000,Gujar Khan,100
Yamaha,Royale YB 100,2003,150000,52370,Khushab,100
Honda,CD 100 Euro 2,2022,142000,53000,Karachi,100
Yamaha,Royale YB 100,2010,105000,54000,Rawalpindi,100
Yamaha,Royale YB 100,2010,105000,54000,Kahuta,100
Yamaha,YD-100 Junoon,2012,65000,54780,Rawalpindi,100
Honda,Pridor,2020,120000,55000,Lahore,100
Honda,Pridor,2021,138000,55000,Tandiliyawala,100
Honda,CD-100,2007,65000,55000,Faisalabad,100
United,US 100,2017,68000,55000,Wah cantt,100
Honda,Pridor,2014,100000,55000,Islamabad,100
Honda,Pridor,2022,145000,55000,Multan,100
DYL,YB 100,2006,70000,55038,Gujrat,100
Yamaha,Royale YB 100,2000,98000,55235,Islamabad,100
Yamaha,Royale YB 100,2000,99000,55423,Islamabad,100
United,US 100,2012,50000,55580,Multan,100
Honda,Pridor,2020,160000,56000,Multan,100
Honda,Pridor,2016,80000,56000,Multan,100
Honda,Pridor,2022,170000,56000,Lahore,100
Honda,Pridor,2021,140000,56000,Faisalabad,100
Kawasaki,GTO 100,1990,250000,57000,Multan,100
Honda,Pridor,2014,90786,57786,Kabirwala,100
Honda,Pridor,2018,124000,58500,Lahore,100
Honda,Pridor,2020,135000,58800,Karachi,100
Honda,Pridor,2017,140000,59000,Wah cantt,100
Honda,Pridor,2021,165000,59000,Islamabad,100
Honda,Pridor,2021,130000,59520,Multan,100
Yamaha,YD-100 Junoon,2011,70000,59979,Swabi,100
Honda,CD 100 Euro 2,2018,115000,60000,Sahiwal,100
Honda,Pridor,2018,60000,60000,Karachi,100
Yamaha,Royale YB 100,2009,45000,60000,Jhelum,100
Honda,Pridor,2019,135000,60000,Attock,100
Yamaha,Royale YB 100,2007,60000,60000,Karachi,100
Honda,Pridor,2016,75000,60000,Multan,100
DYL,YB 100,1984,95000,60000,Karachi,100
Honda,Pridor,2022,160000,60000,Lahore,100
Honda,Pridor,2020,150000,60000,Rawalpindi,100
Kawasaki,GTO 100,1991,110000,60000,Karachi,100
Honda,CD 100 Euro 2,2006,50000,60000,Islamabad,100
Honda,Pridor,2014,82000,60000,Faisalabad,100
Honda,Pridor,2016,75000,60000,Faisalabad,100
Honda,Pridor,2024,210000,60000,Peshawar,100
Honda,Pridor,2020,130000,61000,Faisalabad,100
Honda,CD-100,2022,150000,62000,Melsi,100
Honda,Pridor,2023,180000,62000,Talagang,100
Honda,CD-100,2016,135000,63000,Islamabad,100
Honda,Pridor,2017,125000,63000,Burewala,100
Honda,Pridor,2015,118000,64826,Rawalpindi,100
Honda,Pridor,2016,114000,65000,Taxila,100
Honda,Pridor,2018,93500,65000,Dijkot,100
Honda,Pridor,2014,65000,65000,Gujranwala,100
Honda,CD-100,2016,115000,66000,Islamabad,100
Honda,Pridor,2016,115000,66000,Islamabad,100
Unique,UD 100,2015,120000,66000,Karachi,100
United,US 100,2015,55000,68000,Lahore,100
Honda,Pridor,2021,152000,68000,Layyah,100
Honda,Pridor,2019,160000,68000,Islamabad,100
Honda,Pridor,2021,132000,68000,Karachi,100
Honda,Pridor,2017,135000,70000,Multan,100
Yamaha,Royale YB 100,2006,35000,70000,Islamabad,100
Yamaha,Royale YB 100,1981,75000,70000,Lahore,100
Yamaha,Royale YB 100,1992,65000,70000,Karachi,100
Honda,Pridor,2021,145000,70000,Pak pattan sharif,100
Honda,Pridor,2018,118000,70000,Karachi,100
Honda,Pridor,2016,85000,71000,Lahore,100
Honda,Pridor,2021,170000,71000,Rawalpindi,100
Honda,Pridor,2019,75000,72000,Hyderabad,100
Honda,Pridor,2017,160000,72136,Taxila,100
Honda,Pridor,2014,75000,72297,Lahore,100
Honda,Pridor,2019,115000,73008,Jhang,100
Honda,Pridor,2018,135000,75000,Wah cantt,100
Honda,Pridor,2017,82500,75546,Jhang,100
BML,BM 100,2012,55000,76000,Faisalabad,100
Yamaha,Royale YB 100,2012,62000,76000,Faisalabad,100
DYL,Junoon YD-100,2010,85000,76810,Rahim Yar Khan,100
Honda,CD 100 Euro 2,2012,69500,78000,Sialkot,100
Honda,Pridor,2018,135000,78000,Okara,100
Yamaha,Royale YB 100,2006,42000,78451,Jhelum,100
Honda,Pridor,2015,100000,78500,Lahore,100
Kawasaki,GTO 100,1990,110000,78899,Faisalabad,100
Suzuki,GP 100,1982,120000,80000,Rawalpindi,100
Honda,CD-100,2014,95000,80000,Lahore,100
Honda,Pridor,2014,95000,80000,Lahore,100
Honda,CD 100 Euro 2,2009,125000,80000,Karachi,100
Honda,Pridor,2017,140000,80000,Wah cantt,100
Honda,Pridor,2018,95000,80000,Layyah,100
Yamaha,YD-100 Junoon,2012,30000,80000,Bahawalnagar,100
Honda,Pridor,2013,85000,80000,Faisalabad,100
Unique,UD 100,2025,83000,83000,Nowshera cantt,100
Honda,Pridor,2020,154000,83000,Islamabad,100
Honda,CD-100,2018,95000,83000,Lahore,100
Yamaha,Royale YB 100,2006,100000,84000,Lahore,100
Honda,Pridor,2014,110000,85000,Multan,100
DYL,Junoon YD-100,2012,35000,86573,Karachi,100
Honda,Pridor,2014,85000,87000,Abbottabad,100
Yamaha,Royale YB 100,2005,99000,88000,Talagang,100
United,US 100,2018,95000,88666,Lahore,100
Honda,Pridor,2015,100000,89000,Rahim Yar Khan,100
Honda,Pridor,2015,95000,89284,Multan,100
Honda,Pridor,2014,75000,90000,Sargodha,100
Honda,Pridor,2013,80000,90000,Kharian,100
United,US 100,2016,50000,90000,Lahore,100
Honda,Pridor,2019,110000,90000,Gojra,100
Yamaha,Royale YB 100,1992,70000,90000,Mansehra,100
Honda,Pridor,2018,120000,90000,Multan,100
Honda,CD-100,2009,60000,91000,Rawalpindi,100
Honda,Pridor,2015,96000,91000,Rawalpindi,100
DYL,YB 100,1982,73000,91500,Gujranwala,100
Honda,CD-100,2005,85000,92000,Islamabad,100
Honda,Pridor,2014,95000,93000,Rawalpindi,100
Honda,Pridor,2013,110000,97000,Islamabad,100
Honda,Pridor,2019,130000,97280,Multan,100
Honda,CD-100,2010,50000,97431,Lahore,100
Honda,CD 100 Euro 2,2010,50000,97443,Lahore,100
Yamaha,YD-100 Junoon,2012,30000,99999,Bahawalpur,100
Unique,UD 100,2018,95000,100000,Swabi,100
Road,Prince 100 Front Portion,2017,35000,100000,Lahore,100
Honda,CD 100 Euro 2,2005,62500,100000,Multan,100
Yamaha,Royale YB 100,2008,50000,100000,Kabirwala,100
Honda,Pridor,2021,135000,100000,Rawalpindi,100
Honda,CD 100 Euro 2,2005,62000,100000,Jhang,100
Yamaha,Royale YB 100,2007,75000,100000,Faisalabad,100
Honda,Pridor,2014,65000,100000,Karachi,100
United,US 100,2019,75000,100000,Gujar Khan,100
Unique,UD 100,2014,88000,100000,Karachi,100
Yamaha,4 YD 100,2003,85000,100000,Dera Ghazi Khan,100
Yamaha,Royale YB 100,1994,35000,100000,Wah cantt,100
Honda,CD-100,2005,75000,100000,Lahore,100
United,US 100,2014,43000,100000,Sargodha,100
Honda,CD-100,2008,65000,100000,Lahore,100
Yamaha,YD-100 Junoon,2004,37000,100000,Multan,100
Yamaha,Royale YB 100,2004,37000,100000,Multan,100
Kawasaki,GTO 100,1989,65000,100000,Lahore,100
Yamaha,Royale YB 100,2007,35000,100000,Lahore,100
Honda,Pridor,2015,130000,100000,Kahuta,100
Honda,Pridor,2013,91500,100000,Lahore,100
Yamaha,4 YD 100,2012,60000,100000,Lahore,100
Honda,CD 100 Euro 2,2005,35000,100000,Sialkot,100
Honda,Pridor,2013,80000,105678,Faisalabad,100
Yamaha,YD-100 Junoon,2012,46000,123456,Sahiwal,100
Yamaha,Royale YB 100,2004,48000,123456,Jhelum,100
Honda,CD 100 Euro 2,2008,75000,123456,Sargodha,100
Yamaha,Royale YB 100,2002,35000,123456,Lahore,100
United,US 100,2019,59000,123456,Attock,100
Honda,CD 100 Euro 2,2011,67000,123456,Lahore,100
Kawasaki,GTO 100,1986,120000,123456,Rawalpindi,100
Honda,Pridor,2021,140000,123456,Sargodha,100
Unique,UD 100,2019,110000,123456,Karachi,100
Honda,Pridor,2017,120000,129000,Mian Channu,100
Honda,Pridor,2023,170000,130000,Lahore,100
Honda,Pridor,2021,140000,142760,Bahawalpur,100
Yamaha,YD-100 Junoon,2015,55000,175106,Kamoke,100
Honda,Pridor,2020,125000,199999,Karachi,100
Yamaha,4 YD 100,1989,60000,222288,Multan,100
Unique,UD 100,2014,90000,230000,Mardan,100
Yamaha,YD-100 Junoon,2008,33000,252525,Lahore,100
Honda,Pridor,2023,125000,283000,Kamoke,100
Honda,Pridor,2021,140000,285000,Lahore,100
Yamaha,Royale YB 100,2007,50000,388567,Rawalpindi,100
Honda,Pridor,2017,110000,494260,Sargodha,100
Yamaha,YD-100 Junoon,2008,32000,500000,Taxila,100
Yamaha,YD-100 Junoon,2009,85000,500000,Karachi,100
Honda,CD-100,2007,85000,500000,Wah cantt,100
Leader,Amazing,2012,78500,550000,Rawalpindi,100
Yamaha,4 YD 100,2008,40000,787878,Bahawalpur,100
Yamaha,YD-100 Junoon,2011,50000,856324,Swabi,100
BML,BM 100,2010,35000,1000000,Lala musa,100
Suzuki,Boulevard M109R,2016,5100000,10000,Islamabad,0
Suzuki,Boulevard M109R,2014,4300000,11000,Lahore,0
Suzuki,Boulevard M109R,2013,3250000,22000,Faisalabad,0
Suzuki,Boulevard M109R Limited Edition,2014,3875000,22000,Islamabad,0
Suzuki,GD 110S,2025,363000,1,Rawalpindi,110
Suzuki,Sprinter ECO,2012,35000,1,Karachi,110
Suzuki,GD 110,2022,265000,1,Lahore,110
Suzuki,GD 110,2025,365000,1,Sialkot,110
Suzuki,GD 110,2025,390000,1,Karachi,110
Suzuki,GD 110,2021,265000,1,Faisalabad,110
Suzuki,GD 110S,2021,260000,4,Karachi,110
Super,Power SP 110 Cheetah,2017,88000,10,Karachi,110
Suzuki,GD 110S,2025,365000,12,Sialkot,110
Super,Power SP 110 Cheetah,2018,165000,33,Tarbela,110
Suzuki,GD 110S,2025,365000,50,Karachi,110
Suzuki,GD 110S,2018,170000,50,Faisalabad,110
Suzuki,GD 110S,2021,265000,58,Faisalabad,110
Suzuki,GD 110S,2019,170000,123,Gujranwala,110
Suzuki,GD 110,2019,145000,123,Rawalpindi,110
Suzuki,GD 110S,2025,360000,123,Okara,110
Suzuki,GD 110S,2025,360000,123,Pattoki,110
Suzuki,GD 110,2018,160000,140,Lahore,110
Kawasaki,GTO 110,1985,65000,200,Lahore,110
Suzuki,GD 110S,2025,350000,650,Sialkot,110
Suzuki,GD 110S,2024,335000,700,Karachi,110
Suzuki,GD 110S,2023,340000,719,Faisalabad,110
Road,Prince 110 Jack Pot,2024,68000,1000,Rawalpindi,110
Suzuki,GD 110S,2023,325000,1320,Sargodha,110
Suzuki,GD 110S,2024,350000,1472,Karachi,110
Suzuki,GD 110,2025,375000,1680,Faisalabad,110
Suzuki,GD 110S,2018,185000,1800,Mian Wali,110
Suzuki,GD 110S,2023,370000,2000,Islamabad,110
Suzuki,Sprinter,2008,30000,2000,Karachi,110
Suzuki,GD 110S,2024,350000,2000,Lahore,110
Suzuki,GD 110,2011,85000,2000,Lahore,110
Suzuki,GD 110S,2023,320000,2000,Karachi,110
Honda,CD 110,1970,115000,2000,Karachi,110
Suzuki,GD 110,2025,350000,2000,Rawalpindi,110
Suzuki,GD 110S,2023,300000,2000,Multan,110
Suzuki,GD 110S,2022,300000,2000,Faisalabad,110
Suzuki,GD 110S,2022,320000,2086,Faisalabad,110
Suzuki,GD 110S,2024,350000,2100,Lahore,110
Yamaha,TT-R110E,1989,550000,2200,Karachi,110
Kawasaki,GTO 110,1992,85000,2250,Lahore,110
Suzuki,GD 110S,2025,360000,2400,Faisalabad,110
Suzuki,GD 110S,2024,360000,2500,Karachi,110
Honda,CD 110,1992,95000,2580,Lahore,110
Suzuki,GD 110S,2024,343000,2600,Faisalabad,110
Suzuki,GD 110S,2025,348000,2700,Gojra,110
Suzuki,GD 110S,2025,325000,2865,Faisalabad,110
Suzuki,GD 110S,2025,350000,3000,Lahore,110
Suzuki,GD 110S,2024,340000,3350,Okara,110
Suzuki,GD 110S,2023,350000,4000,Karachi,110
Suzuki,GD 110S,2023,305000,4000,Karachi,110
Suzuki,GD 110S,2024,340000,4000,Sadiqabad,110
Suzuki,GD 110S,2023,315000,4038,Lahore,110
Suzuki,GD 110S,2021,285000,4100,Lahore,110
Suzuki,GD 110S,2024,330000,4200,Rahim Yar Khan,110
Suzuki,GD 110S,2025,350000,4700,Gujranwala,110
Suzuki,GD 110S,2022,260000,4700,Lahore,110
Suzuki,GD 110S,2024,335000,4800,Peshawar,110
Suzuki,GD 110S,2022,320000,4993,Karachi,110
Suzuki,GD 110S,2021,185000,5000,Attock,110
Suzuki,GD 110S,2017,220000,5000,Karachi,110
Suzuki,GD 110S,2014,145000,5000,Abbottabad,110
Suzuki,GD 110,2022,280000,5000,Okara,110
Suzuki,GD 110,2021,275000,5000,Okara,110
Suzuki,GD 110S,2018,190000,5000,Karachi,110
Suzuki,GD 110S,2020,250000,5000,Karachi,110
Suzuki,GD 110S,2018,229000,5000,Karachi,110
Suzuki,GD 110S,2022,295000,5400,Okara,110
Suzuki,GD 110S,2024,340000,5500,Karachi,110
Suzuki,GD 110S,2021,260000,5600,Lahore,110
Suzuki,GD 110S,2021,255000,5691,Lahore,110
Suzuki,GD 110,2025,350000,6000,Lahore,110
Suzuki,GD 110,2022,265000,6000,Faisalabad,110
Suzuki,GD 110S,2024,335000,6000,Rahim Yar Khan,110
Suzuki,GD 110S,2024,345000,6200,Karachi,110
Suzuki,GD 110S,2024,325000,6400,Jhang,110
Suzuki,GD 110,2023,335000,6700,Karachi,110
Suzuki,GD 110S,2022,300000,6749,Hafizabad,110
Suzuki,Sprinter ECO,2020,150000,7000,Quetta,110
Suzuki,GD 110S,2024,354000,7000,Sargodha,110
Suzuki,GD 110S,2024,315000,7000,Mandi bahauddin,110
Suzuki,GD 110S,2024,365000,7000,Karachi,110
Suzuki,GD 110S,2021,270000,7000,Karachi,110
Suzuki,GD 110S,2022,300000,7661,Taxila,110
Suzuki,GD 110S,2024,335000,7800,Wazirabad,110
Suzuki,Sprinter,2012,220000,7800,Faisalabad,110
Suzuki,GD 110S,2022,320000,8000,Karachi,110
Suzuki,GD 110S,2020,249000,8000,Lahore,110
Suzuki,GD 110,2024,340000,8000,Karachi,110
Yamaha,TT-R110E,1980,170000,8000,Karachi,110
Suzuki,GD 110S,2022,225000,8050,Gujranwala,110
Suzuki,GD 110S,2022,290000,8099,Sahiwal,110
Suzuki,GD 110S,2022,290000,8100,Sahiwal,110
Suzuki,GD 110S,2024,320000,8500,Lahore,110
Suzuki,GD 110S,2023,292000,9000,Multan,110
Suzuki,GD 110S,2019,210000,9000,Karachi,110
Suzuki,GD 110,2022,290000,9000,Sargodha,110
Suzuki,GD 110S,2023,340000,9200,Rawalpindi,110
Kawasaki,GTO 110,1989,175000,10000,Burewala,110
Suzuki,GD 110S,2022,265000,10000,Karachi,110
Suzuki,GD 110S,2022,268000,10000,Karachi,110
Road,Prince 110 Jack Pot,2022,65000,10000,Karachi,110
Suzuki,GD 110S,2024,350000,10000,Karachi,110
Suzuki,Sprinter,2014,140000,10000,Kasur,110
Suzuki,GD 110S,2024,360000,10000,Karachi,110
Suzuki,GD 110S,2021,270000,10000,Lahore,110
Suzuki,GD 110S,2023,285000,10000,Gujranwala,110
Suzuki,GD 110,2019,196000,10000,Hyderabad,110
Road,Prince 110 Front Portion Special,2017,48000,10000,Karachi,110
Suzuki,GD 110S,2022,280000,10000,Faisalabad,110
Suzuki,GD 110S,2019,190000,10000,Jahaniya,110
Suzuki,Sprinter,1979,65000,10000,Karachi,110
Suzuki,GD 110S,2023,300000,10000,Faisalabad,110
Suzuki,GD 110S,2019,215000,10000,Karachi,110
Suzuki,GD 110S,2017,185000,10000,Lahore,110
Suzuki,GD 110S,2022,290000,10000,Karachi,110
Suzuki,GD 110S,2013,85000,10000,Peshawar,110
Suzuki,GD 110S,2018,210000,10000,Karachi,110
Super,Power SP 110 Cheetah,2016,100000,10000,Karachi,110
Suzuki,GD 110S,2017,200000,10000,Karachi,110
Road,Prince 110 Power Plus,2023,55000,10000,Karachi,110
Suzuki,GD 110S,2021,270000,10000,Faisalabad,110
Suzuki,GD 110S,2025,350000,10000,Mansehra,110
Suzuki,GD 110S,2015,165000,10000,Peshawar,110
Suzuki,GD 110S,2014,120000,10000,Faisalabad,110
Suzuki,GD 110S,2022,290000,10000,Lahore,110
Suzuki,GD 110S,2023,280000,10000,D.G.Khan,110
Suzuki,GD 110S,2024,340000,10009,Karachi,110
Suzuki,GD 110S,2022,285000,10240,Multan,110
Suzuki,GD 110S,2023,320000,10332,Rawalpindi,110
Suzuki,GD 110S,2023,325000,10500,Karachi,110
Suzuki,GD 110S,2022,300000,10500,Multan,110
Suzuki,GD 110,2022,310000,10500,Multan,110
Suzuki,GD 110S,2022,270000,10700,Gujranwala,110
Suzuki,GD 110S,2023,325000,10900,Karachi,110
Suzuki,GD 110,2022,280000,11000,Gujranwala,110
Suzuki,GD 110S,2023,310000,11000,Multan,110
Suzuki,GD 110S,2022,235000,11000,Lahore,110
Suzuki,GD 110S,2023,300000,11000,Faisalabad,110
Suzuki,GD 110S,2023,295000,11000,Lahore,110
Suzuki,GD 110S,2022,300000,11000,Karachi,110
Suzuki,GD 110S,2023,300000,11000,Gujranwala,110
Suzuki,GD 110,2022,290000,11000,Karachi,110
Suzuki,GD 110S,2024,345000,11000,Islamabad,110
Suzuki,GD 110S,2017,145000,11111,Abbottabad,110
Suzuki,GD 110S,2022,302000,11693,Karachi,110
Suzuki,GD 110S,2022,310000,11694,Karachi,110
Suzuki,GD 110S,2024,345000,12000,Chiniot,110
Suzuki,GD 110S,2023,260000,12000,Lahore,110
Suzuki,GD 110S,2020,105000,12000,Islamabad,110
Suzuki,GD 110S,2023,315000,12000,Lahore,110
Suzuki,GD 110,2023,295000,12000,Multan,110
Suzuki,GD 110S,2023,295000,12000,Multan,110
Suzuki,GD 110S,2020,105000,12000,Lahore,110
Suzuki,GD 110S,2013,65000,12000,Karachi,110
Suzuki,Raider 110,2013,75000,12000,Lahore,110
Kawasaki,GTO 110,1983,190000,12228,Islamabad,110
Kawasaki,GTO 110,1982,125000,12345,Lahore,110
Suzuki,GD 110,2014,70000,12345,Abbottabad,110
Suzuki,GD 110,2015,77000,12480,Rawalpindi,110
Suzuki,GD 110S,2022,265000,12500,Gujrat,110
Suzuki,GD 110S,2023,299000,12625,Lahore,110
Suzuki,GD 110S,2021,300000,13000,Lahore,110
Suzuki,GD 110S,2024,330000,13000,Karachi,110
Suzuki,GD 110S,2024,310000,13000,Faisalabad,110
Road,Prince 110 Jack Pot,2021,79000,13339,Islamabad,110
Suzuki,GD 110,2023,295000,13400,Sialkot,110
Suzuki,GD 110S,2023,290000,13500,Qila Deedar Singh,110
Suzuki,GD 110S,2023,315000,13500,Lahore,110
Suzuki,GD 110S,2022,270000,13700,Multan,110
Suzuki,GD 110S,2023,300000,13700,Lahore,110
Suzuki,GD 110S,2023,280000,14000,D.G.Khan,110
Suzuki,GD 110S,2023,295000,14000,Sialkot,110
Suzuki,GD 110S,2023,310000,14000,Karachi,110
Suzuki,GD 110,2021,284000,14000,Rawalpindi,110
Suzuki,GD 110S,2023,299000,14000,Faisalabad,110
Suzuki,GD 110S,2022,290000,14000,Karachi,110
Suzuki,GD 110S,2023,300000,14000,Faisalabad,110
Suzuki,GD 110S,2023,295000,14300,Faisalabad,110
Suzuki,GD 110S,2022,250000,14500,Lahore,110
Suzuki,GD 110S,2022,278000,14500,Karachi,110
Suzuki,GD 110S,2022,272000,14800,Raiwind,110
Suzuki,GD 110S,2020,245000,14850,Kharian,110
Suzuki,GD 110S,2022,285000,15000,Karachi,110
Suzuki,GD 110S,2024,330000,15000,Karachi,110
Suzuki,GD 110S,2021,230000,15000,Lahore,110
Suzuki,GD 110S,2017,130000,15000,Lahore,110
Suzuki,GD 110,2023,300000,16000,Islamabad,110
Suzuki,GD 110S,2021,290000,16000,Rawalpindi,110
Suzuki,GD 110,2020,240000,16000,Multan,110
Suzuki,GD 110S,2023,350000,16000,Islamabad,110
Suzuki,GD 110S,2023,300000,16000,Faisalabad,110
Suzuki,GD 110S,2021,265000,16550,Faisalabad,110
Suzuki,GD 110S,2022,285000,16666,Hafizabad,110
Suzuki,GD 110S,2022,254000,17000,Lahore,110
Suzuki,GD 110S,2023,3150000,17000,Sadiqabad,110
Suzuki,GD 110S,2022,325000,17000,Islamabad,110
Suzuki,GD 110S,2023,300000,17000,Lahore,110
Suzuki,GD 110,2022,258000,17000,Lahore,110
Suzuki,GD 110S,2023,310000,17040,Lahore,110
Suzuki,GD 110S,2023,290000,17500,Faisalabad,110
Suzuki,GD 110S,2024,310000,17600,Multan,110
Suzuki,GD 110S,2023,295000,17600,Gujranwala,110
Suzuki,GD 110S,2022,290000,17800,Lahore,110
Suzuki,GD 110S,2022,245000,18000,Multan,110
Suzuki,GD 110S,2022,268000,18000,Multan,110
Suzuki,GD 110S,2022,295000,18500,Shorkot Cantt,110
Suzuki,GD 110S,2022,270000,19000,Lahore,110
Suzuki,GD 110S,2022,268000,19000,Lahore,110
Suzuki,GD 110,2020,250000,19000,Bahawalnagar,110
Suzuki,GD 110S,2020,250000,19000,Bahawalnagar,110
Suzuki,GD 110S,2024,335000,19000,Sukkur,110
Suzuki,GD 110,2024,335000,19000,Sukkur,110
Suzuki,GD 110S,2022,290000,19500,Lahore,110
Suzuki,GD 110S,2022,305000,19962,Islamabad,110
Suzuki,GD 110S,2024,325000,20000,Lahore,110
Suzuki,GD 110S,2022,310000,20000,Multan,110
Suzuki,GD 110S,2021,285000,20000,Peshawar,110
Suzuki,GD 110S,2022,265000,20000,Okara,110
Suzuki,GD 110S,2015,130000,20000,Gujranwala,110
Suzuki,GD 110S,2022,270000,20000,Faisalabad,110
Suzuki,GD 110S,2019,200000,20000,Gujranwala,110
Suzuki,Sprinter ECO,2011,70000,20000,Hassan abdal,110
Suzuki,GD 110S,2024,330000,20000,Lahore,110
Suzuki,GD 110S,2017,185000,20000,Faisalabad,110
Suzuki,GD 110S,2020,235000,20000,Rawalpindi,110
Suzuki,GD 110,2021,265000,20000,Sargodha,110
Suzuki,GD 110S,2009,60000,20000,Faisalabad,110
Suzuki,GD 110,2017,185000,20000,Lahore,110
Road,Prince 110 Jack Pot,2023,80000,20000,Islamabad,110
Suzuki,GD 110S,2017,180000,20000,Rawalpindi,110
Suzuki,GD 110S,2021,265000,20000,Karachi,110
Suzuki,GD 110S,2022,260000,20000,Rawalpindi,110
Suzuki,GD 110,2021,260000,20000,Lahore,110
Suzuki,GD 110S,2021,260000,20000,Lahore,110
Suzuki,GD 110S,2022,250000,20864,Sargodha,110
Suzuki,GD 110S,2021,270000,21000,Karachi,110
Suzuki,GD 110,2023,300000,21000,Gujranwala,110
Suzuki,GD 110S,2019,210000,21000,Rahim Yar Khan,110
Suzuki,GD 110S,2022,280000,21000,Faisalabad,110
Suzuki,GD 110S,2018,195000,21347,Lahore,110
Suzuki,GD 110S,2023,295000,21500,Hyderabad,110
Suzuki,GD 110S,2022,280000,21700,Faisalabad,110
Suzuki,GD 110S,2023,290000,21840,Jhang,110
Suzuki,GD 110,2020,210000,21950,Sargodha,110
Super,Power SP 110 Cheetah,2019,200000,22000,Attock,110
Suzuki,GD 110S,2021,254000,22000,Lahore,110
Suzuki,GD 110S,2021,275000,22000,Lahore,110
Suzuki,GD 110S,2023,315000,22000,Gujranwala,110
Suzuki,GD 110S,2021,270000,22000,Karachi,110
Suzuki,GD 110S,2021,255000,22800,Lahore,110
Suzuki,GD 110S,2022,300000,22863,Rawalpindi,110
Suzuki,GD 110,2023,290000,23000,Lahore,110
Suzuki,GD 110S,2022,260000,24000,Zahir Peer,110
Super,Power SP 110 Cheetah,2018,135000,24000,Khudian Khas,110
Suzuki,GD 110S,2021,252000,24000,Karachi,110
Suzuki,GD 110S,2021,280000,25000,Lahore,110
Suzuki,GD 110S,2021,220000,25000,Gujranwala,110
Kawasaki,GTO 110,1990,135000,25000,Rawalpindi,110
Suzuki,GD 110S,2021,250000,25000,Multan,110
Suzuki,GD 110S,2021,254000,25000,Karachi,110
Suzuki,GD 110S,2020,235000,25000,Karachi,110
Suzuki,Raider 110,2015,110000,25000,Karachi,110
Suzuki,GD 110S,2021,135000,25000,Kohat,110
Suzuki,GD 110,2018,185000,25000,Sialkot,110
Suzuki,GD 110,2020,235000,25386,Bhalwal,110
Suzuki,GD 110S,2020,215000,26000,Lahore,110
Suzuki,Raider 110,2014,70000,26000,Sahiwal,110
Suzuki,GD 110,2014,148000,26000,Karachi,110
Suzuki,GD 110S,2024,305000,26000,Lahore,110
Suzuki,GD 110S,2022,300000,26500,Kot addu,110
Suzuki,GD 110S,2024,314000,26500,Karachi,110
Suzuki,GD 110,2023,300000,26800,Lahore,110
Suzuki,GD 110S,2022,285000,27000,Karachi,110
Suzuki,GD 110,2023,290000,27000,Karachi,110
Suzuki,GD 110S,2022,260000,27000,Sialkot,110
Suzuki,GD 110S,2023,325000,27000,Lahore,110
Suzuki,GD 110S,2019,205000,28000,Chiniot,110
Suzuki,GD 110,2020,235000,28000,Lahore,110
Suzuki,GD 110S,2019,220000,28000,Karachi,110
Suzuki,GD 110S,2022,265000,28000,Lahore,110
Suzuki,GD 110S,2019,230000,28000,Peshawar,110
Suzuki,GD 110S,2022,280000,28000,Karachi,110
Suzuki,GD 110S,2021,260000,28824,Karachi,110
Suzuki,GD 110S,2023,295000,29000,Sialkot,110
Suzuki,GD 110S,2018,200000,29000,Karachi,110
Suzuki,GD 110S,2022,275000,29000,Attock,110
Suzuki,GD 110S,2017,170000,30000,Multan,110
Suzuki,Sprinter,2004,35000,30000,Gujranwala,110
Suzuki,GD 110S,2021,255000,30000,Bahawalpur,110
Suzuki,GD 110S,2023,320000,30000,Karachi,110
Super,Power SP 110 Cheetah,2020,125000,30000,Karachi,110
Suzuki,GD 110S,2021,254000,30000,Sialkot,110
Suzuki,GD 110S,2021,220000,30000,Faisalabad,110
Super,Power SP 110 Cheetah,2019,110000,30000,Gujranwala,110
Suzuki,GD 110S,2016,150000,30500,Gujranwala,110
Suzuki,GD 110S,2020,240000,30832,Karachi,110
Suzuki,GD 110,2022,235000,31000,Pasrur,110
Suzuki,GD 110S,2021,250000,31000,Multan,110
Suzuki,GD 110S,2021,220000,31000,Faisalabad,110
Suzuki,GD 110S,2022,289000,31000,Faisalabad,110
Suzuki,GD 110,2021,260000,31381,Lahore,110
Suzuki,GD 110S,2016,170000,31500,Karachi,110
Suzuki,GD 110S,2020,240000,32000,Lahore,110
Suzuki,GD 110,2020,235000,32000,Lahore,110
Suzuki,GD 110S,2018,200000,32052,Karachi,110
Suzuki,GD 110,2021,246000,32314,Karachi,110
Suzuki,Sprinter ECO,2011,85000,32500,Islamabad,110
Suzuki,GD 110S,2021,225000,33000,Qazi ahmed,110
Suzuki,GD 110S,2019,215000,33000,Attock,110
Suzuki,GD 110,2015,77000,33000,Rawalpindi,110
Suzuki,GD 110,2021,270000,33000,Lahore,110
Suzuki,GD 110S,2022,250000,33891,Faisalabad,110
Suzuki,GD 110S,2015,175000,34000,Gujranwala,110
Suzuki,GD 110S,2021,262000,34000,Karachi,110
Suzuki,GD 110S,2020,260000,34000,Kohat,110
Suzuki,GD 110S,2021,260000,34800,Lahore,110
Suzuki,GD 110S,2020,280000,34850,Toba Tek Singh,110
Suzuki,Sprinter,2011,55000,35000,Faisalabad,110
Suzuki,GD 110S,2021,270000,35000,Karachi,110
Suzuki,GD 110,2020,230000,35000,Sialkot,110
Suzuki,GD 110S,2017,200000,35000,Lahore,110
Suzuki,GD 110,2022,270000,35000,Khan Bela,110
Suzuki,GD 110S,2016,180000,35000,Gujrat,110
Suzuki,GD 110,2014,105000,35000,Gujranwala,110
Suzuki,GD 110S,2020,200000,35000,Karachi,110
Suzuki,GD 110S,2021,275000,35000,Rawalpindi,110
Suzuki,GD 110S,2020,220000,36000,Karachi,110
Suzuki,GD 110S,2020,250000,36000,Karachi,110
Suzuki,GD 110S,2019,195000,36000,Jhang,110
Suzuki,GD 110S,2018,210000,36910,Karachi,110
Suzuki,GD 110S,2021,270000,37000,Lahore,110
Suzuki,GD 110,2022,270000,37000,Karachi,110
Suzuki,GD 110S,2019,235000,37000,Lahore,110
Suzuki,GD 110S,2022,265000,38000,Lahore,110
Suzuki,GD 110,2021,235000,38000,Karachi,110
Suzuki,GD 110,2020,240000,38000,Karachi,110
Suzuki,GD 110S,2021,285000,38000,Karachi,110
Suzuki,GD 110S,2020,260000,38000,Karachi,110
Suzuki,GD 110,2021,280000,38000,D.G.Khan,110
Suzuki,GD 110,2022,280000,38825,Basirpur,110
Suzuki,GD 110S,2018,170000,39000,Gujranwala,110
Suzuki,Sprinter,2007,100000,40000,Karachi,110
Suzuki,GD 110,2016,165000,40000,Ahmed Pur East,110
Suzuki,GD 110S,2016,165000,40000,Ahmed Pur East,110
Suzuki,GD 110,2017,125000,40000,Hafizabad,110
Suzuki,GD 110S,2020,230000,40000,Multan,110
Suzuki,GD 110S,2021,254000,40000,Karachi,110
Suzuki,GD 110S,2017,165000,40000,Jhelum,110
Suzuki,GD 110S,2018,215000,40000,Karachi,110
Suzuki,GD 110S,2015,190000,40000,Rawalpindi,110
Suzuki,GD 110,2020,220000,40000,Gujranwala,110
Suzuki,GD 110S,2019,200000,40000,Karachi,110
Honda,CD 110,1976,69000,40500,Rawalpindi,110
Suzuki,GD 110S,2022,270000,41000,Karachi,110
Suzuki,GD 110S,2019,240000,41000,Toba Tek Singh,110
Suzuki,GD 110S,2017,160000,41000,Gujranwala,110
Suzuki,GD 110,2021,240000,42000,Rahim Yar Khan,110
Suzuki,GD 110S,2022,260000,43000,Faisalabad,110
Suzuki,GD 110,2022,260000,43000,Faisalabad,110
Suzuki,GD 110S,2017,165000,43000,Haripur,110
Suzuki,GD 110S,2021,230000,44000,Daska,110
Suzuki,GD 110S,2014,140000,45000,Karachi,110
Suzuki,GD 110S,2021,255000,45000,Karachi,110
Suzuki,GD 110S,2019,220000,45000,Karachi,110
Suzuki,GD 110S,2015,170000,45000,Nankana sahib,110
Suzuki,GD 110,2019,210000,45000,Gujranwala,110
Suzuki,GD 110,2022,265000,46000,Lahore,110
Suzuki,GD 110,2020,210000,46000,Karachi,110
Suzuki,GD 110,2019,215000,47000,Karachi,110
Suzuki,GD 110S,2022,260000,47000,Faisalabad,110
Suzuki,GD 110S,2015,160000,48000,Gujranwala,110
Suzuki,GD 110,2019,200000,50000,Gujrat,110
Suzuki,GD 110S,2015,125000,50000,Rawalpindi,110
Suzuki,GD 110S,2018,180000,50000,Jhelum,110
Suzuki,GD 110S,2022,275000,50000,Lahore,110
Suzuki,Sprinter,2007,120000,50000,Lahore,110
Suzuki,GD 110S,2017,220000,50000,Islamabad,110
Kawasaki,GTO 110,1984,120000,50000,Gujranwala,110
Suzuki,GD 110S,2016,190000,50000,Faisalabad,110
Suzuki,GD 110S,2017,210000,50000,Islamabad,110
Road,Prince 110 Jack Pot,2019,65000,50000,Attock,110
Suzuki,GD 110S,2018,175000,50580,Faisalabad,110
Suzuki,GD 110S,2018,180000,51000,Pak pattan sharif,110
Suzuki,GD 110,2014,220000,52000,Karachi,110
Suzuki,GD 110S,2017,185000,52000,Karachi,110
Suzuki,GD 110S,2015,160000,53000,Abbottabad,110
Suzuki,GD 110S,2014,130000,54000,Karachi,110
Suzuki,GD 110,2017,220000,54000,Islamabad,110
Suzuki,Sprinter ECO,2013,55000,55000,Karachi,110
Suzuki,Sprinter,2012,85000,58000,Faisalabad,110
Suzuki,Sprinter,2007,27000,60000,Karachi,110
Suzuki,Sprinter,2008,80000,60000,Lahore,110
Honda,CD 110,2013,135000,60000,Rawalpindi,110
Suzuki,GD 110S,2014,170000,60000,Sialkot,110
Suzuki,GD 110S,2014,80000,60000,Daska,110
Suzuki,GD 110S,2021,235000,64452,Karachi,110
Suzuki,GD 110S,2018,192000,65000,Sargodha,110
Suzuki,GD 110S,2017,190000,65000,Kabirwala,110
Suzuki,GD 110,2014,125000,65000,Shorkot Cantt,110
Suzuki,GD 110,2019,232000,70200,Karachi,110
Suzuki,GD 110S,2019,240000,71000,Jhang,110
Suzuki,GD 110S,2018,200000,73962,Sargodha,110
Suzuki,GD 110S,2020,210000,77000,Okara,110
Suzuki,Sprinter,2013,120000,80000,Karachi,110
Suzuki,GD 110S,2018,210000,82000,Rawalpindi,110
Suzuki,Sprinter ECO,2017,95000,93900,Hyderabad,110
Suzuki,GD 110,2014,120000,98000,Lahore,110
Suzuki,GD 110,2013,120000,100000,Islamabad,110
Suzuki,GD 110S,2014,140000,100000,Rahim Yar Khan,110
Suzuki,GD 110S,2018,220000,100000,Karachi,110
Super,Power SP 110 Cheetah,2017,100000,108478,Okara,110
Suzuki,Sprinter,2008,65000,123456,Karachi,110
Super,Power SP 110 Cheetah,2019,97000,123456,Mardan,110
Super,Power SP 110 Cheetah,2018,140000,130000,Karachi,110
Suzuki,GD 110S,2021,285000,230000,Khanewal,110
Suzuki,GD 110S,2005,40000,500000,Faisalabad,110
Suzuki,GD 110,2018,210000,750000,Karachi,110
Road,Prince 110 Jack Pot,2017,55000,999999,Gujranwala,110
Suzuki,GD 110S,2005,110000,999999,Faisalabad,110
Honda,CG 125,2020,144000,1,Karachi,125
Honda,CG 125S GOLD,2024,240000,1,Hyderabad,125
Yamaha,YB 125Z-DX,2025,454000,1,Rawalpindi,125
Honda,CG 125 Special Edition,2025,297000,1,Rawalpindi,125
Honda,CG 125,2025,239000,1,Rawalpindi,125
Honda,CG 125 Special Edition,2024,235000,1,Toba Tek Singh,125
Honda,CG 125,2025,255000,1,Hazro,125
Honda,CG 125,2021,150000,1,Karachi,125
Honda,CG 125,2017,110000,1,Karachi,125
Honda,CG 125,2018,210000,1,Sargodha,125
Honda,CG 125 Deluxe,2017,180000,1,Swabi,125
Honda,CG 125 Deluxe,2015,160000,1,Swabi,125
Honda,CG 125,1987,200000,1,Peshawar,125
Kawasaki,GTO 125,1990,180000,1,Karachi,125
Honda,CG 125,2025,248000,1,Sialkot,125
Yamaha,YBR 125G,2025,485000,1,Karachi,125
Honda,CG 125,2006,150000,1,Lahore,125
Honda,CG 125,2007,90000,1,Lahore,125
Honda,CG 125,2021,170000,1,Rawalpindi,125
Honda,CG 125,2025,238000,1,Lahore,125
Honda,CG 125,2017,170000,1,Rawalpindi,125
Unique,UD 125,2016,50000,1,Karachi,125
Honda,CG 125,2015,85000,1,Sarai alamgir,125
Honda,CG 125,2012,114000,1,Peshawar,125
Honda,CG 125 Special Edition,2022,190000,1,Faisalabad,125
Yamaha,YB 125Z,2019,254000,1,Taxila,125
Honda,CG 125,2024,130000,1,Karachi,125
Yamaha,YBR 125,2013,79000,1,Islamabad,125
Honda,CG 125,2022,155000,1,Faisalabad,125
Honda,CG 125,2013,125000,1,Peshawar,125
Honda,CG 125,2017,98000,1,Karachi,125
Honda,CG 125,2010,110000,1,Wah cantt,125
Honda,CG 125,2024,220000,1,Hyderabad,125
Honda,CG 125,2000,150000,1,Peshawar,125
Kawasaki,GTO 125,1992,40000,1,Karachi,125
Honda,CG 125,2025,255000,1,Kohat,125
Yamaha,YB 125Z,2022,245000,1,Sialkot,125
Honda,CG 125,2025,229000,1,Sargodha,125
Yamaha,YBR 125,2025,440000,1,Lahore,125
United,US 125 Euro II,2021,95000,1,Karachi,125
Honda,CG 125,2016,105000,1,Lahore,125
Honda,CG 125,2002,85000,1,Haripur,125
Honda,CG 125,2003,70000,1,Rawalpindi,125
Honda,CG 125,2012,110000,1,Lahore,125
Honda,CG 125,2009,105000,1,Kotli Loharan,125
Honda,CG 125,2013,125000,1,Dina,125
Honda,CG 125,2004,85000,1,Islamabad,125
Honda,CG 125,2008,150000,1,Lahore,125
Honda,CG 125,2005,85000,1,Lahore,125
Honda,CG 125,2019,145000,1,Islamabad,125
Yamaha,YBR 125,2025,495000,1,Jamshoro,125
Honda,CG 125,2015,110000,1,Rawalpindi,125
Honda,CG 125,2010,125000,1,Kala bagh,125
Honda,CG 125 Special Edition,2025,292000,1,Karachi,125
Honda,CG 125,2023,190000,1,Karachi,125
Hi,Speed SR,2022,110000,1,Karachi,125
United,US 125 Euro II,2019,105000,1,Mansehra,125
Honda,CG 125,2023,220000,1,Lahore,125
Honda,CG 125,2022,155000,1,Kharian,125
Honda,CG 125,2004,72000,1,Rawalpindi,125
Honda,CG 125,2025,245000,1,Mian Wali,125
Honda,CG 125,2025,237000,1,Lahore,125
Honda,CG 125,2006,160000,1,Jhelum,125
Yamaha,YBR 125,2021,350000,1,Faisalabad,125
Super,Power SP 125 Delux,2009,110000,1,Karachi,125
Honda,CG 125,2007,100000,1,Islamabad,125
Honda,CG 125,2013,85000,1,Lahore,125
United,US 125 Euro II,2021,100000,1,Karachi,125
Honda,CG 125 Special Edition,2019,165000,1,Karachi,125
Honda,CG 125,1979,140000,1,Karachi,125
Yamaha,YB 125Z,2010,45000,1,Lahore,125
Honda,CG 125,2012,95000,1,Sialkot,125
Suzuki,GS-125,2009,121000,1,Karachi,125
Honda,CG 125,2013,85000,1,Mian Wali,125
Honda,CG 125,2004,70000,1,Lahore,125
Honda,CG 125,2015,90000,1,Okara,125
Yamaha,YBR 125G,2025,485000,1,Rawalpindi,125
Honda,CB 125F,2025,391000,1,Rawalpindi,125
United,US 125 Euro II,2025,165000,1,Rawalpindi,125
Yamaha,YBR 125G,2022,345000,1,Rawalpindi,125
Honda,CG 125,2025,230000,2,Lahore,125
Honda,CG 125,2025,305000,2,Karachi,125
Honda,CG 125,2024,190000,2,Lahore,125
Honda,CG 125,2014,132000,2,Attock,125
Hi,Speed SR,2022,110000,2,Karachi,125
Honda,CG 125,2025,234000,2,Lahore,125
Honda,CG 125,2025,260000,3,Peshawar,125
Honda,CG 125,2025,293000,4,Karachi,125
Honda,CG 125 Special Edition,2025,293000,4,Karachi,125
Honda,CG 125,2025,235000,4,Lahore,125
Honda,CG 125,2025,240000,5,Lahore,125
Honda,CG 125,2025,250000,5,Lahore,125
Honda,CG 125,2014,90000,5,Islamabad,125
Honda,CG 125,2007,75000,6,Dera ismail khan,125
Yamaha,YBR 125G,2024,465000,6,Islamabad,125
Honda,CG 125,2025,245000,7,Rawalpindi,125
Honda,CG 125,2025,240000,9,Multan,125
Yamaha,YBR 125,2015,175000,9,Multan,125
Honda,CG 125,2025,265000,10,Lahore,125
Honda,CG 125,2014,75000,10,Karachi,125
Honda,CG 125,2025,240000,10,Attock,125
Honda,CG 125,2025,260000,10,Peshawar,125
Honda,CG 125,2025,239000,10,Multan,125
Honda,CG 125,2020,176000,10,Karachi,125
Honda,CG 125,2022,175000,10,Karachi,125
Yamaha,YZ125,2022,235000,12,Karachi,125
Honda,CG 125,2025,300000,13,Gujrat,125
Chinese,Bikes 125,2013,220000,13,Lahore,125
Honda,CG 125,2025,235000,13,Lahore,125
Honda,CG 125,2025,242000,13,Lahore,125
Honda,CG 125,2025,235000,14,Lahore,125
United,US 125 Euro II,2021,91000,15,Karachi,125
Honda,CG 125,2025,230000,15,Karachi,125
Honda,CG 125,1999,90000,15,Mansehra,125
Honda,CG 125,2021,165000,15,Rawalpindi,125
Honda,CG 125,2025,230000,20,Multan,125
Honda,CG 125,2025,240000,20,Rahim Yar Khan,125
Honda,CB 125F,2022,360000,20,Karachi,125
Honda,CG 125,2025,225000,20,Islamabad,125
Honda,CG 125S GOLD,2025,300000,20,Sarai alamgir,125
Yamaha,YB 125Z-DX,2023,315000,20,Bhimber,125
Honda,CG 125,2025,265000,22,Peshawar,125
Honda,CG 125,2024,200000,24,Karachi,125
Honda,CG 125,2025,248000,25,Wah cantt,125
Honda,CG 125,2020,165000,25,Kharian,125
Honda,CG 125,2024,205000,26,Lahore,125
Honda,CG 125,2025,240000,30,Rawalpindi,125
Honda,CG 125,2013,125000,35,Lahore,125
Yamaha,YBR 125G,2018,320000,36,Islamabad,125
Yamaha,YBR 125,2017,230000,37,Shakargarh,125
Honda,CG 125,2017,95000,40,Lahore,125
Honda,CG 125,2014,120000,40,Islamabad,125
Honda,CG 125,1997,125000,40,Sarai alamgir,125
Honda,CG 125,2025,232000,40,Attock,125
Honda,CG 125,2019,100000,40,Lahore,125
Suzuki,GSX 125,2023,390000,40,Lahore,125
Honda,CG 125,2024,210000,45,Lahore,125
Honda,CG 125,2025,240000,45,Faisalabad,125
Honda,CG 125,2025,250000,46,Gujar Khan,125
Honda,CG 125,2009,150000,49,Karachi,125
Honda,CG 125,2025,254000,50,Vehari,125
Yamaha,YZ125,2021,255000,50,Bahawalpur,125
Honda,CG 125,2025,234000,50,Jhang,125
Honda,CG 125,2025,250000,50,Talagang,125
Honda,CG 125S GOLD,2024,280000,50,Faisalabad,125
Honda,CG 125,2025,254000,51,Islamabad,125
Honda,CG 125,2020,130000,53,Abbottabad,125
Suzuki,GS-125,2024,450000,55,Lahore,125
Honda,CG 125,2023,180000,55,Lahore,125
Honda,CG 125,2014,130000,60,Islamabad,125
Honda,CG 125 Special Edition,2025,305000,60,Sahiwal,125
Crown,CR 125 Self Start Alloy Rim,2023,260000,60,Gujrat,125
Honda,CG 125,2025,244000,69,Sargodha,125
Honda,CG 125,2025,252000,70,Karachi,125
Honda,CG 125,2025,235000,70,Sialkot,125
Metro,MR 125,2025,250000,80,Peshawar,125
Ravi,Piaggio Storm 125,2009,85000,80,Lahore,125
Honda,CG 125,2025,225000,80,Lahore,125
Honda,CG 125,2019,160000,80,Sahiwal,125
Honda,CG 125,2025,300000,90,Lahore,125
Honda,CG 125,2017,108000,95,Hyderabad,125
Honda,CG 125,2018,120000,100,Dinga,125
Honda,CB 125F,2025,265000,100,Abbottabad,125
Chinese,Bikes 125,2019,85000,100,Karachi,125
Honda,CG 125,2014,110000,100,Lahore,125
Honda,CG 125,2012,230000,100,Islamabad,125
Honda,CG 125,2000,90000,100,Karachi,125
Honda,CG 125,2025,230000,100,Sukkur,125
Honda,CG 125,2015,135000,100,Abbottabad,125
United,US 125 Euro II,2019,87000,100,Karachi,125
Honda,CG 125,2022,120000,100,Karachi,125
Honda,CG 125,2016,127000,100,Skardu,125
Honda,CG 125,1985,105000,100,Karachi,125
Honda,CG 125,2011,200000,100,Karachi,125
Honda,CG 125,2025,223000,100,Faisalabad,125
Honda,CG 125 Special Edition,2024,300000,100,Lahore,125
Honda,CG 125,2025,200000,100,Peshawar,125
Honda,CG 125,2021,170000,100,Sargodha,125
Honda,CG 125,1997,120000,111,Islamabad,125
Honda,CG 125 Deluxe,2018,180000,111,Karachi,125
Honda,CG 125,2025,220000,112,Hyderabad,125
Honda,CG 125,2025,254000,120,Peshawar,125
Honda,CG 125,2019,165000,120,Charsadda,125
Honda,CG 125,2022,170000,120,Faisalabad,125
Yamaha,YBR 125,2019,260000,120,Multan,125
Honda,CG 125,2019,128000,120,Faisalabad,125
Honda,CG 125,2014,120000,120,Karachi,125
Honda,CG 125,1999,86000,123,Abbottabad,125
Honda,CG 125,2013,130000,123,Attock,125
United,US 125 Euro II,2020,68000,123,Karachi,125
Honda,CG 125,2016,105000,123,Hyderabad,125
Honda,CG 125,2017,150000,123,Rawalpindi,125
Honda,CG 125,2025,235000,123,Sheikhupura,125
Honda,CG 125,2010,90000,123,Swabi,125
Honda,CG 125,2005,180000,123,Lahore,125
Honda,CG 125,2014,68000,123,Faisalabad,125
Honda,CG 125,2025,250000,123,Sialkot,125
Honda,CG 125,2019,170000,123,Rawalpindi,125
Honda,CG 125,2015,80000,125,Sialkot,125
Honda,CG 125,2025,120000,125,Lahore,125
Honda,CG 125,2020,160000,125,Islamabad,125
Honda,CG 125,2013,130000,125,Abbottabad,125
Honda,CG 125,2023,240000,125,Abbottabad,125
Honda,CG 125,2021,150000,125,Lahore,125
Honda,CG 125,2010,115000,125,Rawalpindi,125
Honda,CG 125,2025,225000,125,Lahore,125
Honda,CG 125,2020,125000,125,Karachi,125
Honda,CG 125,2013,99999,125,Islamabad,125
Honda,CG 125,2013,95000,125,Rawalpindi,125
Honda,CG 125,2013,120000,125,Sahiwal,125
Honda,CG 125,2016,90000,125,Sargodha,125
Honda,CG 125,2018,125000,125,Nankana sahib,125
Honda,CG 125,2015,100000,125,Lahore,125
Honda,CG 125,2024,215000,125,Sargodha,125
Honda,CG 125,2025,280000,125,Rawalpindi,125
Honda,CG 125,2010,110000,125,Rawalpindi,125
Honda,CG 125,2016,89000,150,Karachi,125
Yamaha,YBR 125,2015,230000,150,Rawalpindi,125
Honda,CG 125,2025,229000,160,Karachi,125
Honda,CG 125,2025,230000,160,Lahore,125
Honda,CG 125,2025,250000,166,Multan,125
Honda,CG 125,2025,242000,170,Rawalpindi,125
Honda,CG 125,2025,240000,180,Lahore,125
Yamaha,YBR 125,2025,505000,190,Abbottabad,125
Honda,CG 125 Special Edition,2023,315000,190,Karachi,125
Honda,CG 125,2025,235000,200,Islamabad,125
Honda,CG 125S GOLD,2025,315000,200,Abbottabad,125
Honda,CG 125,2014,68000,200,Gojra,125
Honda,CG 125,2025,283000,200,Karachi,125
Honda,CG 125,2024,210000,200,Sargodha,125
Honda,CG 125,2015,85000,200,Multan,125
Honda,CG 125,2022,165000,200,Rawalpindi,125
Honda,CG 125,2025,240000,200,Chakwal,125
Honda,CG 125,2025,235000,200,Faisalabad,125
Honda,CG 125,2016,120000,200,Islamabad,125
Honda,CG 125 Special Edition,2025,270000,200,Islamabad,125
Honda,CG 125,2025,225000,200,Faisalabad,125
Honda,CG 125,2014,120000,200,Lahore,125
Honda,CG 125S GOLD,2025,285000,200,Karachi,125
Honda,CG 125,2025,245000,200,Karachi,125
Yamaha,YBR 125,2023,400000,200,Sargodha,125
Honda,CG 125,2025,240000,200,Lahore,125
Honda,CG 125,2003,60000,200,Gujrat,125
Super,Power SP 125 Delux,2009,130000,200,Karachi,125
Honda,CG 125,2025,285000,200,Rawalpindi,125
United,US 125 Euro II,2025,145000,215,Multan,125
Honda,CG 125,2018,160000,231,Rawalpindi,125
Honda,CG 125,2025,245000,250,Lahore,125
Yamaha,YBR 125G,2025,475000,250,Gujrat,125
Honda,CG 125,2025,235000,250,Lahore,125
Honda,CB 125F,2025,239000,250,Lahore,125
Yamaha,YBR 125,2025,469000,250,Islamabad,125
Suzuki,GS-125,2025,515000,250,Lahore,125
Honda,CG 125,2025,235000,260,Sargodha,125
Honda,CG 125,2025,290000,280,Sahiwal,125
Honda,CG 125,2025,290000,285,Sahiwal,125
Honda,CG 125,2025,235000,290,Khanewal,125
Honda,CG 125 Special Edition,2025,305000,290,Rawalpindi,125
Honda,CG 125,2025,305000,296,Rawalpindi,125
Honda,CG 125,2025,240000,299,Lahore,125
Honda,CG 125,2023,280000,300,Lahore,125
Honda,CG 125,2025,226000,300,Hyderabad,125
Honda,CG 125,2025,240000,300,Lahore,125
Yamaha,YBR 125,2025,435000,300,D.G.Khan,125
Honda,CG 125,2025,240000,300,Sialkot,125
Honda,CG 125,2025,225000,300,Lahore,125
Honda,CG 125,2025,290000,300,Mian Channu,125
Yamaha,YBR 125,2025,420000,300,D.G.Khan,125
Honda,CG 125,2025,227000,300,Hyderabad,125
Honda,CG 125,2011,170000,300,Sargodha,125
Honda,CG 125,2004,69000,304,Gujrat,125
Honda,CG 125 Special Edition,2025,305000,305,Gujranwala,125
MS,Jaguar Motorcycle E-125,2023,280000,334,Faisalabad,125
Yamaha,YB 125Z-DX,2024,425000,340,Gujrat,125
Honda,CG 125,2025,233000,350,Faisalabad,125
Yamaha,YB 125Z,2024,370000,350,Multan,125
Honda,CG 125,2022,205000,350,Lahore,125
Honda,CG 125,2025,320000,350,Mardan,125
Honda,CG 125,2025,225000,350,Lahore,125
Honda,CG 125,2025,205000,350,Hyderabad,125
Yamaha,YB 125Z,2019,205000,350,Karachi,125
Honda,CG 125,1985,65000,360,Karachi,125
Honda,CG 125,2025,230000,365,Abbottabad,125
Honda,CG 125,2024,220000,371,Lahore,125
United,US 125 Euro II,2025,150000,399,Rawalpindi,125
Honda,CG 125,2025,235000,400,Lahore,125
Suzuki,GS-125,2025,470000,400,Multan,125
Honda,CG 125,2018,130000,400,Abbottabad,125
Honda,CG 125,2024,273000,400,Lahore,125
Honda,CG 125,2025,270000,400,Lahore,125
Honda,CG 125,2025,250000,400,Jamshoro,125
Honda,CG 125,2025,300000,402,Lahore,125
Honda,CG 125,2025,227000,418,Gujrat,125
Suzuki,GS-125,2022,395000,427,Lahore,125
Honda,CG 125,2025,275000,450,Faisalabad,125
Honda,CG 125,2025,235000,450,Gujranwala,125
Honda,CG 125,2021,130000,450,Karachi,125
Honda,CG 125,2025,227000,470,Gujranwala,125
Honda,CG 125,2019,150000,474,Karachi,125
Honda,CB 125F,2025,380000,475,Lahore,125
Honda,CG 125S GOLD,2025,300000,480,Multan,125
Honda,CG 125,2025,235000,480,Karachi,125
Honda,CG 125,2024,228000,480,Rawalpindi,125
Honda,CG 125,2025,235000,483,Lahore,125
Honda,CG 125,2025,231000,500,Karachi,125
Honda,CG 125,2025,250000,500,Pasrur,125
Honda,CG 125,2025,229000,500,Karachi,125
Honda,CG 125,2025,280000,500,Sahiwal,125
Honda,CG 125,2023,230000,500,Rawalpindi,125
Honda,CG 125,2025,232000,500,Islamabad,125
Honda,CG 125,2014,400000,500,Quetta,125
Honda,CG 125,2013,140000,500,Lahore,125
Honda,CG 125 Special Edition,2025,292000,500,Jandanwala,125
Honda,CG 125,2021,165000,500,Lahore,125
Honda,CG 125,2024,200000,500,Karachi,125
Honda,CG 125,2025,201000,500,Khurrianwala,125
Honda,CG 125,2024,225000,500,Faisalabad,125
Crown,CR 125 Euro II,2015,110000,500,Faisalabad,125
United,US 125 Euro II,2022,98500,500,Karachi,125
United,US 125 Euro II,2021,90000,500,Muzaffarabad,125
Honda,CG 125,2025,225000,500,Lahore,125
Honda,CG 125,2025,230000,500,Rawalpindi,125
Honda,CG 125,2025,242000,500,Khushab,125
Honda,CG 125,2025,230000,501,Lahore,125
Honda,CG 125,2015,130000,502,Lahore,125
Honda,CG 125,2015,105000,503,Lahore,125
Honda,CG 125,2025,225000,540,Faisalabad,125
Honda,CG 125S GOLD,2025,300000,547,Multan,125
Honda,CG 125,2016,120000,550,Abbottabad,125
Honda,CG 125,2025,230000,578,Hafizabad,125
Honda,CG 125,2025,218000,588,Hasilpur,125
Honda,CG 125,2025,238000,600,Mirpur khas,125
Honda,CG 125S GOLD,2025,300000,600,Chakwal,125
Yamaha,YBR 125G,2025,450000,600,Rawalpindi,125
Honda,CB 125F,2025,390000,600,Lahore,125
United,US 125 Euro II,2021,95000,600,Islamabad,125
Honda,CG 125,2025,250000,600,Peshawar,125
Honda,CG 125,2025,260000,600,Karachi,125
Honda,CG 125,2025,225000,600,Lahore,125
Honda,CG 125,2022,180000,600,Karachi,125
Honda,CG 125,2025,230000,600,Gojra,125
Honda,CG 125,2025,231000,600,Lahore,125
Honda,CG 125,2025,233000,600,Multan,125
Honda,CG 125,2025,245000,620,Mandi bahauddin,125
Honda,CG 125 Special Edition,2024,275000,623,Lahore,125
Honda,CG 125S GOLD,2025,292000,650,Kamalia,125
Honda,CG 125,2025,240000,650,Faisalabad,125
Yamaha,YBR 125,2025,450000,650,Lahore,125
Honda,CG 125,2020,145000,660,Karachi,125
Honda,CG 125,2025,305000,671,Karachi,125
Honda,CG 125,2025,255000,700,Balakot,125
Honda,CG 125,2024,220000,700,Rawalpindi,125
Honda,CG 125,2025,229000,700,Murree,125
Honda,CG 125 Special Edition,2025,295000,700,Taxila,125
Honda,CG 125,2025,295000,700,Taxila,125
Honda,CG 125,2025,236000,700,Karachi,125
Honda,CG 125,2025,260000,700,Rawalpindi,125
Honda,CB 125F,2025,350000,700,Sialkot,125
Honda,CG 125,2025,260000,700,Sargodha,125
Honda,CG 125,2018,135000,700,Islamabad,125
Honda,CG 125,2025,225000,700,Tando adam,125
Honda,CG 125,2025,331000,700,Lahore,125
Yamaha,YBR 125G,2024,435000,724,Karachi,125
Honda,CG 125,2025,240000,745,Rawalpindi,125
Honda,CG 125,2025,285000,750,Rahim Yar Khan,125
Yamaha,YBR 125,2025,470000,750,Karachi,125
Honda,CG 125,2025,298000,750,Karachi,125
Honda,CG 125,2024,289000,767,Lahore,125
Honda,CG 125,2017,100000,770,Lahore,125
Honda,CG 125,2024,225000,783,Lahore,125
Honda,CG 125,2005,85000,786,Lahore,125
Honda,CG 125,2005,125000,786,Muzaffarabad,125
Honda,CG 125,2022,160000,786,Kasur,125
Honda,CG 125,2012,79000,786,Faisalabad,125
Honda,CG 125,2024,212000,800,Faisalabad,125
Honda,CG 125,2025,260000,800,Karachi,125
Honda,CG 125,2014,110000,800,Gujrat,125
Honda,CG 125,2025,230000,800,Karachi,125
Honda,CG 125,2025,242000,800,Mandi bahauddin,125
Honda,CG 125,2021,190000,800,Peshawar,125
Honda,CG 125,2025,235000,800,Karachi,125
Honda,CG 125,2025,220000,800,Sukkur,125
Honda,CG 125,2025,230000,840,Attock,125
Yamaha,YBR 125G,2024,435000,850,Sialkot,125
Honda,CG 125,2025,228000,850,Chunian,125
Honda,CG 125,2025,240000,876,Islamabad,125
Honda,CG 125 Special Edition,2025,315000,886,Rawalpindi,125
Honda,CG 125,2025,257000,900,Chakwal,125
Honda,CG 125,2025,228000,900,Faisalabad,125
Honda,CG 125,2025,305000,900,Toba Tek Singh,125
Honda,CG 125,2024,275000,900,Faisalabad,125
Honda,CG 125,2025,229000,900,Lahore,125
Honda,CG 125,2024,209000,900,Lahore,125
Honda,CG 125,2016,150000,900,Gujrat,125
Honda,CG 125,2024,210000,900,Islamabad,125
Honda,CG 125,2025,235000,900,Rawalpindi,125
Honda,CG 125,2025,237000,900,Swabi,125
Honda,CG 125,2025,280000,900,Sargodha,125
Honda,CG 125,2025,242000,900,Lahore,125
Honda,CG 125S,2025,260000,900,Multan,125
Kawasaki,GTO 125,1993,65000,900,Karachi,125
United,US 125 Euro II,2025,165000,900,Karachi,125
Honda,CG 125,2025,240000,901,Lahore,125
Honda,CG 125S GOLD,2025,285000,918,Gujranwala,125
Honda,CG 125,2025,231000,944,Lahore,125
Yamaha,YBR 125G,2024,450000,950,Karachi,125
Honda,CG 125,2025,260000,950,Multan,125
Honda,CB 125F,2023,380000,963,Kotli Ak,125
Honda,CG 125,2006,88000,979,Rawalpindi,125
Honda,CG 125,2025,240000,984,Sialkot,125
Honda,CG 125,2009,125000,999,Sargodha,125
Honda,CG 125,2018,120000,999,Gujranwala,125
Honda,CG 125,2021,180000,999,Rawalpindi,125
Honda,CG 125,2015,150000,999,Haripur,125
Honda,CG 125,2025,225000,1000,Mian Wali,125
Suzuki,GSX 125,2023,400000,1000,Sialkot,125
Honda,CG 125,2017,95000,1000,Faisalabad,125
Honda,CG 125 Special Edition,2025,300000,1000,Karachi,125
Honda,CG 125,2025,236000,1000,Rawalpindi,125
Honda,CG 125,2018,120000,1000,Lahore,125
Honda,CG 125,2023,215000,1000,Karachi,125
Honda,CG 125,2022,215000,1000,Sargodha,125
Honda,CG 125,2025,225000,1000,Lahore,125
Honda,CG 125 Special Edition,2023,245000,1000,Karachi,125
United,US 125 Euro II,2025,155000,1000,Lahore,125
Honda,CG 125,2016,105000,1000,Piplan,125
Honda,CG 125,2018,118000,1000,Hyderabad,125
Honda,CG 125,2022,225000,1000,Peshawar,125
Honda,CG 125,2021,195000,1000,Rawalpindi,125
Honda,CG 125,2021,145000,1000,Gojra,125
Honda,CG 125,2025,215000,1000,Sargodha,125
Honda,CG 125,2025,230000,1000,Lahore,125
Honda,CG 125,2021,180000,1000,Peshawar,125
Honda,CG 125,2017,100000,1000,Karachi,125
Honda,CG 125,2025,235000,1000,Islamabad,125
United,US 125 Euro II,2020,102000,1000,Wah cantt,125
Kawasaki,GTO 125,1991,180000,1000,Karachi,125
Honda,CG 125,2021,150000,1000,Sukkur,125
Honda,CG 125,2024,210000,1000,Rawalpindi,125
Honda,CG 125,2015,115000,1000,Islamabad,125
Super,Power SP 125 Delux,2009,145000,1000,Karachi,125
Honda,CG 125,2020,150000,1000,Wazirabad,125
Honda,CG 125,2017,125000,1000,Lahore,125
Honda,CG 125,2007,120000,1000,Islamabad,125
Honda,CG 125,2023,175000,1000,Rawalpindi,125
Honda,CG 125,2004,150000,1000,Haripur,125
Honda,CG 125,2024,195000,1000,Karachi,125
Honda,CG 125,2025,250000,1000,Islamabad,125
Honda,CG 125,2017,150000,1000,Karachi,125
Honda,CG 125,2023,185000,1000,Sialkot,125
Honda,CG 125,2013,85000,1000,Mansehra,125
Toyo,TG-125,2021,95000,1000,Lahore,125
Honda,CG 125,2024,185000,1000,Hyderabad,125
Honda,CG 125,2025,240000,1000,Faisalabad,125
Honda,CG 125,2019,140000,1000,Swatmingora,125
Honda,CG 125,2025,268000,1000,Islamabad,125
Honda,CG 125 Special Edition,2025,285000,1000,Gujranwala,125
Honda,CG 125,2002,140000,1000,Lahore,125
Honda,CB 125F,2019,229000,1000,Haripur,125
Honda,CG 125,2024,225000,1000,Mian Channu,125
Honda,CG 125,2004,135000,1000,Karachi,125
Honda,CG 125,2024,225000,1000,Attock,125
Honda,CG 125,2024,272000,1000,Lahore,125
Honda,CG 125,2004,145000,1000,Karachi,125
Honda,CG 125,2011,80000,1000,Karachi,125
Honda,CG 125,2014,105000,1000,Karachi,125
Honda,CG 125,2022,180000,1000,Islamabad,125
United,US 125 Euro II,2017,75000,1000,Karachi,125
Yamaha,TT-R125E,2020,130000,1000,Karachi,125
Honda,CG 125,2025,237000,1000,Lahore,125
Honda,CB 125F,2024,370000,1000,Lahore,125
Honda,CG 125,2025,240000,1000,Gujranwala,125
Honda,CG 125,1985,47000,1000,Karachi,125
Honda,CG 125,2021,150000,1001,Wah cantt,125
Honda,CG 125,2021,84999,1004,Lahore,125
Honda,CG 125,2025,237000,1008,Gujranwala,125
Honda,CG 125,2025,233000,1025,Lahore,125
Honda,CG 125,2024,218000,1072,Karachi,125
Honda,CG 125 Special Edition,2024,270000,1100,Mandi bahauddin,125
Honda,CG 125,2025,255000,1100,Islamabad,125
Honda,CG 125,2023,215000,1100,Okara,125
Honda,CG 125,2025,250000,1100,Wah cantt,125
Honda,CG 125,2025,237000,1100,Faisalabad,125
Yamaha,YBR 125G,2025,440000,1100,Karachi,125
Honda,CG 125,2025,260000,1100,Rawalpindi,125
Yamaha,YBR 125,2025,490000,1100,Faisalabad,125
Honda,CG 125,2024,219000,1100,Gujrat,125
Honda,CG 125,2025,225000,1100,Karachi,125
Honda,CG 125 Special Edition,2025,280000,1100,Faisalabad,125
Honda,CG 125,2025,268000,1100,Islamabad,125
Honda,CG 125S GOLD,2024,285000,1100,Gujranwala,125
Honda,CG 125,2025,230000,1100,Kamalia,125
Honda,CG 125,2025,250000,1108,Lahore,125
Honda,CG 125,2025,240000,1108,Lahore,125
Honda,CG 125,2023,166000,1111,Karachi,125
United,US 125 Deluxe,2017,135000,1111,Gujranwala,125
Honda,CG 125,2022,155000,1111,Sahiwal,125
Honda,CG 125,2022,168000,1111,Karachi,125
Honda,CG 125,1984,145000,1111,Rawalpindi,125
Honda,CG 125,2014,95000,1111,Abbottabad,125
Honda,CG 125,2015,100000,1122,Lahore,125
Honda,CG 125,2018,125000,1125,Lahore,125
United,US 125 Euro II,2024,165000,1125,Karachi,125
Honda,CG 125,2025,360000,1140,Jand,125
Honda,CB 125F,2025,390000,1140,Multan,125
Honda,CG 125,2024,210000,1143,Lahore,125
Honda,CG 125,2018,125000,1148,Faisalabad,125
Honda,CG 125,2025,225000,1149,Chichawatni,125
Honda,CG 125,2024,215000,1170,Lahore,125
Honda,CG 125,2024,205000,1197,Lahore,125
Honda,CG 125,2025,145000,1200,Faisalabad,125
Honda,CG 125,2024,212000,1200,Sialkot,125
Honda,CG 125,2024,245000,1200,Rawalpindi,125
Honda,CG 125,2023,235000,1200,Chowk mailta,125
Honda,CG 125,2017,140000,1200,Islamabad,125
Honda,CG 125 Special Edition,2025,260000,1200,Attock,125
Honda,CG 125,2021,165000,1200,Abbottabad,125
Yamaha,YBR 125,2021,300000,1200,Abbottabad,125
Honda,CG 125,2025,238000,1200,Lahore,125
Honda,CG 125,2025,250000,1200,Peshawar,125
Honda,CG 125,2025,230000,1200,Lahore,125
Honda,CG 125,2025,227000,1200,Lahore,125
Honda,CG 125,2024,225000,1200,Lahore,125
Honda,CG 125,2025,220000,1200,Lahore,125
Yamaha,YBR 125,2022,370000,1200,Pindi gheb,125
Honda,CG 125,2018,180000,1200,Attock,125
Honda,CG 125,2020,135000,1200,Chakwal,125
Honda,CG 125,2013,105000,1200,Islamabad,125
Honda,CG 125,2019,120000,1200,Lahore,125
Honda,CG 125,2023,185000,1200,Quetta,125
Honda,CG 125,2021,135000,1200,Sialkot,125
Honda,CG 125,2017,95000,1200,Karachi,125
Yamaha,YBR 125,2016,280000,1200,Rawalpindi,125
Yamaha,YBR 125G,2023,370000,1212,Karachi,125
Honda,CG 125,2023,185000,1230,Islamabad,125
Honda,CG 125,2021,170000,1234,Islamabad,125
Yamaha,YBR 125,2018,289000,1234,Islamabad,125
Honda,CG 125,2025,238000,1234,Bahawalpur,125
Honda,CG 125,2007,85000,1234,Karachi,125
United,US 125 Deluxe,2019,135000,1234,Karachi,125
Honda,CG 125,2022,155000,1234,Sialkot,125
Honda,CG 125,2023,180000,1234,Sargodha,125
Yamaha,YB 125Z-DX,2025,400000,1234,Islamabad,125
Honda,CG 125,2018,135000,1234,Quetta,125
Ravi,Piaggio Storm 125,2008,110000,1234,Kohat,125
Honda,CG 125,2017,125000,1234,Karachi,125
Honda,CG 125,2025,245000,1234,Faisalabad,125
Honda,CG 125,2021,152000,1234,Karachi,125
Honda,CG 125,2022,150000,1234,Karachi,125
Yamaha,YZ125,2025,465000,1234,Faisalabad,125
Honda,CG 125,2025,238000,1250,Nankana sahib,125
Honda,CG 125,2025,245000,1253,Islamabad,125
Honda,CG 125,2025,220000,1272,Khanewal,125
Honda,CG 125S GOLD,2023,245000,1284,Okara,125
Honda,CG 125 Special Edition,2025,258000,1290,Faisalabad,125
Honda,CG 125,2025,225000,1300,Bahawalnagar,125
Honda,CB 125F,2025,385000,1300,Nowshera,125
Honda,CG 125,2025,230000,1300,Jhang,125
Honda,CG 125,2024,260000,1300,Dina,125
Honda,CG 125,2025,229000,1300,Shikar pur,125
Honda,CG 125,2013,125000,1300,Gujranwala,125
Honda,CG 125,2025,225000,1310,Lahore,125
Honda,CG 125,2025,229000,1326,Sargodha,125
Honda,CG 125,2023,245000,1330,Karachi,125
Honda,CG 125,2025,250000,1331,Rawalpindi,125
Honda,CG 125,2017,122000,1333,Abbottabad,125
Honda,CG 125,2024,290000,1340,Kotla arab ali khan,125
Honda,CG 125 Special Edition,2025,275000,1350,Hyderabad,125
Honda,CG 125,2025,235000,1355,Hazro,125
Honda,CG 125,2025,225000,1364,Lahore,125
Honda,CG 125,2025,230000,1400,Bahawalpur,125
Honda,CG 125,2025,250000,1400,Wah cantt,125
Honda,CG 125,2024,265000,1400,Sialkot,125
Honda,CG 125 Special Edition,2024,260000,1400,Renala khurd,125
Honda,CG 125,2025,255000,1400,Islamabad,125
Honda,CG 125,2025,245000,1400,Rawalpindi,125
Honda,CG 125,2025,230000,1400,Kohat,125
Honda,CG 125,2022,175000,1400,Karachi,125
Honda,CG 125,2024,220000,1400,Lahore,125
Honda,CG 125,2025,228000,1420,Thull,125
Honda,CG 125S GOLD,2025,300000,1450,Islamabad,125
Honda,CG 125,2025,230000,1450,Gujranwala,125
Honda,CG 125,2019,155000,1452,Rawalpindi,125
Suzuki,GSX 125,2025,500000,1475,Karachi,125
Honda,CG 125,2025,248000,1495,Rawalpindi,125
Honda,CG 125,1989,99000,1500,Rawalpindi,125
Honda,CG 125,2025,225000,1500,Sahiwal,125
Honda,CG 125,2021,150000,1500,Sheikhupura,125
Honda,CG 125,2017,269000,1500,Lahore,125
Honda,CG 125,2015,170000,1500,Lahore,125
Honda,CG 125,2015,180000,1500,Lahore,125
Honda,CG 125,2012,135000,1500,Lahore,125
Honda,CG 125 Special Edition,2025,300000,1500,Karachi,125
Honda,CG 125,2025,254000,1500,Islamabad,125
Honda,CG 125S GOLD,2025,290000,1500,Hyderabad,125
Honda,CB 125F,2021,300000,1500,Lahore,125
Honda,CB 125F,2025,365000,1500,Jhelum,125
Honda,CG 125,2025,280000,1500,Hyderabad,125
Honda,CG 125,2025,228000,1500,Wazirabad,125
Honda,CG 125,2025,230000,1500,Jalalpur Jattan,125
Honda,CG 125,2009,130000,1500,Karachi,125
Honda,CG 125,2025,250000,1500,Rawalpindi,125
Honda,CG 125,2023,210000,1500,Faisalabad,125
Honda,CG 125,2025,235000,1500,Sargodha,125
Yamaha,YB 125Z-DX,2025,445000,1500,Kamalia,125
Honda,CG 125S GOLD,2024,260000,1500,Kamalia,125
Yamaha,YBR 125G,2023,398000,1500,Abbottabad,125
Honda,CG 125S,2024,265000,1500,Wah cantt,125
Honda,CG 125,2005,120000,1500,Lahore,125
Honda,CG 125,2024,210000,1500,Karachi,125
United,US 125 Euro II,2022,85000,1500,Karachi,125
Honda,CG 125,2025,240000,1500,Rawalpindi,125
Honda,CG 125,2025,229000,1500,Lahore,125
Honda,CG 125,2024,229000,1500,Rawalpindi,125
Honda,CG 125,2021,200000,1500,Dera ismail khan,125
Honda,CG 125,2013,110000,1500,Rawalpindi,125
Honda,CG 125,2022,170000,1500,Karachi,125
Honda,CG 125,2025,225000,1500,Gujranwala,125
Honda,CG 125,2025,245000,1500,Rawalpindi,125
Honda,CG 125,2025,245000,1500,Gujar Khan,125
Honda,CG 125,2024,250000,1500,Rato Dero,125
Honda,CG 125,2009,97000,1500,Islamabad,125
Honda,CG 125,2024,228000,1500,Faisalabad,125
Honda,CG 125,2023,185000,1500,Faisalabad,125
Honda,CG 125,2021,208000,1500,Faisalabad,125
Honda,CG 125,2025,225000,1500,Kasur,125
Yamaha,YB 125Z-DX,2023,430000,1500,Lahore,125
Honda,CB 125F,2023,310000,1500,Karachi,125
Yamaha,YBR 125G,2022,443000,1509,Rawalpindi,125
Honda,CG 125,2025,225000,1510,Mansehra,125
Honda,CG 125,2018,165000,1520,Rawalpindi,125
Honda,CG 125,2025,280000,1549,Hyderabad,125
Yamaha,YBR 125G,2024,395000,1600,Lahore,125
Honda,CG 125S,2025,280000,1600,Sahiwal,125
Honda,CG 125,2007,290000,1600,Jand,125
Honda,CG 125 Special Edition,2025,278000,1600,Burewala,125
Honda,CG 125,2024,225000,1600,Rawalpindi,125
Honda,CG 125,2025,275000,1600,Lahore,125
Honda,CG 125 Special Edition,2024,275000,1600,Rawalpindi,125
Honda,CG 125,2024,275000,1600,Rawalpindi,125
Honda,CG 125,2024,200000,1600,Swabi,125
Yamaha,YBR 125,2025,520000,1600,Lahore,125
Honda,CG 125,2025,285000,1600,Lahore,125
Honda,CG 125,2025,222000,1600,Gujranwala,125
Honda,CG 125,2024,210000,1641,Lahore,125
Honda,CG 125 Special Edition,2024,270000,1650,Rawalpindi,125
Honda,CG 125,2023,215000,1653,Lahore,125
Honda,CG 125,2025,227000,1680,Multan,125
Honda,CG 125,2024,225000,1686,Karachi,125
Honda,CB 125F,2025,370000,1690,Hub,125
Honda,CG 125,2025,287000,1700,Sheikhupura,125
Honda,CG 125,2025,248000,1700,Swabi,125
Honda,CG 125,2024,280000,1700,Karachi,125
Honda,CG 125,2025,235000,1700,Rawalpindi,125
Honda,CG 125,2022,180000,1700,Attock,125
Yamaha,YB 125Z,2025,400000,1700,Dera ismail khan,125
Honda,CG 125,2018,192000,1708,Gojra,125
Honda,CG 125 Special Edition,2023,260000,1724,Lahore,125
Honda,CG 125,2025,233000,1727,Mirpur A.K.,125
United,US 125 Euro II,2021,98000,1739,Karachi,125
Honda,CG 125,2022,160000,1750,Karachi,125
Honda,CG 125,2016,148000,1750,Lahore,125
Honda,CG 125,2009,145000,1790,Lahore,125
Honda,CG 125 Special Edition,2025,293000,1800,Karachi,125
Honda,CG 125,2024,375000,1800,Rawalakot,125
Honda,CG 125,2022,180000,1800,Multan,125
Yamaha,YBR 125,2016,410000,1800,Sialkot,125
Honda,CG 125,2025,235000,1800,Multan,125
Honda,CG 125 Special Edition,2025,285000,1800,Sumandari,125
Honda,CG 125,2025,250000,1800,Karachi,125
Honda,CG 125,2021,165000,1800,Haripur,125
Honda,CG 125 Special Edition,2025,275000,1800,Faisalabad,125
Honda,CG 125,2023,185000,1800,Karachi,125
Yamaha,YBR 125G,2025,400000,1800,Sialkot,125
Honda,CG 125,2025,227000,1834,Karachi,125
Honda,CG 125,2018,155000,1842,Rawalpindi,125
Honda,CG 125,2025,228000,1850,Jhang,125
Honda,CG 125,2024,218000,1850,Sialkot,125
Yamaha,YZ125,2024,350000,1892,Ahmed Pur East,125
Yamaha,YB 125Z,2024,350000,1892,Ahmed Pur East,125
United,US 125 Euro II,2024,150000,1900,Islamabad,125
Honda,CG 125,2025,225000,1900,Lahore,125
Honda,CG 125,2025,223000,1900,Faisalabad,125
Honda,CG 125,2025,225000,1900,Multan,125
Honda,CG 125,2009,210000,1900,Kohat,125
Honda,CG 125,2025,235000,1900,Sanghar,125
Honda,CG 125,2025,225000,1900,Bahawalpur,125
Honda,CG 125,2023,230000,1900,Mandi bahauddin,125
Honda,CG 125,2024,230000,1900,Islamabad,125
Honda,CG 125,2025,227000,1900,Multan,125
Honda,CG 125,1992,104000,1900,Mansehra,125
Honda,CG 125,2025,230000,1900,Lahore,125
Honda,CG 125,2023,185000,1950,Rawalpindi,125
Honda,CG 125,2025,235000,1970,Peshawar,125
Honda,CG 125,2024,216000,1975,Khanewal,125
Honda,CG 125,1992,165000,1992,Karachi,125
Honda,CG 125,1996,70000,1996,Lahore,125
Honda,CG 125,2022,180000,1999,Rawalpindi,125
Honda,CG 125,2017,140000,1999,Peshawar,125
Honda,CG 125,2017,130000,1999,Karachi,125
Honda,CG 125,2024,220000,2000,Khanewal,125
Honda,CG 125,2025,262000,2000,Multan,125
Honda,CG 125,2025,260000,2000,Islamabad,125
Honda,CG 125,2008,120000,2000,Lahore,125
Honda,CG 125,2025,290000,2000,Lahore,125
Honda,CG 125,2014,100000,2000,Karachi,125
Honda,CG 125,2024,215000,2000,Karachi,125
Honda,CG 125,2025,230000,2000,Gujrat,125
Honda,CG 125,2025,231000,2000,Karachi,125
Honda,CG 125,2021,160000,2000,Mardan,125
Honda,CG 125,2025,270000,2000,Peshawar,125
Honda,CG 125,2014,150000,2000,Karachi,125
Honda,CG 125,2025,229000,2000,Lahore,125
Honda,CG 125,2024,229000,2000,Peshawar,125
Honda,CG 125S GOLD,2025,282000,2000,Hyderabad,125
Honda,CG 125,2015,95000,2000,Lahore,125
Honda,CG 125,2025,250000,2000,Sargodha,125
Honda,CG 125,2024,220000,2000,Mansehra,125
Honda,CG 125,2022,180000,2000,Lahore,125
Honda,CG 125,2025,229000,2000,Jhelum,125
Honda,CG 125,2021,160000,2000,Sargodha,125
United,US 125 Euro II,2018,80000,2000,Swabi,125
Honda,CG 125,2025,225000,2000,Karachi,125
Honda,CG 125,2025,295000,2000,Karachi,125
Honda,CG 125,2025,265000,2000,Wah cantt,125
Honda,CG 125,2023,250000,2000,Peshawar,125
Honda,CG 125,2010,125000,2000,Abbottabad,125
Honda,CG 125,2005,170000,2000,Lahore,125
Kawasaki,GTO 125,1990,270000,2000,Karachi,125
Honda,CG 125,2024,215000,2000,Lahore,125
Honda,CG 125,2021,150000,2000,Kohat,125
Yamaha,YBR 125,2025,482000,2000,Rawalpindi,125
Honda,CG 125,2022,170000,2000,Gujranwala,125
Honda,CG 125,2025,233000,2000,Wazirabad,125
Yamaha,YBR 125,2025,490000,2000,Lahore,125
Honda,CG 125,2005,115000,2000,Hazro,125
Yamaha,YBR 125,2023,410000,2000,Peshawar,125
Honda,CG 125,2025,245000,2000,Mandi bahauddin,125
Honda,CG 125,2016,130000,2000,Muzaffarabad,125
Honda,CG 125,2025,243000,2000,Islamabad,125
Honda,CG 125,2019,115000,2000,Faisalabad,125
Honda,CG 125,2024,210000,2000,Faisalabad,125
Honda,CG 125,2021,165000,2000,Karachi,125
Honda,CG 125,2025,278000,2000,Faisalabad,125
Honda,CG 125,2021,143000,2000,Larkana,125
Yamaha,YBR 125,2024,400000,2000,Gujranwala,125
Honda,CG 125,2020,250000,2000,Gujranwala,125
Honda,CG 125,2004,210000,2000,Lahore,125
Yamaha,YBR 125G,2024,425000,2000,Karachi,125
Honda,CG 125,2023,178000,2000,Swabi,125
Honda,CG 125,2005,130000,2000,Karachi,125
Honda,CG 125,2023,222000,2000,Peshawar,125
Honda,CG 125,2025,225000,2000,Lahore,125
Honda,CG 125,2025,280000,2000,Charsadda,125
Honda,CG 125 Special Edition,2025,280000,2000,Gujranwala,125
Honda,CG 125,2009,80000,2000,Lahore,125
Honda,CG 125,2025,235000,2000,Multan,125
Honda,CG 125,2023,165000,2000,Faisalabad,125
Honda,CG 125,2025,242000,2000,Lahore,125
Honda,CG 125,2022,180000,2000,Rawalpindi,125
Honda,CG 125,2017,105000,2000,Karachi,125
Honda,CG 125,2023,200000,2000,Chakwal,125
Honda,CG 125,2021,130000,2000,Khanewal,125
Honda,CG 125,2021,140000,2000,Khushab,125
Honda,CG 125,2025,245000,2000,Multan,125
Honda,CG 125,2023,162000,2000,Karachi,125
Honda,CG 125,2024,204000,2000,Gujranwala,125
Honda,CG 125S GOLD,2025,262000,2000,Gojra,125
Honda,CG 125,2021,145000,2000,Gojra,125
Honda,CG 125,2025,300000,2000,Islamabad,125
Honda,CG 125,2020,190000,2000,Karachi,125
Honda,CG 125,2021,132000,2000,Vehari,125
Yamaha,YBR 125,2020,395000,2000,Jalalpur Pirwala,125
Honda,CG 125,2016,130000,2000,Islamabad,125
United,US 125 Euro II,2025,140000,2000,Rawalpindi,125
Honda,CG 125,2014,110000,2000,Mansehra,125
Honda,CG 125,2024,225000,2000,Karachi,125
Honda,CG 125,2023,229000,2000,Rawalpindi,125
United,US 125 Deluxe,2022,101000,2000,Peshawar,125
Honda,CG 125,2021,165000,2000,Jaranwala,125
Honda,CG 125,2018,120000,2000,Karachi,125
Honda,CG 125,2009,70000,2006,Karachi,125
Honda,CG 125,2008,90000,2008,Jhelum,125
Honda,CG 125,2012,85000,2012,Rawalpindi,125
Honda,CG 125,2013,100000,2013,Islamabad,125
Honda,CG 125,2014,102000,2013,Mansehra,125
Honda,CG 125,2013,95000,2013,Abbottabad,125
Honda,CG 125,2015,102000,2015,Taxila,125
Honda,CG 125,2015,90000,2015,Islamabad,125
Honda,CG 125,2016,55000,2016,Lahore,125
Unique,UD 125,2016,70000,2016,Karachi,125
Yamaha,YBR 125,2017,250000,2017,Lahore,125
Honda,CG 125,2019,105000,2019,Karachi,125
Honda,CG 125,2020,135000,2020,Faisalabad,125
Honda,CG 125,2025,225000,2020,Lahore,125
United,US 125 Euro II,2021,42000,2021,Karachi,125
Honda,CG 125,2021,165000,2021,Peshawar,125
Honda,CG 125,2021,135000,2021,Faisalabad,125
Honda,CG 125,2022,205000,2022,Rawalpindi,125
Honda,CG 125,2022,180000,2022,Islamabad,125
Honda,CG 125,2023,175000,2023,Islamabad,125
Honda,CG 125,2024,210000,2024,Faisalabad,125
Honda,CG 125,2024,220000,2034,Karachi,125
Honda,CG 125,2025,228000,2050,Lahore,125
Honda,CG 125,2024,225000,2050,Lahore,125
Honda,CG 125,2025,275000,2070,Faisalabad,125
Yamaha,YBR 125G,2025,465000,2100,Karachi,125
Honda,CG 125,2025,229000,2100,Sialkot,125
Honda,CG 125,2024,230000,2100,Rawalpindi,125
Honda,CG 125,2025,237000,2100,Jhang,125
Honda,CG 125S GOLD,2025,289000,2100,Sheikhupura,125
Honda,CG 125,2024,215000,2100,Lahore,125
Honda,CG 125,2025,235000,2100,Multan,125
Honda,CG 125 Deluxe,2015,200000,2100,Swat,125
Honda,CG 125,2025,280000,2100,Lahore,125
Honda,CG 125,2025,229000,2100,Karachi,125
Honda,CG 125,2024,235000,2100,Gujar Khan,125
Honda,CG 125,2025,232000,2130,Lahore,125
Honda,CG 125,2024,220000,2146,Karachi,125
Honda,CG 125,2025,235000,2160,Hub-Balochistan,125
Yamaha,YBR 125,2023,430000,2173,Islamabad,125
Honda,CG 125,2025,215000,2176,Lahore,125
Honda,CG 125,2025,231000,2200,Faisalabad,125
Honda,CB 125F,2024,369000,2200,Karachi,125
Honda,CG 125,2025,223000,2200,Lahore,125
Honda,CG 125,2025,235000,2200,Gujranwala,125
Yamaha,YBR 125G,2024,425000,2200,Mirpur A.K.,125
Honda,CB 125F,2025,370000,2200,Swabi,125
Suzuki,GSX 125,2024,380000,2200,Lahore,125
Yamaha,YB 125Z,2021,270000,2200,Rawalpindi,125
Ravi,Piaggio Storm 125,2025,305000,2200,Multan,125
Honda,CG 125,2023,260000,2200,Lahore,125
Honda,CB 125F,2024,380000,2200,Karachi,125
Honda,CG 125,2025,235000,2215,Karachi,125
Honda,CG 125,2024,270000,2250,Karachi,125
Honda,CB 125F,2023,410000,2252,Islamabad,125
Honda,CG 125,2024,225000,2260,Mirpur A.K.,125
Honda,CG 125,2024,230000,2300,Rawalpindi,125
Honda,CG 125S GOLD,2024,240000,2300,Karachi,125
Honda,CG 125,2025,298000,2300,Karachi,125
Yamaha,YBR 125,2023,395000,2300,Rawalpindi,125
Honda,CG 125,2025,229000,2300,Yazman mandi,125
Honda,CG 125 Special Edition,2024,265000,2300,Lahore,125
Yamaha,YBR 125,2016,310000,2340,Gujrat,125
Honda,CG 125,2025,230000,2350,Multan,125
Honda,CG 125,2023,181000,2356,Multan,125
Honda,CG 125,2023,210000,2400,Lahore,125
Honda,CG 125,2025,244000,2400,Peshawar,125
Yamaha,YBR 125G,2025,450000,2400,Islamabad,125
Honda,CG 125,2025,230000,2400,Lahore,125
Honda,CG 125,2025,243000,2400,Karachi,125
Honda,CG 125,2024,215000,2400,Sahiwal,125
Honda,CG 125,2025,275000,2400,Faisalabad,125
Yamaha,YBR 125,2025,450000,2400,Sukkur,125
Yamaha,YBR 125G,2025,430000,2400,Multan,125
Honda,CG 125,2025,254000,2460,Islamabad,125
Honda,CG 125,2025,255000,2470,Mardan,125
Yamaha,YBR 125,2022,400000,2500,Bhimber,125
Yamaha,YBR 125G,2019,360000,2500,Sargodha,125
Honda,CG 125,2024,218000,2500,Lahore,125
Honda,CG 125 Special Edition,2025,285000,2500,Islamabad,125
Honda,CG 125,2025,210000,2500,Karachi,125
Honda,CG 125,2024,235000,2500,Okara,125
Honda,CG 125 Dream,2022,135000,2500,Karachi,125
Honda,CG 125,2021,160000,2500,Nankana sahib,125
United,US 125 Euro II,2022,135000,2500,Karachi,125
Honda,CG 125,2014,135000,2500,Lahore,125
Honda,CG 125,2024,207000,2500,Lahore,125
Honda,CG 125,2024,206000,2500,Lahore,125
Honda,CG 125,2024,215000,2500,Lahore,125
Honda,CG 125,2025,265000,2500,Wah cantt,125
Honda,CG 125 Special Edition,2025,272000,2500,Rawalpindi,125
Yamaha,YBR 125G,2023,430000,2500,Karachi,125
Honda,CG 125,2014,140000,2500,Wah cantt,125
Honda,CB 125F,2025,390000,2500,Mansehra,125
Honda,CG 125,2017,100000,2500,Multan,125
Honda,CG 125 Special Edition,2024,270000,2500,Karachi,125
Honda,CG 125,2024,200000,2500,Faisalabad,125
Honda,CB 125F,2024,375000,2500,Islamabad,125
Honda,CG 125,2025,315000,2500,Haripur,125
Honda,CG 125,2024,215000,2500,Gujranwala,125
Yamaha,YBR 125,2025,440000,2500,Lahore,125
United,US 125 Euro II,2023,135000,2500,Rawalpindi,125
Honda,CG 125,2025,225000,2500,Kashmir,125
Honda,CG 125,2025,245000,2500,Peshawar,125
Honda,Deluxe,2010,80000,2500,Karachi,125
Honda,CG 125,2025,225000,2500,Sahiwal,125
Yamaha,YBR 125G,2021,275000,2500,Taxila,125
Honda,CG 125 Special Edition,2025,310000,2500,Mansehra,125
Honda,CG 125,2025,238000,2500,Faisalabad,125
Honda,CG 125,2020,165000,2500,Attock,125
Yamaha,YB 125Z,2022,405000,2500,Chunian,125
Yamaha,YZ125,2025,433000,2500,Multan,125
Honda,CG 125 Special Edition,2024,237000,2500,Hyderabad,125
Honda,CG 125,2025,310000,2500,Karachi,125
Honda,CG 125,2023,207000,2500,Karachi,125
Honda,CG 125,2025,235000,2500,Sargodha,125
Honda,CG 125,2011,152000,2500,Mirpur A.K.,125
Honda,CG 125,2025,297000,2500,Sheikhupura,125
Honda,CG 125,2013,85000,2500,Multan,125
Super,Star,2025,190000,2500,Karachi,125
Yamaha,YBR 125G,2024,440000,2500,Lahore,125
Honda,CG 125,2024,220000,2500,Bhakkar,125
Honda,CG 125,2024,210000,2502,Karachi,125
Honda,CG 125,2017,116000,2536,Abbottabad,125
Honda,CG 125,2024,206000,2544,Sahiwal,125
Honda,CG 125,2024,235000,2548,Khewra,125
Honda,CG 125,2014,110000,2550,Lahore,125
Honda,CG 125,2019,120000,2566,Okara,125
Honda,CG 125 Special Edition,2025,280000,2570,Daska,125
United,US 125 Euro II,2023,108000,2580,Rawalpindi,125
Honda,CG 125,2025,226000,2593,Sahiwal,125
Honda,CG 125,2018,130000,2600,Karachi,125
Honda,CG 125,2025,229000,2600,Sargodha,125
Honda,CG 125,2021,145000,2600,Lahore,125
Honda,CB 125F,2025,395000,2600,Karachi,125
Yamaha,YBR 125,2017,350000,2600,Kharian,125
Honda,CG 125S GOLD,2024,268000,2600,Lahore,125
Honda,CG 125,2025,235000,2650,Multan,125
Honda,CG 125 Special Edition,2019,240000,2680,Sargodha,125
Honda,CG 125,2025,238000,2684,Lahore,125
Honda,CG 125,2020,165000,2700,Rawalpindi,125
Yamaha,YBR 125G,2023,420000,2700,Islamabad,125
Honda,CG 125,2025,259000,2700,Islamabad,125
Honda,CG 125,2025,238000,2700,Karachi,125
Honda,CG 125,2024,225000,2700,Rawalpindi,125
Honda,CG 125,2025,260000,2700,Abbottabad,125
Honda,CG 125 Special Edition,2024,254000,2700,Hyderabad,125
Honda,CG 125,2025,290000,2800,Attock,125
Honda,CG 125,2025,238000,2800,Karachi,125
Honda,CG 125,2022,200000,2800,Faisalabad,125
Honda,CG 125,2016,170000,2800,Sargodha,125
Yamaha,YBR 125G,2023,400000,2800,Nowshera,125
Honda,CG 125,2025,290000,2800,Islamabad,125
Honda,CG 125,2025,245000,2800,Mardan,125
Honda,CG 125,2025,231000,2800,Karachi,125
Honda,CG 125,2025,270000,2800,Sahiwal,125
Honda,CG 125,2025,280000,2800,Gujranwala,125
Honda,CG 125,2025,225000,2820,Faisalabad,125
United,US 125 Euro II,2023,130000,2821,Karachi,125
Honda,CG 125,2025,230000,2823,Karachi,125
Honda,CG 125,2025,250000,2830,Faisalabad,125
Honda,CG 125,2024,195000,2830,Quetta,125
Honda,CG 125 Special Edition,2025,275000,2850,Lahore,125
Honda,CG 125,2022,170000,2852,Sargodha,125
Honda,CG 125,2025,235000,2900,Rawalpindi,125
Honda,CG 125,2024,230000,2900,Islamabad,125
Honda,CG 125,2025,240000,2900,Swabi,125
Honda,CB 125F,2025,365000,2900,Gujrat,125
Honda,CG 125,2023,200000,2900,Sialkot,125
Yamaha,YBR 125,2020,352000,2900,Multan,125
Honda,CG 125,2025,235000,2900,Lahore,125
Honda,CG 125,2025,295000,2900,Rahim Yar Khan,125
Honda,CG 125,2017,90000,2929,Karachi,125
Suzuki,GSX 125,2024,475000,2950,Islamabad,125
Honda,CG 125,2024,230000,3000,Panjgoor,125
Honda,CG 125,2024,230000,3000,Rawalpindi,125
Honda,CG 125,2022,200000,3000,Rawalpindi,125
Honda,CG 125,2022,250000,3000,Abbottabad,125
Honda,CG 125,2025,228000,3000,Kohat,125
Honda,CG 125,2025,225000,3000,Sahiwal,125
Honda,CG 125,2024,285000,3000,Sargodha,125
Yamaha,YBR 125,2024,450000,3000,Islamabad,125
Honda,CG 125,2016,200000,3000,Abbottabad,125
Honda,CG 125 Special Edition,2024,260000,3000,Faisalabad,125
Honda,CG 125,2025,230000,3000,Rawalpindi,125
Honda,CG 125,2023,210000,3000,Islamabad,125
Honda,CG 125,2024,220000,3000,Karachi,125
Yamaha,YBR 125G,2023,390000,3000,Lahore,125
Honda,CG 125,2025,225000,3000,Lahore,125
Honda,CG 125,2025,229000,3000,Rawalpindi,125
Honda,CG 125,2025,236000,3000,Lahore,125
Honda,CG 125,2024,285000,3000,Rawalpindi,125
United,US 125 Deluxe,2025,300000,3000,Lahore,125
Honda,CG 125,2025,232000,3000,Bhalwal,125
Honda,CG 125,2013,140000,3000,Islamabad,125
Honda,CG 125S GOLD,2024,247000,3000,Sialkot,125
Honda,CG 125,2025,230000,3000,Lahore,125
Yamaha,YBR 125G,2017,201000,3000,Lahore,125
Honda,CG 125,2023,185000,3000,Karachi,125
Honda,CG 125,2025,245000,3000,Kohat,125
Honda,CG 125,2023,210000,3000,Faisalabad,125
Honda,CG 125 Special Edition,2025,280000,3000,Multan,125
Honda,CG 125,2024,200000,3000,Rawalpindi,125
Honda,CG 125 Deluxe,2008,90000,3000,Karachi,125
Yamaha,YBR 125,2025,435000,3000,Taxila,125
Honda,CG 125,2025,233000,3000,Rawalpindi,125
Honda,CG 125,2021,200000,3000,Lahore,125
Honda,CG 125 Special Edition,2025,287000,3000,Gujranwala,125
Honda,CG 125,2004,160000,3000,Rawalpindi,125
Honda,CG 125,1900,225000,3000,Kot addu,125
Honda,CG 125,2025,280000,3000,Mardan,125
Honda,CG 125,2021,160000,3000,Karachi,125
Honda,CG 125,2016,145000,3000,Haripur,125
Ravi,Piaggio Storm 125,2011,95000,3000,Quetta,125
Honda,CG 125S,2023,225000,3000,Faisalabad,125
Honda,CG 125,2024,205000,3000,Swabi,125
Honda,CG 125,2025,240000,3000,Peshawar,125
Unique,UD 125,2016,70000,3000,Hyderabad,125
Honda,CG 125,2021,160000,3000,Rawalpindi,125
Honda,CG 125,2024,225000,3000,Lahore,125
Honda,CG 125,2025,231000,3000,Karachi,125
Honda,CG 125,2012,95000,3000,Karachi,125
Honda,CG 125,2022,225000,3000,Karachi,125
Honda,CG 125,2018,95000,3000,Karachi,125
Honda,CG 125 Special Edition,2025,287000,3000,Lahore,125
Honda,CG 125,2025,245000,3000,Karachi,125
Honda,CG 125,2024,228000,3000,Karachi,125
Honda,CG 125,2025,217000,3000,Lahore,125
Honda,CG 125,2021,165000,3000,Hazro,125
Yamaha,YBR 125G,2023,435000,3000,Lahore,125
Honda,CG 125 Special Edition,2024,280000,3000,Rawalpindi,125
Honda,CG 125,2023,225000,3000,Karachi,125
Honda,CG 125,2022,150000,3000,Tando adam,125
Honda,CG 125,2025,235000,3000,Karachi,125
Honda,CG 125,2024,204000,3000,Lahore,125
Honda,CG 125,2024,205000,3000,Lahore,125
Honda,CG 125,2025,145000,3000,Nawabshah,125
Honda,CG 125,2025,228000,3000,Gujar Khan,125
Honda,CG 125,2025,240000,3000,Attock,125
Yamaha,YBR 125,2025,430000,3000,Lahore,125
Honda,CG 125,2025,250000,3000,Quetta,125
Honda,CG 125,2025,200000,3000,Lahore,125
Honda,CG 125 Special Edition,2025,275000,3100,Sialkot,125
Honda,CG 125,2024,218000,3100,Lahore,125
Honda,CG 125,2022,178000,3100,Karachi,125
Honda,CG 125,2025,240000,3100,Lahore,125
Honda,CG 125,2025,229000,3100,Gujar Khan,125
Yamaha,YBR 125G,2023,450000,3130,Mandi bahauddin,125
Yamaha,YBR 125G,2023,450000,3150,Mandi bahauddin,125
Honda,CG 125,2023,210000,3200,Islamabad,125
Honda,CG 125,2024,220000,3200,Sialkot,125
Honda,CG 125,2025,238000,3200,Multan,125
Honda,CG 125,2025,225000,3200,Lahore,125
Honda,CG 125,2025,215000,3200,Dera ismail khan,125
Honda,CG 125,2024,260000,3200,Lahore,125
Honda,CG 125,2013,220000,3200,Karachi,125
Yamaha,YBR 125,2024,430000,3200,Sialkot,125
Honda,CG 125,2024,216000,3200,Rawalpindi,125
Honda,CG 125,2025,220000,3200,Dera ismail khan,125
Honda,CG 125,2024,235000,3200,Peshawar,125
Honda,CG 125,2020,140000,3200,Karachi,125
Honda,CG 125,2025,225000,3221,Lahore,125
Honda,CG 125,2025,300000,3234,Rawalpindi,125
Yamaha,YB 125Z-DX,2023,425000,3255,Sialkot,125
Honda,CG 125,2023,200000,3262,Gujranwala,125
Honda,CG 125,2025,235000,3300,Gujar Khan,125
Honda,CG 125,2024,205000,3300,Lahore,125
Honda,CG 125,2025,236000,3300,Multan,125
Yamaha,YBR 125G,2024,470000,3300,Islamabad,125
Honda,CG 125,2025,235000,3300,Multan,125
Honda,CG 125,2024,215000,3300,Faisalabad,125
Honda,CG 125,2022,210000,3300,Chakwal,125
Honda,CG 125,2022,180000,3300,Lahore,125
Honda,CG 125,2024,240000,3300,Taxila,125
Honda,CG 125,2024,220000,3300,Rawalpindi,125
Honda,CG 125,2023,150000,3300,Karachi,125
Honda,CG 125 Special Edition,2024,288000,3300,Lahore,125
Honda,CG 125,2025,290000,3351,Okara,125
Honda,CG 125,2025,235000,3353,Karachi,125
Honda,CG 125,2024,200000,3360,Rahim Yar Khan,125
Honda,CG 125,2025,285000,3389,Faisalabad,125
Honda,CG 125,2024,210000,3400,Lahore,125
Honda,CG 125 Special Edition,2023,254000,3400,Multan,125
Honda,CG 125,2022,197000,3400,Rawalpindi,125
Honda,CG 125 Special Edition,2023,260000,3400,Islamabad,125
Honda,CG 125,2023,260000,3400,Islamabad,125
Honda,CG 125,2025,235000,3400,Mansehra,125
Honda,CG 125,2024,215000,3400,Gujranwala,125
Honda,CG 125,2025,235000,3400,Lahore,125
Honda,CB 125F,2023,365000,3401,Islamabad,125
Honda,CG 125,2025,240000,3442,Sahiwal,125
Honda,CG 125,2024,225000,3480,Faisalabad,125
Yamaha,YBR 125G,2023,440000,3500,Abbottabad,125
Honda,CG 125,2025,215000,3500,Lahore,125
Yamaha,YBR 125,2025,440000,3500,Gujranwala,125
Honda,CG 125,2024,223000,3500,Rawalpindi,125
Honda,CG 125S GOLD,2024,268000,3500,Attock,125
Honda,CG 125,2025,225000,3500,Shikar pur,125
Honda,CG 125,2024,199000,3500,Gujranwala,125
Honda,CG 125,2018,99999,3500,Faisalabad,125
Honda,CG 125,2022,155000,3500,Lahore,125
Honda,CG 125,2023,210000,3500,Peshawar,125
Honda,CG 125,2024,365000,3500,Mardan,125
Yamaha,YB 125Z-DX,2024,415000,3500,Sargodha,125
Honda,CG 125,2023,240000,3500,Abbottabad,125
Honda,CG 125,2023,160000,3500,Hyderabad,125
Honda,CG 125,2024,225000,3500,D.G.Khan,125
Honda,CG 125,2017,168000,3500,Lahore,125
Honda,CG 125,2023,185000,3500,Lahore,125
Honda,CG 125,2025,207000,3500,Ghotki,125
Honda,CG 125 Special Edition,2024,285000,3500,Islamabad,125
Honda,CG 125,2025,229000,3500,Gujrat,125
Yamaha,YBR 125G,2024,409000,3500,Gojra,125
Honda,CG 125,2005,90000,3500,Lahore,125
Yamaha,YBR 125,2023,375000,3500,Hazro,125
Honda,CG 125 Special Edition,2025,290000,3500,Gujranwala,125
Honda,CG 125,2021,162000,3500,Karachi,125
Honda,CG 125 Special Edition,2024,229000,3500,Hyderabad,125
Honda,CG 125,2025,230000,3500,Lahore,125
Honda,CG 125,2025,225000,3500,Rawalpindi,125
United,US 125 Euro II,2024,160000,3500,Karachi,125
Honda,CG 125,2024,200000,3500,Hyderabad,125
Honda,CG 125,1999,200000,3500,Faisalabad,125
Suzuki,GS-125,2024,480000,3500,Islamabad,125
Honda,CG 125 Special Edition,2024,305000,3500,Wah cantt,125
Honda,CG 125,2025,228000,3500,Lahore,125
Yamaha,YB 125Z-DX,2023,375000,3500,Lahore,125
Honda,CG 125,2025,280000,3500,Faisalabad,125
Yamaha,YB 125Z,2019,240000,3500,Gujrat,125
Honda,CG 125,2025,225000,3500,Lahore,125
Yamaha,YBR 125G,2022,398000,3500,Rawalpindi,125
Honda,CG 125,2025,217000,3500,Lahore,125
Honda,CG 125S GOLD,2025,268000,3500,Mandi bahauddin,125
Honda,CG 125,2020,118000,3500,Faisalabad,125
Honda,CG 125,2025,240000,3500,Karachi,125
Yamaha,YBR 125,2024,435000,3500,Islamabad,125
Honda,CG 125,2024,217000,3500,Karachi,125
Yamaha,YBR 125,2024,440000,3564,Gujranwala,125
Honda,CG 125,2018,125000,3568,Faisalabad,125
Honda,CG 125S GOLD,2024,265000,3590,Jhang,125
Honda,CG 125,2024,231000,3600,Rawalpindi,125
Yamaha,YBR 125G,2024,425000,3600,Karachi,125
Honda,CG 125,2024,230000,3600,Wah cantt,125
Suzuki,GS-125,2024,420000,3600,Rawalpindi,125
Yamaha,YBR 125,2025,360000,3600,Gujranwala,125
Honda,CB 125F,2024,370000,3600,Rawalpindi,125
Yamaha,YBR 125G,2023,399000,3600,Karachi,125
Honda,CG 125,2022,230000,3600,Islamabad,125
Honda,CG 125,2025,225000,3647,Lahore,125
Honda,CG 125,2025,280000,3667,Mirpur khas,125
Honda,CG 125,2023,215000,3700,Sargodha,125
Honda,CG 125,2024,198000,3700,Hyderabad,125
Honda,CG 125,2025,230000,3700,Gujranwala,125
Honda,CG 125,2025,240000,3700,Rawalpindi,125
Honda,CG 125,2023,260000,3700,Rawalpindi,125
Honda,CG 125,2024,210000,3700,Karachi,125
Honda,CG 125,2025,235000,3700,Lahore,125
Honda,CG 125S GOLD,2024,250000,3700,Sahiwal,125
Honda,CG 125 Special Edition,2024,258000,3750,Hyderabad,125
Honda,CG 125,2018,170000,3756,Rawalpindi,125
Honda,CG 125,2021,165000,3756,Kashmir,125
Honda,CG 125,2019,95000,3771,Hyderabad,125
Honda,CG 125,2023,204000,3782,Sialkot,125
Yamaha,YBR 125,2024,445000,3800,Pindi gheb,125
Honda,CG 125,2023,190000,3800,Karachi,125
Honda,CG 125,2025,235000,3800,Sialkot,125
Honda,CG 125 Special Edition,2024,245000,3800,Sahiwal,125
Honda,CG 125,2024,215000,3800,Rawalpindi,125
Honda,CG 125,2024,240000,3800,Rawalpindi,125
Honda,CG 125,2025,230000,3800,Mian Wali,125
Honda,CG 125,2024,235000,3800,Rawalpindi,125
Honda,CG 125 Special Edition,2019,250000,3800,Khanewal,125
Honda,CG 125,2025,230000,3800,Hasilpur,125
Honda,CG 125,2025,229000,3800,Hasilpur,125
Honda,CG 125,2023,210000,3800,Karachi,125
Yamaha,YBR 125G,2018,260000,3835,Abbottabad,125
Yamaha,YBR 125,2024,395000,3849,Rawalpindi,125
Honda,CG 125,2022,169000,3850,Lahore,125
Honda,CG 125,2024,215000,3860,Islamabad,125
Honda,CG 125,2024,220000,3868,Bhimber,125
Honda,CG 125,2025,230000,3887,Lahore,125
Honda,CG 125,2017,110000,3894,Chawinda,125
Honda,CG 125 Special Edition,2023,240000,3895,Lahore,125
Honda,CG 125,2025,230000,3900,Lahore,125
Honda,CG 125,2024,300000,3900,Mardan,125
Honda,CB 125F,2025,380000,3900,Karachi,125
Honda,CG 125,2025,225000,3900,Multan,125
Honda,CG 125 Special Edition,2024,285000,3900,Mirpur A.K.,125
Honda,CG 125,2024,218000,3900,Okara,125
Honda,CG 125,2024,215000,3920,Sukkur,125
Honda,CG 125,2024,260000,3923,Mian Channu,125
Honda,CG 125 Special Edition,2025,285000,3950,Depal pur,125
Honda,CG 125,2022,180000,3967,Karachi,125
Honda,CG 125,2021,150000,3968,Rawalpindi,125
Honda,CB 125F,2024,350000,3985,Jhelum,125
Suzuki,GSX 125,2024,440000,4000,Rawalpindi,125
Honda,CG 125,2025,229000,4000,Lahore,125
Honda,CG 125,2025,230000,4000,Lahore,125
Honda,CG 125,2025,235000,4000,Malakand Agency,125
Honda,CG 125,2024,210000,4000,Lahore,125
Honda,CG 125,2024,268000,4000,Sargodha,125
Honda,CG 125S GOLD,2024,275000,4000,Faisalabad,125
Honda,CG 125,2007,285000,4000,Rawalpindi,125
Honda,CG 125,2020,210000,4000,Quetta,125
United,US 125 Euro II,2024,150000,4000,Rawalpindi,125
Honda,CG 125 Special Edition,2023,245000,4000,Multan,125
Honda,CB 125F,2022,355000,4000,Wah cantt,125
Honda,CG 125,2025,215000,4000,Gujranwala,125
Honda,CG 125 Deluxe,2025,365000,4000,Abbottabad,125
Honda,CB 125F,2025,370000,4000,Lahore,125
Honda,CG 125,2024,205000,4000,Gojra,125
Honda,CG 125,2025,240000,4000,Abbottabad,125
Honda,CG 125,2025,275000,4000,Peshawar,125
Honda,CG 125,2025,225000,4000,Lahore,125
Honda,CG 125,2024,205000,4000,Sahiwal,125
Honda,CG 125,2022,210000,4000,Rawalpindi,125
Honda,CG 125,2024,200000,4000,Karachi,125
Honda,CB 125F,2023,330000,4000,Lahore,125
Honda,CG 125,2025,228000,4000,Swabi,125
Yamaha,YBR 125G,2023,410000,4000,Lahore,125
Honda,CG 125,2024,230000,4000,Attock,125
Honda,CG 125,2021,200000,4000,Lahore,125
Honda,CG 125,2025,227000,4000,Sargodha,125
Honda,CG 125,2025,272000,4000,Lahore,125
Honda,CG 125,2024,220000,4000,Karachi,125
Honda,CG 125,2024,210000,4000,Karachi,125
Honda,CG 125,2024,215000,4000,Swabi,125
Honda,CG 125,2022,165000,4000,Karachi,125
Honda,CG 125,2024,270000,4000,Lahore,125
Honda,CG 125,2025,260000,4000,Rawalpindi,125
Honda,CG 125,2025,270000,4000,Rawalpindi,125
United,US 125 Euro II,2020,88000,4000,Karachi,125
Yamaha,YBR 125G,2025,470000,4000,Islamabad,125
Honda,CG 125,2025,235000,4000,Karachi,125
Honda,CG 125,2021,200000,4000,Karachi,125
Suzuki,GSX 125,2025,490000,4000,Faisalabad,125
Honda,CG 125,2024,210000,4000,Dera ismail khan,125
Yamaha,YB 125Z-DX,2025,450000,4000,Lahore,125
Honda,CG 125,2025,225000,4000,Mardan,125
Honda,CG 125,2004,85000,4000,Lahore,125
Honda,CG 125,2022,200000,4000,Hazro,125
Honda,CG 125,2024,200000,4000,Sialkot,125
Honda,CG 125,2024,240000,4000,Islamabad,125
Honda,CG 125,2025,227000,4000,Gujranwala,125
Honda,CG 125,2024,255000,4000,Karachi,125
Honda,CG 125,2022,210000,4000,Karachi,125
Suzuki,GSX 125,2023,410000,4005,Lahore,125
Honda,CG 125,2025,236000,4035,Nowshera,125
Honda,CG 125,2022,200000,4048,Bhalwal,125
Yamaha,YBR 125,2025,450000,4070,Lahore,125
Honda,CG 125,2021,210000,4090,Lahore,125
Honda,CG 125,2024,210000,4100,Lahore,125
Honda,CG 125,2023,190000,4100,Lahore,125
Honda,CG 125,2024,208000,4100,Abbottabad,125
Honda,CG 125,2022,180000,4100,Chakwal,125
Yamaha,YBR 125,2021,400000,4164,Lahore,125
Honda,CG 125,2017,135000,4172,Islamabad,125
Honda,CB 125F,2021,335000,4197,Sarai alamgir,125
Honda,CG 125,2025,225000,4200,Depal pur,125
Honda,CG 125,2025,220000,4200,Nankana sahib,125
Yamaha,YB 125Z,2017,210000,4200,Karore lalisan,125
Honda,CG 125,2020,200000,4200,Karachi,125
Honda,CG 125S GOLD,2025,280000,4200,Bahawalpur,125
Honda,CG 125,2023,222000,4200,Islamabad,125
Honda,CG 125,2024,225000,4200,Bahawalnagar,125
Honda,CG 125,2022,183000,4200,Sargodha,125
Honda,CG 125,2018,100000,4200,Gujranwala,125
Honda,CG 125,2024,212000,4200,Faisalabad,125
Yamaha,YB 125Z,2018,290000,4211,Sialkot,125
Honda,CG 125,2025,225000,4224,Gujrat,125
Honda,CG 125,2024,220000,4250,Bhakkar,125
Road,Prince 125,2016,180000,4250,Rawalpindi,125
Honda,CG 125,2025,228000,4300,Lahore,125
Yamaha,YBR 125,2023,395000,4300,Rawalpindi,125
Yamaha,YB 125Z,2020,200000,4300,Bahawalpur,125
Honda,CG 125,2025,225000,4340,Bannu,125
Honda,CG 125S GOLD,2025,285000,4348,Lahore,125
Honda,CG 125,2025,229000,4365,Lahore,125
Yamaha,YBR 125,2023,430000,4373,Rawalpindi,125
Yamaha,YBR 125,2023,385000,4399,Rawalpindi,125
Honda,CB 125F,2024,375000,4400,Islamabad,125
Honda,CG 125,2024,220000,4400,Chakwal,125
Honda,CG 125,2024,210000,4400,Pir mahal,125
Honda,CB 125F,2024,340000,4400,Lahore,125
Honda,CG 125,2025,228000,4400,Faisalabad,125
Honda,CG 125,2025,229000,4400,Lahore,125
Honda,CG 125,2024,205000,4400,Sialkot,125
Honda,CG 125,2025,229000,4400,Kharian,125
Honda,CG 125,2024,218000,4400,Lahore,125
Honda,CG 125,2025,229000,4400,Sargodha,125
Honda,CG 125,2024,236000,4436,Peshawar,125
Honda,CG 125,2025,245000,4470,Karachi,125
Honda,CG 125,2013,165000,4500,Lahore,125
Honda,CG 125,2025,229000,4500,Karachi,125
Yamaha,YB 125Z-DX,2022,375000,4500,Lahore,125
Honda,CG 125,2023,210000,4500,Lahore,125
Honda,CG 125,2022,142000,4500,Karachi,125
Honda,CG 125,2017,110000,4500,Mardan,125
Honda,CG 125,2022,175000,4500,Lahore,125
Honda,CG 125,2025,218000,4500,Lahore,125
Yamaha,YB 125Z-DX,2024,430000,4500,Faisalabad,125
Honda,CG 125,2025,275000,4500,Gujranwala,125
Honda,CG 125,2024,270000,4500,Faisalabad,125
Honda,CG 125,2024,215000,4500,Kotli Ak,125
Honda,CG 125,2025,230000,4500,Islamabad,125
Honda,CG 125,2025,285000,4500,Jahaniya,125
Honda,CG 125,2024,270000,4500,Mirpur khas,125
Honda,CG 125,2024,250000,4500,Rawalpindi,125
Honda,CG 125,2024,218000,4500,Chakwal,125
Suzuki,GSX 125,2023,390000,4500,Bhakkar,125
Yamaha,YBR 125G,2022,375000,4500,Karachi,125
Honda,CG 125,2022,150000,4500,Faisalabad,125
Honda,CG 125,2024,205000,4500,Sialkot,125
Suzuki,GS-125,2024,445000,4500,Rawalpindi,125
Honda,CG 125,2025,125000,4500,Hyderabad,125
Honda,CG 125,2021,175000,4500,Wah cantt,125
Honda,CG 125,2025,229000,4500,Lahore,125
Honda,CG 125,2025,225000,4500,Faisalabad,125
Honda,CG 125,2022,170000,4500,Lahore,125
Honda,CG 125,2022,195000,4500,Faisalabad,125
Yamaha,YB 125Z-DX,2025,434000,4500,Gujrat,125
Yamaha,YBR 125,2024,422000,4500,Faisalabad,125
Honda,CG 125,2024,215000,4500,Lahore,125
Honda,CG 125,2024,213000,4500,Abbottabad,125
Honda,CG 125,2024,215000,4500,Sialkot,125
Honda,CG 125,2025,232000,4527,Bahawalpur,125
Honda,CG 125,2018,110000,4551,Karachi,125
Honda,CG 125,2024,190000,4556,Karachi,125
Honda,CG 125,2025,300000,4600,Lahore,125
Honda,CG 125,2025,222000,4600,Karachi,125
Honda,CG 125,2025,222000,4660,Faisalabad,125
Honda,CG 125 Special Edition,2023,260000,4669,Peshawar,125
Honda,CG 125,2021,220000,4670,Karachi,125
Honda,CG 125,2024,227000,4670,Islamabad,125
Yamaha,YB 125Z,2024,400000,4671,Faisalabad,125
Honda,CG 125,2024,218000,4691,Gojra,125
Honda,CG 125,2025,245000,4700,Gujar Khan,125
Honda,CG 125,2025,230000,4700,Lahore,125
Honda,CG 125,2024,205000,4700,Hyderabad,125
Honda,CG 125,2022,200000,4700,Lahore,125
United,US 125 Euro II,2024,158000,4700,Karachi,125
Honda,CG 125,2013,135000,4700,Lahore,125
Honda,CG 125,2025,225000,4700,Lahore,125
Honda,CG 125,2025,224000,4700,Sahiwal,125
Honda,CG 125,2023,215000,4700,Gujrat,125
Honda,CG 125,2023,210000,4720,Karachi,125
Honda,CG 125,2021,219000,4750,Islamabad,125
Honda,CG 125,2023,187000,4756,Faisalabad,125
Yamaha,YBR 125G,2023,440000,4765,Okara,125
Honda,CG 125,2022,188000,4783,Faisalabad,125
Honda,CG 125,2025,232000,4800,Faisalabad,125
Yamaha,YB 125Z-DX,2024,450000,4800,Sialkot,125
Honda,CG 125,2024,230000,4800,Sargodha,125
Honda,CG 125S GOLD,2024,260000,4800,Renala khurd,125
Yamaha,YBR 125,2023,440000,4800,Okara,125
Honda,CB 125F,2019,265000,4807,Peshawar,125
Honda,CG 125,2025,245000,4822,Lahore,125
Honda,CG 125,2024,212000,4850,Multan,125
Honda,CG 125 Special Edition,2023,250000,4850,Gujranwala,125
Yamaha,YBR 125,2021,290000,4854,Multan,125
Honda,CG 125,2022,185000,4889,Hazro,125
Honda,CG 125,2024,220000,4890,Lahore,125
Honda,CB 125F,2022,320000,4894,Mansehra,125
Honda,CG 125,2024,218000,4900,Mansehra,125
Honda,CG 125,2025,230000,4900,Gujranwala,125
Yamaha,YBR 125G,2018,330000,4900,Islamabad,125
Honda,CG 125,2025,235000,4900,Lahore,125
Honda,CG 125,2023,170000,4970,Arifwala,125
Honda,CG 125,2004,120000,5000,Taxila,125
Super,Star,2015,60000,5000,Karachi,125
Honda,CG 125 Special Edition,2023,229000,5000,Multan,125
Honda,CG 125,2022,185000,5000,Karachi,125
Honda,CG 125,2019,200000,5000,Hyderabad,125
Honda,CG 125,2024,245000,5000,Karachi,125
Yamaha,YBR 125,2024,400000,5000,Karachi,125
Yamaha,YB 125Z,2017,240000,5000,Rawalpindi,125
Honda,CG 125,2024,270000,5000,Bhalwal,125
Honda,CG 125,2019,135000,5000,Rawalpindi,125
Honda,CG 125,2025,235000,5000,Karachi,125
Honda,CG 125 Special Edition,2025,285000,5000,Sialkot,125
Yamaha,YBR 125G,2017,200000,5000,Haripur,125
Honda,CG 125,2021,160000,5000,Lahore,125
Honda,CG 125,2014,85000,5000,Bahawalpur,125
Yamaha,YBR 125G,2019,265000,5000,Karachi,125
United,US 125 Euro II,2022,95000,5000,Karachi,125
Honda,CG 125,2024,210000,5000,Lahore,125
Honda,CG 125,2006,175000,5000,Gujrat,125
Honda,CG 125,2013,55000,5000,Quetta,125
Honda,CG 125,2020,135000,5000,Multan,125
Yamaha,YB 125Z,2019,185000,5000,Lahore,125
Honda,CG 125,2024,195000,5000,Gujranwala,125
Honda,CG 125,2019,125000,5000,Karachi,125
Yamaha,YBR 125,2024,380000,5000,Islamabad,125
Pak,Hero PK125,2005,59000,5000,Karachi,125
Honda,CG 125,2010,80000,5000,Lahore,125
Honda,CG 125,2016,140000,5000,Abbottabad,125
Honda,CG 125,2020,145000,5000,Rawalpindi,125
Honda,CG 125,2016,95000,5000,Faisalabad,125
Honda,CG 125,2020,155000,5000,Kohat,125
Suzuki,GSX 125,2022,409000,5000,Rawalpindi,125
Honda,CG 125,2010,85000,5000,Islamabad,125
Honda,CG 125,2017,120000,5000,Chak Shahzad,125
Honda,CG 125,2022,200000,5000,Islamabad,125
Honda,CG 125,2024,180000,5000,Lahore,125
Honda,CG 125,2021,170000,5000,Karachi,125
Honda,CG 125,2019,125000,5000,Sukkur,125
Honda,CG 125,2022,160000,5000,Lahore,125
Honda,CB 125F,2019,250000,5000,Abbottabad,125
Honda,CG 125,2022,210000,5000,Mansehra,125
Honda,CG 125,2024,220000,5000,Islamabad,125
Honda,CG 125 Deluxe,2015,130000,5000,Karachi,125
Honda,CG 125,2015,154000,5000,Jhang,125
United,US 125 Deluxe,2018,170000,5000,Karachi,125
Honda,CG 125,2022,145000,5000,Faisalabad,125
Yamaha,YBR 125G,2023,405000,5000,Islamabad,125
Honda,CG 125,2008,83000,5000,Peshawar,125
Honda,CG 125,2020,145000,5000,Karachi,125
Honda,CG 125,2021,140000,5000,Faisalabad,125
Yamaha,YB 125Z-DX,2025,425000,5000,Multan,125
Honda,CG 125,2014,150000,5000,Islamabad,125
Honda,CG 125,2022,180000,5000,Rawalpindi,125
United,US 125 Euro II,2022,105000,5000,Karachi,125
Honda,CG 125,2005,65000,5000,Islamabad,125
United,US 125 Euro II,2023,41000,5000,Karachi,125
Honda,CG 125,2022,149000,5000,Okara,125
Honda,CG 125,2024,219000,5000,Lahore,125
Honda,CG 125,2022,162000,5000,Lahore,125
Honda,CG 125,2017,132000,5000,Sargodha,125
Honda,CG 125,2025,260000,5000,Lahore,125
Honda,CG 125,2025,227000,5000,Lahore,125
Honda,CG 125S GOLD,2024,288000,5000,Bhalwal,125
Honda,CG 125,2005,100000,5000,Rawalpindi,125
Honda,CG 125,2025,235000,5000,Okara,125
Yamaha,YB 125Z,2021,280000,5000,Okara,125
Honda,CG 125,2023,190000,5000,Karachi,125
Honda,CG 125,2019,145000,5000,Rawalpindi,125
United,US 125 Euro II,2022,110000,5000,Karachi,125
Honda,CG 125,2014,125000,5000,Rawalpindi,125
Honda,CG 125 Special Edition,2025,295000,5000,Toba Tek Singh,125
United,US 125 Euro II,2023,120000,5000,Nowshera,125
Honda,CG 125,2025,240000,5000,Karachi,125
Honda,CG 125,2024,210000,5000,Faisalabad,125
Honda,CG 125,2012,290000,5000,Pattoki,125
Honda,CG 125,2021,150000,5000,Karachi,125
Unique,UD 125,2018,85000,5000,Karachi,125
Yamaha,YB 125Z-DX,2025,395000,5000,Sialkot,125
Honda,CG 125,2024,208000,5000,Islamabad,125
Honda,CG 125,2020,148000,5000,Karachi,125
Honda,CG 125,2024,220000,5000,Lahore,125
Honda,CG 125,2013,120000,5000,Karachi,125
Honda,CG 125,2023,190000,5000,Multan,125
Honda,CG 125,2011,60000,5000,Shakargarh,125
Honda,CG 125,2022,220000,5000,Taxila,125
Honda,CG 125,2017,160000,5000,Lahore,125
Metro,MR 125,2016,70000,5000,Hazro,125
Honda,CG 125,2018,125000,5000,Nowshera,125
Honda,CG 125,2025,218000,5000,Jhelum,125
Honda,CG 125,2024,202000,5000,Faisalabad,125
Honda,CG 125,2019,125000,5000,Hyderabad,125
Honda,CG 125,2024,220000,5000,Chakwal,125
Honda,CG 125,2022,175000,5000,Gujar Khan,125
Honda,CG 125,2022,185000,5000,Islamabad,125
Honda,CG 125,2015,160000,5000,Rawalakot,125
Yamaha,YBR 125G,2023,385000,5000,Lahore,125
Honda,CG 125,2023,195000,5000,Lahore,125
Honda,CG 125 Special Edition,2024,277000,5000,Swabi,125
Honda,CG 125,2021,150000,5000,Lahore,125
Yamaha,YB 125Z-DX,2023,350000,5000,Sargodha,125
Honda,CG 125,1985,40000,5000,Karachi,125
Honda,CB 125F,2023,355000,5000,Karachi,125
Honda,CG 125,2020,113000,5000,Hyderabad,125
Yamaha,YB 125Z-DX,2023,410000,5000,Rawalpindi,125
Honda,CG 125,2024,229000,5000,Islamabad,125
Honda,CG 125,2017,115000,5000,Kallar Kahar,125
Yamaha,YBR 125G,2016,270000,5000,Karachi,125
Honda,CG 125,2018,120000,5000,Karachi,125
Honda,CG 125,2025,230000,5000,Faisalabad,125
Honda,CG 125 Deluxe,2017,120000,5000,Swabi,125
Honda,CG 125,2011,220000,5000,Sukkur,125
Honda,CG 125,2018,130000,5000,Karachi,125
Honda,CG 125,2024,227000,5000,Attock,125
Honda,CG 125,2017,150000,5000,Layyah,125
Honda,CG 125,2021,145000,5000,Karachi,125
Honda,CG 125,2019,245000,5000,Lahore,125
Honda,CG 125,2023,186000,5000,Faisalabad,125
Honda,CG 125,2023,170000,5000,Karachi,125
Honda,CG 125,2023,180000,5000,Lahore,125
Honda,CG 125,2025,220000,5000,Wazirabad,125
Honda,CG 125,2021,170000,5000,Rawalpindi,125
Honda,CG 125,2024,175000,5000,Lahore,125
Honda,CG 125,2018,95000,5000,Hyderabad,125
Honda,CG 125,2025,232000,5000,Burewala,125
Honda,CG 125,2025,225000,5000,Faisalabad,125
Honda,CG 125,2025,225000,5000,Karachi,125
Honda,CG 125,2024,237000,5000,Islamabad,125
Honda,CG 125,2013,84500,5000,Bahawalnagar,125
Honda,CG 125 Special Edition,2021,215000,5000,Islamabad,125
Honda,CG 125,2015,120000,5000,Hassan abdal,125
Honda,CG 125,2024,240000,5000,Islamabad,125
Honda,CG 125,2021,160000,5000,Layyah,125
Honda,CG 125,2021,130000,5000,Karachi,125
Honda,CG 125,2023,205000,5000,Attock,125
Suzuki,GS-125,2024,450000,5000,Rawalpindi,125
Honda,CG 125,2024,250000,5000,Islamabad,125
Honda,CG 125,2007,60000,5000,Karachi,125
Honda,CG 125,2024,210000,5000,Mirpur khas,125
Honda,CG 125,2015,115000,5000,Islamabad,125
Honda,CG 125,2019,150000,5000,Abbottabad,125
Honda,CG 125,2025,227000,5000,Karachi,125
Yamaha,YB 125Z,2021,210000,5000,Gujrat,125
Yamaha,YBR 125,2019,390000,5000,Talagang,125
Ravi,Piaggio Storm 125,2012,60000,5000,Lahore,125
Honda,CG 125,2020,150000,5000,Sargodha,125
Honda,CG 125,2024,197000,5000,Lahore,125
Honda,CG 125,2020,160000,5000,Islamabad,125
Honda,CG 125,2017,165000,5000,Taxila,125
Yamaha,YZ125,2018,190000,5000,Melsi,125
Honda,CG 125,2020,160000,5000,Karachi,125
Honda,CG 125,2024,220000,5000,Karachi,125
Honda,CG 125,2024,210000,5000,Swabi,125
Kawasaki,GTO 125,1996,280000,5000,Sheikhupura,125
Honda,CG 125,2024,220000,5000,Abbottabad,125
Honda,CG 125 Special Edition,2025,285000,5000,Rawalpindi,125
Honda,CG 125,2025,229000,5000,Gujranwala,125
Road,Prince 125,2024,155000,5000,Karachi,125
Honda,CG 125,2024,205000,5000,Rawalpindi,125
Honda,CG 125 Deluxe,2016,242000,5000,Rawalakot,125
Honda,CG 125,2017,150000,5000,Lahore,125
Honda,CG 125,2024,220000,5000,Rawalpindi,125
Honda,CG 125,2025,250000,5000,Karachi,125
Honda,CG 125,2024,214000,5000,Lahore,125
Honda,CG 125,2016,130000,5000,Faisalabad,125
Honda,CG 125,2023,190000,5000,Burewala,125
Honda,CG 125,2015,110000,5000,Multan,125
Honda,CG 125,2024,205000,5000,Karachi,125
Honda,CG 125,2023,200000,5000,Islamabad,125
Kawasaki,GTO 125,1992,300000,5000,Faisalabad,125
Honda,CG 125,2022,198000,5000,Islamabad,125
United,US 125 Euro II,2020,87000,5000,Karachi,125
United,US 125 Deluxe,2020,75000,5000,Karachi,125
Honda,CG 125,2021,175000,5000,Lahore,125
Honda,CG 125,2022,179000,5000,Attock,125
Honda,CG 125,2021,160000,5000,Mandi bahauddin,125
Honda,CG 125 Special Edition,2024,270000,5000,Islamabad,125
Honda,CG 125,2004,80000,5000,Faisalabad,125
Suzuki,GS-125,2022,365000,5000,Karachi,125
Yamaha,YBR 125,2018,245000,5000,Lahore,125
Honda,CG 125,2021,210000,5000,Chakwal,125
Honda,CG 125,2018,180000,5000,Attock,125
Honda,CG 125,1990,145000,5000,Karachi,125
Honda,CB 125F,2023,340000,5000,Mirpur A.K.,125
Honda,CG 125,2005,130000,5000,Islamabad,125
Honda,CG 125,2018,120000,5000,Jauharabad,125
Honda,CG 125,2024,230000,5000,Lahore,125
Yamaha,YB 125Z,2019,210000,5000,Karachi,125
Honda,CG 125,2022,167000,5000,Hyderabad,125
Honda,CG 125,2025,250000,5000,Sialkot,125
Honda,CG 125,2022,133000,5000,Karachi,125
Honda,CG 125 Special Edition,2023,220000,5000,Khanewal,125
Honda,CG 125,2022,225000,5000,Sargodha,125
Honda,CG 125,2022,205000,5000,Bahawalnagar,125
Honda,CG 125,2024,214000,5000,Rahim Yar Khan,125
Honda,CG 125,2020,160000,5000,Peshawar,125
Honda,CG 125,2025,225000,5000,Lahore,125
Honda,CG 125,1981,350000,5000,Sialkot,125
Honda,CG 125,2023,195000,5000,Karachi,125
Yamaha,YBR 125,2019,310000,5000,Kohat,125
United,US 125 Euro II,2024,160000,5000,Karachi,125
Honda,CG 125,2018,155000,5000,Rawalpindi,125
Honda,CG 125,2024,210000,5000,Sahiwal,125
Yamaha,YB 125Z-DX,2025,425000,5000,Sahiwal,125
Honda,CG 125,2022,190000,5000,Islamabad,125
Honda,CG 125,2014,95000,5000,Karachi,125
Honda,CG 125,2021,163000,5000,Karachi,125
Honda,CG 125,2024,185000,5000,Karachi,125
Unique,UD 125,2014,60000,5000,Karachi,125
Yamaha,YBR 125G,2016,245000,5000,Rawalpindi,125
Honda,CG 125 Special Edition,2023,200000,5009,Daska,125
Honda,CG 125,2022,160000,5010,Sargodha,125
Honda,CG 125,2024,202000,5055,Lahore,125
Honda,CG 125,2024,188000,5055,Dera Ghazi Khan,125
Honda,CG 125,2024,260000,5060,Quetta,125
Honda,CG 125,2023,202000,5092,Kohat,125
Honda,CG 125,2023,200000,5100,Lahore,125
Honda,CG 125,2020,200000,5120,Lahore,125
Honda,CG 125,2022,175000,5155,Multan,125
Yamaha,YBR 125,2021,340000,5174,Abbottabad,125
Honda,CG 125 Special Edition,2024,250000,5200,Jhang,125
Honda,CG 125,2024,210000,5200,Dijkot,125
Honda,CG 125 Special Edition,2024,250000,5200,Bahawalpur,125
Honda,CG 125,2025,229000,5200,Sargodha,125
Honda,CG 125,2024,210000,5200,Shakargarh,125
Honda,CG 125,2025,225000,5200,Gujrat,125
Honda,CG 125,2025,270000,5200,Sialkot,125
Honda,CG 125,2025,280000,5200,Lahore,125
Honda,CG 125,2024,219000,5200,Lahore,125
Honda,CG 125,2018,130000,5200,Chichawatni,125
Honda,CG 125 Special Edition,2023,210000,5200,Karachi,125
Honda,CG 125,2025,230000,5200,Faisalabad,125
Honda,CG 125,2025,215000,5200,Lahore,125
Honda,CG 125,2024,220000,5205,Wah cantt,125
Honda,CB 125F,2024,345000,5230,Lahore,125
Honda,CG 125,2021,180000,5247,Peshawar,125
Honda,CB 125F,2025,370000,5250,Lahore,125
Honda,CG 125,2024,220000,5250,Khanewal,125
Yamaha,YBR 125,2016,325000,5280,Peshawar,125
Honda,CG 125,2024,280000,5300,Rawalpindi,125
Honda,CG 125,2025,255000,5300,Rawalpindi,125
Yamaha,YBR 125G,2025,430000,5300,Lahore,125
Honda,CG 125 Special Edition,2024,280000,5300,Bahawalpur,125
Honda,CG 125 Special Edition,2024,254000,5300,Layyah,125
Honda,CG 125,2023,204000,5300,Faisalabad,125
Honda,CG 125,2024,220000,5300,Lahore,125
Honda,CG 125,2024,215000,5320,Islamabad,125
Honda,CG 125,2024,210000,5345,Multan,125
Honda,CG 125,2025,235000,5400,Faisalabad,125
Honda,CG 125,2024,250000,5400,Sheikhupura,125
Suzuki,GSX 125,2023,430000,5400,Faisalabad,125
Honda,CG 125,2023,210000,5400,Gujrat,125
Honda,CG 125,2024,215000,5400,Rawalpindi,125
Honda,CG 125,2024,220000,5400,Peshawar,125
Honda,CG 125 Special Edition,2024,267000,5400,Karachi,125
Honda,CG 125,2024,215000,5400,Karachi,125
Yamaha,YB 125Z-DX,2024,395000,5400,Lahore,125
Honda,CG 125,2022,160000,5414,Lahore,125
Honda,CG 125S GOLD,2024,269000,5450,Chishtian,125
Honda,CG 125,2018,200000,5485,Islamabad,125
Honda,CG 125 Special Edition,2024,270000,5500,Jhang,125
Honda,CG 125,2022,185000,5500,Karachi,125
Honda,CB 125F,2019,310000,5500,Lahore,125
Honda,CG 125,2024,195000,5500,Faisalabad,125
Honda,CG 125,2024,190000,5500,Faisalabad,125
Honda,CG 125,2024,225000,5500,Rawalpindi,125
Honda,CG 125,2024,235000,5500,Islamabad,125
Suzuki,GSX 125,2023,430000,5500,Faisalabad,125
Honda,CG 125,2024,223000,5500,Rawalpindi,125
Honda,CG 125,2025,220000,5500,Gujrat,125
Yamaha,YBR 125,2024,390000,5500,Lahore,125
Yamaha,YB 125Z,2020,245000,5500,Mian Wali,125
Honda,CG 125,2024,212000,5500,Abbottabad,125
Honda,CG 125,2024,208000,5500,Karachi,125
Honda,CG 125,2024,212000,5500,Islamabad,125
Honda,CG 125,2021,175000,5500,Attock,125
Honda,CG 125,2023,205000,5500,Multan,125
Honda,CG 125,2022,160000,5500,Karachi,125
Honda,CG 125,2023,210000,5500,Faisalabad,125
Honda,CG 125,2023,235000,5500,Karachi,125
Honda,CG 125,2022,175000,5500,Karachi,125
Honda,CG 125,2012,80000,5525,Bahawalpur,125
Honda,CG 125,2018,110000,5550,Karachi,125
Honda,CG 125 Special Edition,2025,278000,5550,Lahore,125
Honda,CG 125 Deluxe,2016,320000,5550,Haripur,125
Honda,CG 125,2024,196000,5551,Sargodha,125
United,US 125 Euro II,2021,126000,5555,Islamabad,125
Honda,CG 125,2021,165000,5555,Rawalpindi,125
Honda,CG 125,2021,155000,5555,Lahore,125
Honda,CG 125,2012,80000,5555,Rawalpindi,125
Honda,CG 125,2024,205000,5591,Lahore,125
Unique,UD 125,2017,88000,5595,Karachi,125
Honda,CG 125,2024,270000,5600,Rawalpindi,125
Yamaha,YBR 125G,2024,460000,5600,Bahawalpur,125
Honda,CG 125,2025,210000,5600,Tando Allah Yar,125
Honda,CG 125,2024,195000,5600,Faisalabad,125
Honda,CG 125,2024,204000,5600,Lahore,125
Honda,CG 125,2025,213000,5600,Rahim Yar Khan,125
Honda,CG 125,2024,240000,5667,Rawalpindi,125
Honda,CG 125,2022,220000,5676,Islamabad,125
Honda,CG 125 Deluxe,2014,275000,5700,Lahore,125
Honda,CG 125,2024,235000,5700,Peshawar,125
Honda,CB 125F,2019,295000,5700,Multan,125
Yamaha,YB 125Z,2024,395000,5700,Lahore,125
Honda,CG 125S GOLD,2024,246000,5700,Karachi,125
Honda,CG 125 Special Edition,2024,246000,5700,Karachi,125
Honda,CG 125,2023,190000,5700,Karachi,125
Honda,CG 125,2023,162000,5706,Lahore,125
Honda,CG 125,2018,130000,5744,Fateh Jang,125
Honda,CG 125,2022,188000,5780,Multan,125
Honda,CG 125,2023,188000,5792,Karachi,125
Suzuki,GSX 125,2023,375000,5800,Karachi,125
Honda,CG 125,2024,215000,5800,Rawalpindi,125
Honda,CG 125,2024,225000,5800,Lahore,125
Honda,CG 125,2013,90000,5824,Karachi,125
Honda,CG 125,2024,260000,5850,Gujar Khan,125
Honda,CG 125,2015,130000,5864,Gujranwala,125
Honda,CG 125,2021,140000,5880,Okara,125
Yamaha,YBR 125,2024,430000,5900,Lahore,125
Honda,CG 125,2024,205000,5900,Lahore,125
Yamaha,YBR 125G,2025,450000,5950,Faisalabad,125
Honda,CG 125,2024,220000,5986,Lahore,125
Yamaha,YBR 125,2022,350000,6000,Islamabad,125
Yamaha,YB 125Z-DX,2022,365000,6000,Quetta,125
Honda,CG 125S,2024,245000,6000,Lahore,125
Yamaha,YBR 125,2023,395000,6000,Rawalpindi,125
Honda,CG 125 Special Edition,2020,180000,6000,Faisalabad,125
Super,Power SP 125,2014,79000,6000,Karachi,125
Honda,CG 125,2022,218000,6000,Karachi,125
Yamaha,YB 125Z-DX,2023,385000,6000,Karachi,125
Honda,CG 125,2022,150000,6000,Bahawalpur,125
Honda,CB 125F,2022,300000,6000,Gujrat,125
Honda,CG 125,2023,220000,6000,Takhtbai,125
Honda,Deluxe,2025,375000,6000,Swabi,125
Honda,CG 125,2023,210000,6000,Rawalpindi,125
Honda,CG 125 Special Edition,2024,267000,6000,Multan,125
Honda,CG 125,2022,142000,6000,Toba Tek Singh,125
Honda,CG 125,2025,225000,6000,Lahore,125
Yamaha,YBR 125,2022,280000,6000,Rawalpindi,125
Yamaha,YBR 125,2025,510000,6000,Wah cantt,125
Honda,CG 125S,2020,225000,6000,Jhelum,125
Suzuki,GSX 125,2023,465000,6000,Islamabad,125
Honda,CG 125,2015,130000,6000,Lahore,125
Honda,CG 125,2018,175000,6000,Karachi,125
Honda,CG 125,2024,260000,6000,Gojra,125
Honda,CG 125,2024,198000,6000,Rawalpindi,125
Kawasaki,GTO 125,1987,229000,6000,Mandi bahauddin,125
Honda,CG 125,2024,198000,6000,Multan,125
Honda,CG 125,2017,165000,6000,Lahore,125
Honda,CG 125,2023,170000,6000,Chunian,125
Honda,CG 125,2023,165000,6000,Karachi,125
Honda,CG 125,1997,75000,6000,Karachi,125
Honda,CG 125,2024,265000,6000,Chichawatni,125
Yamaha,YBR 125,2021,300000,6000,Shikar pur,125
Yamaha,YBR 125G,2023,470000,6000,Islamabad,125
Yamaha,YBR 125G,2023,410000,6000,Gujranwala,125
Honda,CG 125,2012,150000,6000,Islamabad,125
Honda,CG 125,2023,177000,6000,Karachi,125
Honda,CG 125,2021,140000,6000,Karachi,125
Honda,CG 125,2024,230000,6000,Chakwal,125
Honda,CG 125,2024,210000,6000,Islamabad,125
Honda,CG 125,2021,188000,6000,Rawalpindi,125
Honda,CG 125,2024,220000,6000,Peshawar,125
Honda,CG 125,2022,180000,6000,Lahore,125
Yamaha,YBR 125G,2023,425000,6000,Attock,125
Honda,CG 125,2021,235000,6000,Sialkot,125
Honda,CG 125,2024,205000,6000,Gujrat,125
Honda,CG 125,2024,215000,6000,Wah cantt,125
Honda,CG 125,2024,235000,6000,Lahore,125
Suzuki,GS-125,2023,450000,6000,Taxila,125
Honda,CB 125F,2023,340000,6000,Islamabad,125
Yamaha,YBR 125G,2021,700000,6000,Rawalpindi,125
Honda,CG 125,2023,205000,6000,Okara,125
Honda,CG 125,2024,190000,6000,Faisalabad,125
Honda,CG 125,2024,210000,6000,Faisalabad,125
Honda,CG 125,2024,205000,6000,Lahore,125
Honda,CG 125,2022,175000,6000,Karachi,125
Honda,CG 125,2014,150000,6000,Lahore,125
Honda,CG 125,2023,246000,6000,Sialkot,125
Honda,CG 125 Special Edition,2023,270000,6000,Sialkot,125
Honda,CG 125,2020,140000,6000,Karachi,125
Honda,CG 125,2021,200000,6000,Karachi,125
Honda,CG 125,2024,200000,6000,Faisalabad,125
Honda,CG 125,2008,60000,6000,Lahore,125
Honda,CG 125,2022,145000,6000,Hyderabad,125
Honda,CG 125,2024,229000,6000,Peshawar,125
Yamaha,YBR 125,2024,390000,6000,Karachi,125
Honda,CG 125,2022,175000,6000,Jalalpur Jattan,125
Honda,CG 125,2025,238000,6000,Karachi,125
Honda,CG 125,2021,140000,6000,Lahore,125
Yamaha,YB 125Z-DX,2024,395000,6000,Shorkot,125
Honda,CG 125,2024,200000,6000,Lahore,125
Honda,CG 125,2021,165000,6000,Peshawar,125
Honda,CG 125S GOLD,2024,230000,6000,Mirpur mathelo,125
Honda,CG 125,2019,155000,6000,Karachi,125
Honda,CG 125,2024,197000,6000,Karachi,125
Honda,CG 125,2022,165000,6000,Hyderabad,125
Honda,CG 125,2025,235000,6000,Sheikhupura,125
Honda,CG 125,2024,197000,6000,Jhelum,125
Honda,CG 125,2021,150000,6000,Karachi,125
Honda,CG 125,2024,196000,6000,Sialkot,125
Honda,CG 125,2008,60000,6000,Islamabad,125
Honda,CG 125,2024,210000,6000,Karachi,125
Honda,CG 125,2022,185000,6000,Gujrat,125
Yamaha,YBR 125,2020,250000,6001,Topi,125
Honda,CG 125,2025,235000,6029,Fateh Jang,125
Honda,CG 125,2020,130000,6054,Sialkot,125
Honda,CG 125,2021,265000,6070,Mansehra,125
Honda,CG 125,2022,320000,6085,Islamabad,125
Suzuki,GSX 125,2023,400000,6100,Karachi,125
Honda,CG 125,2020,140000,6100,Chakwal,125
Honda,CG 125,2024,202000,6100,Gujranwala,125
Honda,CG 125,2025,220000,6200,Lahore,125
Honda,CG 125,2023,195000,6200,Narowal,125
Honda,CG 125,2024,198000,6200,Hyderabad,125
Honda,CG 125,2024,187000,6210,Chawinda,125
Honda,CG 125,2024,210000,6222,Multan,125
Honda,CG 125,2024,205000,6222,Multan,125
Honda,CG 125,2023,185000,6227,Gujranwala,125
Honda,CG 125,2023,193000,6227,Gujranwala,125
Honda,CG 125,2024,250000,6252,Lahore,125
Honda,CG 125,2022,200000,6258,Akora khattak,125
Honda,CG 125,2024,252000,6264,Karachi,125
Honda,CG 125 Special Edition,2024,260000,6300,Mardan,125
Honda,CG 125,2024,213000,6300,Khanewal,125
Yamaha,YBR 125G,2024,450000,6300,Karachi,125
Honda,CG 125,2024,200000,6350,Lahore,125
Honda,CG 125,2024,200000,6394,Multan,125
Honda,CG 125,2023,215000,6400,Taxila,125
Honda,CG 125 Special Edition,2025,250000,6400,Pir mahal,125
Honda,CG 125,2025,245000,6400,Islamabad,125
Yamaha,YBR 125G,2024,460000,6400,Lahore,125
Honda,CG 125,2025,218000,6400,Rajana,125
OW,Jupiter Scooter,2021,145000,6420,Lahore,125
Honda,CG 125,2023,175000,6500,Jhang,125
Honda,CG 125,2024,219000,6500,Haripur,125
Honda,CG 125,2021,150000,6500,Lahore,125
Honda,CG 125,2024,202000,6500,Gojra,125
Yamaha,YBR 125,2023,355000,6500,Sialkot,125
Honda,CG 125,2024,182000,6500,Faisalabad,125
Yamaha,YBR 125,2022,370000,6500,Mian Channu,125
Honda,CG 125,2018,125000,6500,Pir mahal,125
Yamaha,YB 125Z-DX,2021,330000,6500,Kohat,125
Yamaha,YBR 125G,2022,380000,6500,Lahore,125
Honda,CG 125,2023,195000,6500,Rawalpindi,125
Honda,CG 125,2025,210000,6500,Sialkot,125
Honda,CG 125,2022,186000,6500,Lahore,125
Honda,CG 125,2003,105000,6500,Lahore,125
Honda,CG 125,2025,230000,6500,Lahore,125
Honda,CG 125S GOLD,2024,258000,6500,Sahiwal,125
Honda,CG 125,2024,248000,6500,Faisalabad,125
Yamaha,YB 125Z-DX,2024,430000,6500,Attock,125
Yamaha,YBR 125,2024,460000,6500,Rawalpindi,125
Honda,CG 125,2024,200000,6500,Vehari,125
Honda,CG 125,2024,212000,6500,Rawalpindi,125
United,US 125 Deluxe,2022,120000,6500,Karachi,125
Yamaha,YB 125Z-DX,2022,400000,6500,Attock,125
Honda,CG 125,2025,225000,6500,Islamabad,125
Honda,CG 125,2023,200000,6500,Lahore,125
Honda,CG 125,2022,200000,6523,Nowshera,125
Honda,CG 125,2022,140000,6523,Karachi,125
Yamaha,YB 125Z-DX,2023,450000,6540,Taxila,125
Yamaha,YBR 125G,2023,400000,6551,Lahore,125
Honda,CG 125,2023,210000,6580,Gujranwala,125
Honda,CG 125,2020,235000,6600,Rawalpindi,125
Honda,CG 125,2024,225000,6600,Islamabad,125
Honda,CG 125,2024,220000,6600,Islamabad,125
Yamaha,YBR 125G,2020,325000,6600,Lahore,125
Honda,CG 125,2024,218000,6600,Islamabad,125
Suzuki,GSX 125,2024,450000,6600,Islamabad,125
Honda,CG 125,2022,170000,6600,Bannu,125
Honda,CG 125,2007,90000,6666,Chakwal,125
Ravi,Piaggio Storm 125,2015,90000,6666,Kala bagh,125
Honda,CG 125,1987,38000,6666,Karachi,125
Honda,CG 125,2025,220000,6670,Multan,125
Yamaha,YBR 125G,2024,425000,6682,Kasur,125
Honda,CG 125,2023,192000,6700,Shahdara,125
Honda,CG 125,2021,140000,6700,Karachi,125
Honda,CG 125,2025,255000,6700,Lakki marwat,125
Honda,CG 125,2023,180000,6720,Lahore,125
Honda,CG 125,2022,220000,6765,Islamabad,125
Honda,CG 125,2024,225000,6770,Islamabad,125
Honda,CG 125,2016,210000,6800,Muzaffarabad,125
Honda,CG 125,2022,200000,6800,Lahore,125
Yamaha,YBR 125,2019,320000,6800,Jhelum,125
Honda,CG 125,2024,229000,6848,Rawalpindi,125
Honda,CG 125,2024,229000,6850,Gujranwala,125
Honda,CG 125,2018,160000,6856,Karachi,125
Honda,CG 125,2024,225000,6900,Wah cantt,125
Yamaha,YBR 125G,2023,425000,6900,Gujranwala,125
Honda,CG 125,2024,187000,6905,Hyderabad,125
Honda,CG 125,2023,180000,6945,Sahiwal,125
Honda,CG 125,2024,220000,6990,Faisalabad,125
Honda,CG 125,2024,217000,6999,Islamabad,125
Honda,CG 125,2024,240000,7000,Sahiwal,125
Honda,CB 125F,2021,300000,7000,Rawalpindi,125
Honda,CG 125,2024,185000,7000,Gujranwala,125
Honda,CG 125,2022,195000,7000,Gujrat,125
Honda,CG 125,2023,210000,7000,Attock,125
Honda,CG 125 Special Edition,2021,230000,7000,Islamabad,125
United,US 125 Euro II,2024,125000,7000,Islamabad,125
Honda,CG 125,2024,205000,7000,Sargodha,125
Yamaha,YBR 125,2021,380000,7000,Peshawar,125
Honda,CG 125,2023,180000,7000,Taxila,125
Honda,CG 125,2024,230000,7000,Pindi gheb,125
Honda,CG 125,2023,130000,7000,Multan,125
Honda,CG 125,2025,192000,7000,Lahore,125
Honda,CG 125,2022,175000,7000,Faisalabad,125
Honda,CG 125,2024,217000,7000,Lahore,125
Honda,CG 125,2021,150000,7000,Pasrur,125
Honda,CG 125 Special Edition,2019,175000,7000,Pak pattan sharif,125
Honda,CG 125,2021,160000,7000,Mardan,125
Yamaha,YBR 125G,2024,440000,7000,Faisalabad,125
Honda,CG 125,2024,215000,7000,Khushab,125
Honda,CG 125,2024,275000,7000,Toba Tek Singh,125
Honda,CG 125,2022,165000,7000,Faisalabad,125
Honda,CG 125,2023,210000,7000,Gujrat,125
Honda,CG 125,2023,215000,7000,Gujrat,125
Honda,CG 125,2023,189000,7000,Faisalabad,125
Yamaha,YBR 125,2017,220000,7000,Lahore,125
Honda,CG 125,2024,212000,7000,Multan,125
Honda,CG 125S GOLD,2024,265000,7000,Sargodha,125
Honda,CG 125S GOLD,2025,310000,7000,Karachi,125
Honda,CG 125,2022,220000,7000,Wah cantt,125
Honda,CG 125,2024,205000,7000,Lahore,125
United,US 125 Euro II,2025,149000,7000,Islamabad,125
Honda,CG 125,2025,225000,7000,Lahore,125
Honda,CG 125,2021,165000,7000,Hyderabad,125
Honda,CG 125,2023,195000,7000,Islamabad,125
Honda,CG 125,2017,85000,7000,Lahore,125
Honda,CG 125,2024,198000,7000,Lahore,125
United,US 125 Euro II,2024,152000,7000,Islamabad,125
Yamaha,YZ125,2022,350000,7000,Islamabad,125
Honda,CG 125,2024,280000,7000,Sarai alamgir,125
Honda,CG 125,2023,155000,7000,Karachi,125
Honda,CG 125S GOLD,2024,260000,7000,Karachi,125
Honda,CG 125,2023,190000,7000,Chishtian,125
Honda,CG 125,2019,110000,7000,Multan,125
Yamaha,YBR 125,2024,450000,7000,Nowshera,125
Honda,CG 125,2021,160000,7000,Rawalpindi,125
Honda,CG 125,2024,240000,7000,Peshawar,125
Yamaha,YBR 125,2023,375000,7000,Nowshera,125
Honda,CG 125,2022,130000,7000,Karachi,125
Honda,CB 125F,2024,350000,7000,Karachi,125
Honda,CG 125 Special Edition,2024,255000,7000,Kasur,125
Honda,CG 125,2022,240000,7000,Lahore,125
Yamaha,YBR 125G,2024,430000,7000,Islamabad,125
Yamaha,YBR 125,2022,375000,7000,Islamabad,125
Honda,CG 125,2021,140000,7000,Kamalia,125
Honda,CG 125,2023,190000,7000,Karachi,125
Honda,CG 125,2024,210000,7000,Kotli Loharan,125
Honda,CG 125,2024,195000,7000,Faisalabad,125
Honda,CG 125,2023,247000,7000,Wah cantt,125
Suzuki,GS-125,2025,450000,7000,Gujranwala,125
Honda,CG 125 Deluxe,2023,204000,7000,Lahore,125
Honda,CG 125,2022,140000,7000,Wah cantt,125
Honda,CG 125,2024,197000,7000,Faisalabad,125
United,US 125 Euro II,2022,115000,7000,Karachi,125
Yamaha,YBR 125,2021,340000,7000,Rawalpindi,125
United,US 125 Euro II,2024,165000,7000,Karachi,125
Yamaha,YBR 125G,2019,265000,7000,Peshawar,125
Honda,CG 125,2025,213000,7000,Bahawalpur,125
Yamaha,YBR 125G,2024,459000,7000,Attock,125
Yamaha,YBR 125G,2023,395000,7000,Gujranwala,125
Honda,CG 125,2021,145000,7000,Lahore,125
Honda,CG 125,2022,170000,7000,Sahiwal,125
Honda,CG 125,2022,160000,7000,Islamabad,125
Honda,CG 125,2023,204000,7000,Karachi,125
Yamaha,YBR 125G,2023,345000,7000,Gujranwala,125
Honda,CG 125,2023,200000,7000,Faisalabad,125
Honda,CG 125,2024,250000,7000,Fateh Jang,125
Honda,CG 125,2024,225000,7000,Lahore,125
Honda,CG 125,2025,192000,7000,Multan,125
Honda,CG 125,2023,170000,7000,Gujranwala,125
Yamaha,YBR 125,2024,398000,7000,Lahore,125
Yamaha,YB 125Z-DX,2022,425000,7000,Karachi,125
Honda,CG 125,2024,204000,7000,Karachi,125
Honda,CG 125,2024,195000,7000,Kasur,125
Yamaha,YB 125Z-DX,2025,395000,7000,Multan,125
Honda,CG 125 Special Edition,2025,260000,7000,Gujranwala,125
Honda,CG 125,2015,135000,7000,Islamabad,125
Honda,CG 125,2023,173000,7000,Gujranwala,125
Honda,CG 125,2022,165000,7000,Lahore,125
Honda,CG 125,2022,175000,7000,Sarai alamgir,125
Honda,CG 125,2024,220000,7000,Karachi,125
Honda,CG 125,2023,130000,7000,Bahawalpur,125
United,US 125 Euro II,2023,130000,7000,Bahawalpur,125
Honda,CG 125,2024,225000,7000,Gujranwala,125
Yamaha,YBR 125G,2024,430000,7000,Karachi,125
Honda,CG 125,2025,230000,7000,Karachi,125
Honda,CG 125,2024,195000,7000,Rawalpindi,125
Honda,CG 125 Special Edition,2019,175000,7000,Karachi,125
Yamaha,YBR 125,2000,295000,7000,Rawalpindi,125
Honda,CG 125,2024,220000,7000,Multan,125
Honda,CG 125 Special Edition,2022,225000,7000,Rawalpindi,125
Honda,CG 125,2020,170000,7007,Attock,125
Honda,CG 125,2024,290000,7008,Lahore,125
Honda,CG 125,2022,170000,7025,Gujranwala,125
Honda,CG 125,2020,200000,7027,Haripur,125
Honda,CG 125,2024,270000,7056,Faisalabad,125
Honda,CG 125,2022,175000,7070,Renala khurd,125
Honda,CG 125 Deluxe,2017,110000,7075,Lower Dir,125
Honda,CG 125,2023,200000,7100,Rahim Yar Khan,125
Honda,CG 125,2025,225000,7100,Gujranwala,125
Honda,CG 125 Deluxe,2014,170000,7158,Liaqat Pur,125
Yamaha,YBR 125G,2023,385000,7183,Hasilpur,125
Honda,CG 125,2022,178000,7200,Karachi,125
Honda,CG 125,2024,196000,7200,Quetta,125
Honda,CG 125 Special Edition,2019,178000,7200,Pak pattan sharif,125
Yamaha,YB 125Z-DX,2024,380000,7200,Multan,125
Honda,CG 125,2023,190000,7200,Raiwind,125
Honda,CG 125,2020,160000,7200,Lahore,125
Honda,CG 125,2024,205000,7200,Shah kot,125
Honda,CG 125,2024,215000,7200,Rawalpindi,125
Honda,CG 125,2024,205000,7200,Mansehra,125
Honda,CG 125,2022,229000,7200,Sargodha,125
Honda,CG 125,2024,200000,7200,Bahawalpur,125
Honda,CG 125,2023,215000,7224,Karachi,125
Honda,CG 125,2023,215000,7230,Rawalpindi,125
Yamaha,YB 125Z-DX,2022,365000,7231,Islamabad,125
Yamaha,YB 125Z-DX,2022,365000,7233,Islamabad,125
Honda,CG 125,2023,205000,7299,Okara,125
Honda,CG 125,2023,190000,7300,Karachi,125
Honda,CG 125,2024,225000,7300,Mandi bahauddin,125
Honda,CG 125,2023,160000,7300,Karachi,125
Honda,CG 125,2024,230000,7300,Hyderabad,125
Honda,CG 125,2024,270000,7300,Lodhran,125
Yamaha,YBR 125,2023,410000,7345,Rawalpindi,125
Honda,CG 125 Special Edition,2023,255000,7350,Depal pur,125
Honda,CG 125,2019,150000,7364,Gujrat,125
Honda,CG 125,2024,250000,7400,Faisalabad,125
Honda,CG 125,2024,196000,7400,Depal pur,125
Yamaha,YBR 125,2023,345000,7400,Faisalabad,125
Honda,CG 125,2023,247000,7400,Faisalabad,125
Yamaha,YBR 125,2017,280000,7400,Islamabad,125
Honda,CG 125,2024,195000,7420,Sahiwal,125
Honda,CG 125,2023,190000,7433,Lahore,125
Honda,CG 125,2024,205000,7434,Sialkot,125
Honda,CG 125,2024,184000,7455,Hyderabad,125
Honda,CG 125,2023,200000,7456,Mirpur A.K.,125
Honda,CG 125,2020,95000,7492,Akora khattak,125
Yamaha,YBR 125G,2023,365000,7500,Jhelum,125
Honda,CG 125,2024,210000,7500,Vehari,125
Honda,CG 125 Special Edition,2024,275000,7500,Toba Tek Singh,125
Honda,CG 125,2024,225000,7500,Rawalpindi,125
Honda,CG 125,2024,220000,7500,Jhelum,125
Honda,CG 125,2023,180000,7500,Faisalabad,125
Honda,CG 125,2025,222000,7500,Faisalabad,125
Honda,CG 125,2024,218000,7500,Jhelum,125
Honda,CG 125,1980,175000,7500,Karachi,125
Honda,CG 125,2023,200000,7500,Karachi,125
Honda,CG 125,2022,185000,7500,Muzaffarabad,125
Yamaha,YBR 125G,2024,430000,7500,Lahore,125
Honda,CG 125 Special Edition,2023,230000,7500,Sialkot,125
Honda,CG 125,2023,204000,7500,Rawalpindi,125
Honda,CG 125,2023,190000,7500,Rawalpindi,125
Honda,CG 125,2024,204000,7500,Mandi bahauddin,125
Honda,CG 125,2023,200000,7500,Kamalia,125
Honda,CG 125,2018,131000,7500,Karachi,125
Honda,CG 125 Special Edition,2023,230000,7500,Karachi,125
Honda,CG 125,1980,120000,7500,Karachi,125
Honda,CB 125F,2024,335000,7500,Faisalabad,125
Honda,CG 125,2022,185000,7500,Lahore,125
Honda,CG 125,2024,205000,7500,Hyderabad,125
Honda,CG 125,2022,180000,7500,Lahore,125
Honda,CG 125,2024,207000,7500,Lahore,125
Yamaha,YBR 125,2024,380000,7500,Rawalpindi,125
Honda,CG 125,2024,200000,7500,Multan,125
Honda,CG 125,2013,130000,7510,Karachi,125
Honda,CG 125,2015,125000,7560,Lahore,125
Honda,CG 125,2022,185000,7595,Rawalpindi,125
Honda,CG 125,2021,195000,7600,Sargodha,125
Honda,CG 125 Special Edition,2024,260000,7600,Mandi bahauddin,125
Honda,CG 125,2025,210000,7600,Lahore,125
Honda,CG 125,2024,198000,7600,Lahore,125
Yamaha,YBR 125,2020,410000,7630,Islamabad,125
Yamaha,YBR 125G,2021,300000,7663,D.G.Khan,125
Honda,CG 125,1900,200000,7686,Gujrat,125
Honda,CB 125F,2024,260000,7700,Faisalabad,125
Honda,CG 125,2022,190000,7770,Hazro,125
Honda,CG 125,2020,145000,7800,Lahore,125
Honda,CG 125,2020,150000,7800,Lahore,125
Yamaha,YBR 125G,2021,355000,7800,Dera ismail khan,125
Honda,CG 125,2023,225000,7800,Lahore,125
Honda,CG 125,2024,225000,7800,Fateh pur,125
Honda,CG 125S GOLD,2024,250000,7800,Lahore,125
Yamaha,YBR 125,2024,410000,7800,Lahore,125
Honda,CG 125,2022,175000,7800,Lahore,125
Honda,CG 125,2023,190000,7800,Faisalabad,125
Honda,CG 125 Special Edition,2024,260000,7800,Chakwal,125
Honda,CG 125,2024,235000,7800,Lahore,125
Honda,CG 125,2021,175000,7800,Faisalabad,125
Yamaha,YBR 125G,2024,409000,7850,Gojra,125
Honda,CG 125,2022,175000,7856,Gujrat,125
Honda,CG 125,2016,105000,7860,Multan,125
Super,Star,2003,229000,7866,Islamabad,125
Honda,CG 125,2022,215000,7890,Rawalpindi,125
Honda,CG 125,2022,155000,7899,Karachi,125
Yamaha,YBR 125G,2023,395000,7900,Quetta,125
Honda,CG 125,2023,265000,7900,Bahawalpur,125
Honda,CG 125,2021,157000,7900,Taxila,125
Honda,CG 125,2024,280000,7908,Lahore,125
Honda,CG 125 Special Edition,2024,270000,7950,Lahore,125
Honda,CG 125,2024,200000,7955,Sialkot,125
Honda,CG 125,2023,210000,8000,Attock,125
Honda,CG 125,2024,210000,8000,Karachi,125
Honda,CG 125,2023,185000,8000,Islamabad,125
Honda,CB 125F,2023,315000,8000,Peshawar,125
Honda,CG 125 Special Edition,2022,395000,8000,Faisalabad,125
Yamaha,YBR 125,2024,430000,8000,Karachi,125
Yamaha,YBR 125,2022,359000,8000,Gujrat,125
United,US 125 Euro II,2024,130000,8000,Islamabad,125
Honda,CG 125,2024,240000,8000,Wah cantt,125
Honda,CG 125,2023,140000,8000,Lahore,125
Super,Star,2023,150000,8000,Multan,125
Honda,CG 125,2024,202000,8000,Gujrat,125
Honda,CG 125,2022,173000,8000,Karachi,125
Honda,CG 125,2021,145000,8000,Lahore,125
Honda,CG 125,2016,170000,8000,Lahore,125
Honda,CG 125,2022,170000,8000,Lahore,125
Honda,CG 125S GOLD,2024,260000,8000,Sahiwal,125
Honda,CG 125,2022,158000,8000,Lahore,125
Honda,CG 125,2025,225000,8000,Nankana sahib,125
Honda,CG 125,2017,170000,8000,Rawalpindi,125
Honda,CG 125,2024,198000,8000,Gujranwala,125
Honda,CG 125,2024,210000,8000,Rawalpindi,125
Yamaha,YBR 125,2012,260000,8000,Lahore,125
Yamaha,YBR 125G,2023,390000,8000,Talagang,125
Yamaha,YB 125Z-DX,2023,380000,8000,Islamabad,125
Honda,CG 125,2024,245000,8000,Karachi,125
Yamaha,YBR 125G,2024,385000,8000,Bahawalpur,125
Honda,CG 125,2022,220000,8000,Taxila,125
Honda,CG 125,2006,80000,8000,Faisalabad,125
Honda,CG 125,2023,175000,8000,Gujrat,125
Honda,CG 125,2023,199000,8000,Islamabad,125
United,US 125 Euro II,2022,145000,8000,Rawalpindi,125
Honda,CG 125,2019,145000,8000,Karachi,125
Yamaha,YB 125Z-DX,2024,430000,8000,Arifwala,125
Honda,CG 125 Special Edition,2024,267000,8000,Lahore,125
Honda,CG 125,2024,207000,8000,Multan,125
Honda,CG 125,2021,145000,8000,Karachi,125
Honda,CG 125,2010,85000,8000,Karachi,125
Honda,CG 125 Special Edition,2024,235000,8000,Faisalabad,125
Yamaha,YBR 125,2021,320000,8000,Peshawar,125
Yamaha,YB 125Z-DX,2023,380000,8000,Pir mahal,125
Honda,CG 125,2021,220000,8000,Rawalpindi,125
Yamaha,YBR 125,2018,175000,8000,Rahim Yar Khan,125
Honda,CG 125,2014,120000,8000,Islamabad,125
Honda,CG 125,2024,229000,8000,Haripur,125
Honda,CG 125,2020,160000,8000,Rawalpindi,125
Honda,CG 125,2024,190000,8000,Lahore,125
Honda,CG 125,2023,210000,8000,Okara,125
United,US 125 Euro II,2021,96000,8000,Karachi,125
Honda,CG 125,2019,185000,8000,Rawalpindi,125
Honda,CG 125,2024,185000,8000,Okara,125
Yamaha,YBR 125,2021,380000,8000,Multan,125
Honda,CG 125,2021,195000,8000,Islamabad,125
Honda,CG 125,2024,220000,8000,Lahore,125
Honda,Deluxe,2016,220000,8000,Quetta,125
Honda,CG 125 Deluxe,2018,250000,8000,Layyah,125
Honda,CG 125,2023,195000,8000,Mansehra,125
Honda,CG 125,2021,175000,8000,Islamabad,125
Honda,CB 125F,2022,175000,8000,Lahore,125
Honda,CG 125,2023,185000,8000,Multan,125
Yamaha,YBR 125,2024,395000,8000,Hyderabad,125
Yamaha,YBR 125,2024,415000,8000,Sumandari,125
Honda,CB 125F,2023,330000,8000,Abbottabad,125
Honda,CG 125,2024,215000,8000,Kallar Saddiyian,125
Honda,CG 125,2024,206000,8000,Faisalabad,125
Honda,CG 125,2024,172000,8000,Tando Allah Yar,125
Honda,CG 125,2020,195000,8000,Lahore,125
Honda,CG 125,2020,135000,8000,Islamabad,125
United,US 125 Euro II,2023,155000,8000,Farooqabad,125
Honda,CG 125,2021,140000,8000,Multan,125
Honda,CG 125,2025,225000,8000,Faisalabad,125
Honda,CG 125,2022,195000,8000,Islamabad,125
Honda,CG 125,2024,195000,8000,Multan,125
Honda,CB 125F,2024,342000,8000,Islamabad,125
Yamaha,YBR 125,2024,390000,8000,Islamabad,125
Honda,CG 125 Special Edition,2023,225000,8000,Abbottabad,125
ZXMCO,ZX 125,2023,120000,8000,Abbottabad,125
Honda,CG 125,2020,150000,8000,Chichawatni,125
Honda,CG 125,2022,190000,8000,Islamabad,125
Honda,CG 125,2023,200000,8000,Rawalpindi,125
Honda,CG 125,2022,175000,8000,Karachi,125
Honda,CG 125,2024,215000,8000,Wah cantt,125
Honda,CG 125,2024,228000,8000,Swabi,125
Honda,CG 125,2008,135000,8000,Taxila,125
Honda,CG 125,1988,100000,8000,Karachi,125
Honda,CG 125,2024,210000,8000,Faisalabad,125
Honda,CG 125,2022,180000,8000,Lahore,125
Honda,CG 125,2024,218000,8000,Sadiqabad,125
Yamaha,YBR 125G,2024,410000,8000,Sargodha,125
Yamaha,YB 125Z-DX,2024,365000,8000,Lahore,125
Yamaha,YBR 125G,2025,470000,8002,Islamabad,125
Honda,CG 125,2025,150000,8055,Karachi,125
Honda,CB 125F,2024,370000,8056,Rahim Yar Khan,125
Honda,CG 125,2024,212000,8100,Lahore,125
Honda,CG 125,2024,210000,8100,Gujrat,125
Yamaha,YBR 125,2023,350000,8100,Sargodha,125
Honda,CG 125,2017,170000,8200,Quetta,125
Honda,CG 125,2024,202000,8200,Faisalabad,125
Yamaha,YB 125Z-DX,2022,369000,8200,Mandi bahauddin,125
Honda,CG 125,2022,165000,8200,Karachi,125
Honda,CG 125,2024,211000,8200,Gujranwala,125
Honda,CG 125,2023,245000,8200,Multan,125
Yamaha,YB 125Z-DX,2023,390000,8200,Chakwal,125
Honda,CG 125,2025,202000,8200,Chichawatni,125
Honda,CG 125 Special Edition,2023,225000,8200,Jampur,125
Honda,CB 125F,2023,325000,8232,Sargodha,125
Honda,CG 125,2024,198000,8250,Lahore,125
Honda,CG 125,2022,163000,8273,Karachi,125
Honda,CG 125,2024,220000,8300,Lahore,125
Honda,CG 125,2025,217000,8350,Lahore,125
Honda,CG 125,2024,230000,8350,Lahore,125
Honda,CG 125,2021,145000,8355,Faisalabad,125
Honda,CG 125 Special Edition,2023,260000,8365,Bahawalpur,125
Suzuki,GSX 125,2023,410000,8366,Lahore,125
Yamaha,YBR 125,2016,300000,8400,Lahore,125
Honda,CG 125,2024,204000,8400,Sahiwal,125
Honda,CG 125,2023,210000,8400,Jampur,125
Honda,CG 125,2024,194000,8429,Lahore,125
Honda,CG 125,2024,185000,8446,Karachi,125
Honda,CG 125,2024,200000,8465,Sialkot,125
Honda,CG 125,2023,235000,8500,Islamabad,125
Yamaha,YZ125,2024,420000,8500,Talagang,125
Honda,CG 125,2021,160000,8500,Lahore,125
Honda,CG 125,2024,195000,8500,Lahore,125
Honda,CG 125,2024,225000,8500,Wah cantt,125
Honda,CG 125,2024,200000,8500,Lahore,125
Honda,CG 125,2024,280000,8500,Multan,125
Yamaha,YBR 125G,2024,420000,8500,Karachi,125
United,US 125 Euro II,2024,130000,8500,Karachi,125
Honda,CG 125,2024,220000,8500,Lahore,125
Honda,CG 125,2021,165000,8500,Rawalpindi,125
Honda,CG 125,2022,180000,8500,Mansehra,125
Honda,CG 125,2023,225000,8500,Islamabad,125
Yamaha,YBR 125,2023,399000,8500,Wah cantt,125
Road,Prince 125,2021,72500,8500,Lahore,125
Yamaha,YBR 125,2023,380000,8500,Islamabad,125
Honda,CG 125,2025,210000,8500,Kasur,125
Honda,CG 125,2021,180000,8500,Gujrat,125
Honda,CG 125,2024,210000,8500,Karachi,125
Honda,CG 125,2024,198000,8500,Lahore,125
Honda,CG 125,2023,215000,8500,Karachi,125
Honda,CG 125,2023,190000,8500,Mian Wali,125
Honda,CG 125,2024,220000,8500,Kohat,125
Honda,CG 125,2016,160000,8500,Mardan,125
Honda,CG 125,2024,200000,8500,Multan,125
Honda,CG 125 Special Edition,2024,252000,8500,Khanewal,125
Yamaha,YB 125Z-DX,2022,390000,8500,Swabi,125
Honda,CG 125,2015,125000,8500,Pattoki,125
Yamaha,YBR 125G,2024,250000,8520,Lahore,125
Honda,CG 125,2025,235000,8572,Faisalabad,125
Honda,CG 125,2022,175000,8590,Jhang,125
Honda,CG 125,2023,195000,8600,Lahore,125
Yamaha,YB 125Z-DX,2025,375000,8600,Sialkot,125
Yamaha,YB 125Z,2025,399000,8643,Sargodha,125
Honda,CG 125 Special Edition,2020,190000,8665,Haripur,125
Honda,CG 125,2021,185000,8700,Muzaffar Gargh,125
Road,Prince 125 Twister,2018,70000,8700,Karachi,125
Honda,CG 125,2023,220000,8700,Abbottabad,125
Honda,CG 125,2023,178000,8700,Multan,125
Honda,CG 125,2024,198000,8700,Rawalpindi,125
Honda,CG 125,2023,198000,8700,Lahore,125
Honda,CG 125 Special Edition,2023,245000,8730,Multan,125
Honda,CG 125,2018,140000,8790,Attock,125
Honda,CG 125,2024,260000,8800,Lahore,125
Honda,CG 125,2022,175000,8800,Faisalabad,125
Honda,CG 125,2024,215000,8800,Lahore,125
Honda,CG 125,2013,200000,8827,Lahore,125
Honda,CG 125,2024,210000,8868,Lahore,125
Honda,CG 125,2006,72000,8899,Rawalpindi,125
Yamaha,YBR 125G,2023,409000,8900,Rawalpindi,125
Suzuki,GSX 125,2022,400000,8900,Lahore,125
Honda,CG 125,2023,200000,8900,Gujranwala,125
Yamaha,YBR 125,2021,310000,8903,Faisalabad,125
Honda,CG 125 Special Edition,2023,245000,8950,Karachi,125
Honda,CG 125,2024,240000,8980,Lahore,125
Honda,CG 125S GOLD,2023,275000,8988,Islamabad,125
Honda,CG 125,2022,200000,8995,Lahore,125
Honda,CG 125,2017,180000,9000,Karachi,125
Honda,CG 125,2022,155000,9000,Kasur,125
Yamaha,YBR 125,2024,395000,9000,D.G.Khan,125
Yamaha,YBR 125,2018,325000,9000,Lahore,125
Honda,CG 125,2023,190000,9000,Lahore,125
Honda,CG 125,2023,177000,9000,Lahore,125
Honda,CG 125,2017,135000,9000,Karachi,125
Honda,CG 125,2017,150000,9000,Karachi,125
Honda,CG 125,2022,180000,9000,Islamabad,125
Honda,CG 125,2023,185000,9000,Lahore,125
Honda,CG 125,2025,210000,9000,Faisalabad,125
Yamaha,YBR 125,2016,210000,9000,Sadiqabad,125
Honda,CG 125,2014,95000,9000,Gujranwala,125
Honda,CG 125,2024,210000,9000,Sargodha,125
United,US 125 Euro II,2020,75000,9000,Karachi,125
Honda,CG 125,2023,230000,9000,Rawalpindi,125
Honda,CG 125,2022,220000,9000,Islamabad,125
Honda,CB 125F,2021,285000,9000,Bahawalnagar,125
Honda,CG 125,2024,210000,9000,Karachi,125
Honda,CG 125,2023,195000,9000,Islamabad,125
Honda,CG 125,2023,190000,9000,Multan,125
Yamaha,YBR 125,2024,465000,9000,Islamabad,125
Yamaha,YBR 125,2021,290000,9000,Karachi,125
Suzuki,GS-125,2024,450000,9000,Rawalpindi,125
Honda,CG 125,2023,190000,9000,Faisalabad,125
Honda,CG 125,2022,185000,9000,Gujar Khan,125
Honda,CG 125,2024,240000,9000,Arifwala,125
Honda,CG 125,2024,229000,9000,Karachi,125
Yamaha,YBR 125G,2022,390000,9000,Abbottabad,125
Honda,CG 125,2024,225000,9000,Bahawalpur,125
Honda,CG 125,2023,220000,9000,Islamabad,125
Honda,CG 125,2024,215000,9000,Lahore,125
Honda,CG 125,2024,185000,9000,Tibba sultanpur,125
Honda,CG 125,2022,180000,9000,Gujar Khan,125
Honda,CG 125,2024,225000,9000,Mansehra,125
Honda,CG 125,2024,215000,9000,Daska,125
Honda,CG 125,2023,265000,9000,Rawalpindi,125
Honda,CG 125,2022,170000,9000,Multan,125
Asia,Hero Self Start,2022,230000,9000,Faisalabad,125
Honda,CB 125F,2021,260000,9000,Hazro,125
Honda,CB 125F,2023,320000,9000,Lahore,125
Honda,CB 125F,2022,320000,9000,Lahore,125
Yamaha,YBR 125,2022,410000,9000,Rawalpindi,125
Honda,CG 125,2022,183000,9000,Rawalpindi,125
Yamaha,YBR 125,2021,285000,9000,Hasilpur,125
Honda,CG 125,2019,130000,9000,Karachi,125
Yamaha,YBR 125,2023,335000,9000,Rawalpindi,125
Honda,CG 125,2021,155000,9000,Toba Tek Singh,125
Honda,CG 125,2021,170000,9000,Haripur,125
United,US 125 Euro II,2024,150000,9000,Karachi,125
Yamaha,YBR 125G,2024,395000,9000,Gujar Khan,125
Yamaha,YBR 125G,2024,440000,9000,Rawalpindi,125
Honda,CG 125,2024,208000,9000,Karachi,125
Honda,CG 125,2023,175000,9000,Karachi,125
Honda,CG 125,2024,198000,9000,Faisalabad,125
Honda,CG 125,2001,170000,9000,Islamabad,125
Honda,CG 125,2021,146000,9000,Multan,125
Honda,CG 125,2023,185000,9000,Kunjah,125
Honda,CG 125 Special Edition,2024,280000,9000,Chakwal,125
Honda,CG 125,2016,120000,9000,Rawalpindi,125
Honda,CG 125,2015,125000,9000,Rawalpindi,125
Honda,CB 125F,2022,340000,9000,Islamabad,125
Honda,CG 125,2021,105000,9000,Okara,125
Honda,CG 125 Special Edition,2024,230000,9000,Multan,125
Honda,CG 125,2023,168000,9000,Faisalabad,125
Honda,CG 125,2024,195000,9000,Multan,125
Honda,CG 125,2025,199000,9000,Lahore,125
Honda,CG 125,2022,170000,9000,Lahore,125
Honda,CG 125,2023,182000,9000,Rawalpindi,125
Honda,CG 125,2023,195000,9000,Karachi,125
Honda,CG 125,2020,180000,9000,Karachi,125
Honda,CG 125,2023,202000,9000,Mandi bahauddin,125
Honda,CG 125 Special Edition,2022,215000,9000,Quetta,125
Honda,CG 125,2022,210000,9000,Swabi,125
Honda,CG 125,2023,200000,9000,Rawalpindi,125
Yamaha,YBR 125,2022,385000,9000,Rawalpindi,125
Honda,CG 125,2022,200000,9000,Karachi,125
Honda,CG 125,2023,227000,9000,Jehangira,125
Honda,CG 125,2023,170000,9000,Gujrat,125
Honda,CG 125,2019,115000,9000,Karachi,125
Honda,CG 125,2016,130000,9000,Gujranwala,125
Yamaha,YB 125Z-DX,2023,350000,9000,Multan,125
Honda,CG 125 Special Edition,2024,255000,9000,Lahore,125
Honda,CG 125,2023,195000,9000,Bahawalpur,125
Honda,CG 125,2024,210000,9000,Lahore,125
Honda,CG 125,2020,155000,9000,Karachi,125
Honda,CG 125,2024,197000,9000,Lahore,125
Honda,CG 125,2021,165000,9000,Islamabad,125
Honda,CG 125,2022,183000,9000,Lahore,125
Honda,CG 125,2021,210000,9000,Fateh Jang,125
Honda,CG 125,2022,179000,9000,Lahore,125
Honda,CG 125,2021,150000,9000,Rawalpindi,125
Honda,CG 125,2023,185000,9000,Karachi,125
Honda,CG 125,2020,185000,9000,Karachi,125
Honda,CG 125,2004,170000,9000,Islamabad,125
Yamaha,YBR 125,2020,270000,9000,Quetta,125
Honda,CG 125,2024,215000,9050,Sahiwal,125
Honda,CG 125,2024,204000,9050,Sahiwal,125
Honda,CG 125,2024,220000,9080,Karachi,125
Honda,CG 125 Special Edition,2023,230000,9095,Nawabshah,125
Honda,CG 125,2024,199000,9100,Sialkot,125
Honda,CG 125,2024,208000,9100,Karachi,125
Honda,CG 125,2024,215000,9100,Jhelum,125
Honda,CG 125,2020,143000,9111,Rawalakot,125
Honda,CG 125,2021,161000,9124,Lahore,125
Honda,CG 125,2021,160000,9130,Fateh Jang,125
Honda,CG 125,2023,190000,9138,Multan,125
Honda,CG 125,2024,204000,9144,Sahiwal,125
Suzuki,GSX 125,2023,355000,9200,Rawalpindi,125
Suzuki,GSX 125,2023,350000,9200,Faisalabad,125
Honda,CG 125,2024,189000,9200,Sialkot,125
Honda,CG 125,2020,160000,9213,Karachi,125
Honda,CG 125,2024,210000,9282,Islamabad,125
Yamaha,YBR 125,2024,370000,9300,Sialkot,125
Honda,CG 125,2019,188000,9300,Islamabad,125
Honda,CG 125,2024,210000,9370,Faisalabad,125
Honda,CG 125,2024,225000,9400,Narowal,125
Honda,CG 125,2021,180000,9400,Pir mahal,125
Honda,CG 125,2018,180000,9402,Lahore,125
Honda,CG 125 Special Edition,2023,265000,9410,Faisalabad,125
Honda,CG 125,2023,185000,9446,Burewala,125
Yamaha,YBR 125G,2024,435000,9500,Rawalpindi,125
Honda,CG 125,2024,192000,9500,Kamoke,125
Honda,CG 125,2020,155000,9500,Islamabad,125
Honda,CG 125,2024,225000,9500,Islamabad,125
Yamaha,YBR 125G,2022,350000,9500,Abbottabad,125
Suzuki,GSX 125,2023,355000,9500,Faisalabad,125
Honda,CG 125,2024,194000,9500,Multan,125
Suzuki,GSX 125,2024,450000,9500,Rawalpindi,125
Honda,CG 125 Deluxe,2017,320000,9500,Khanqah dogran,125
Honda,CG 125,2023,200000,9500,Islamabad,125
Honda,CG 125 Special Edition,2023,260000,9500,Rawalpindi,125
Honda,CG 125,2023,178000,9500,Faisalabad,125
Honda,CG 125,2024,185000,9500,Faisalabad,125
Yamaha,YZ125,2019,235000,9500,Rawalpindi,125
Honda,CG 125,2021,210000,9500,Rawalpindi,125
Yamaha,YBR 125,2022,360000,9500,Lahore,125
Honda,CG 125,2023,171000,9500,Multan,125
Honda,CG 125,2024,210000,9500,Lahore,125
Honda,CG 125,2023,190000,9558,Hyderabad,125
Honda,CG 125,2023,215000,9600,Lahore,125
Honda,CG 125,2024,188000,9600,Multan,125
Honda,CG 125,2022,150000,9600,Karachi,125
Honda,CG 125,2023,200000,9600,Kahuta,125
Yamaha,YBR 125,2023,365000,9600,Faisalabad,125
Honda,CG 125,2019,170000,9638,Karachi,125
Honda,CG 125,2013,65000,9653,Karachi,125
Honda,CG 125,2024,250000,9683,Jhang,125
Yamaha,YBR 125,2022,348000,9700,Attock,125
Yamaha,YB 125Z,2025,420000,9700,Kasur,125
Yamaha,YB 125Z-DX,2024,380000,9700,Jhang,125
Yamaha,YBR 125G,2022,330000,9720,Karachi,125
Honda,CG 125,2024,220000,9800,Karachi,125
Honda,CG 125 Special Edition,2023,200000,9800,Taxila,125
Honda,CG 125,2025,220000,9800,Karachi,125
Honda,CG 125,2018,160000,9800,Lahore,125
Yamaha,YBR 125,2022,335000,9800,Chakwal,125
Honda,CG 125,2000,143000,9811,Rawalakot,125
Honda,CB 125F,2022,315000,9816,Lahore,125
Honda,CG 125,2018,85000,9856,Karachi,125
Honda,CG 125,2020,150000,9900,Chakwal,125
Yamaha,YBR 125,2021,299000,9900,Faisalabad,125
Yamaha,YBR 125G,2023,375000,9900,Rawalpindi,125
Honda,CB 125F,2020,285000,9950,Lahore,125
Yamaha,YBR 125,2023,390000,9986,Gujranwala,125
Honda,CG 125,2011,118000,9991,Lahore,125
Honda,CG 125,2024,195000,9998,Multan,125
Honda,CG 125,2002,70000,9999,Karachi,125
Honda,CG 125,2021,160000,9999,Swabi,125
United,US 125 Euro II,2021,93000,9999,Karachi,125
Honda,CG 125,2022,193000,9999,Mirpur A.K.,125
Honda,CG 125,2011,120000,9999,Rawalpindi,125
Honda,CG 125,2010,85000,9999,Faisalabad,125
Honda,CG 125 Deluxe,2006,130000,9999,Abbottabad,125
Honda,CG 125,2023,190000,9999,Hangu,125
United,US 125 Deluxe,2016,170000,9999,Lodhran,125
Honda,CG 125,2017,102000,10000,Faisalabad,125
Yamaha,YBR 125,2021,293000,10000,Lahore,125
Unique,UD 125,2016,72000,10000,Karachi,125
Honda,CG 125,2023,200000,10000,Rawalpindi,125
Yamaha,YBR 125,2017,240000,10000,Rawalpindi,125
Honda,CG 125,2019,149000,10000,Lahore,125
United,US 125 Euro II,2018,100000,10000,Haripur,125
Honda,CG 125,2016,130000,10000,Islamabad,125
Honda,CG 125,2017,130000,10000,Lahore,125
Yamaha,YBR 125,2017,260000,10000,Jhelum,125
Honda,CG 125,2024,200000,10000,Sahiwal,125
Honda,CG 125,2016,145000,10000,Attock,125
Honda,CG 125,2018,135000,10000,Karachi,125
Honda,CG 125,2017,150000,10000,Kahuta,125
Honda,CG 125,2024,255000,10000,Faisalabad,125
Honda,CG 125,2024,200000,10000,Pir mahal,125
Honda,CB 125F,2022,300000,10000,Swat,125
Honda,CG 125 Special Edition,2021,210000,10000,Abbottabad,125
Honda,CG 125,2022,165000,10000,Rawalpindi,125
Yamaha,YBR 125,2016,195000,10000,Quetta,125
Honda,CG 125,2023,198000,10000,Sheikhupura,125
Honda,CG 125,2008,80000,10000,Khushab,125
Kawasaki,GTO 125,1990,260000,10000,Bahawalpur,125
Ravi,Piaggio Storm 125,2013,160000,10000,Swatmingora,125
Honda,CG 125,2018,125000,10000,Gujrat,125
Honda,CG 125,2020,165000,10000,Dera Ghazi Khan,125
United,US 125 Euro II,2022,100000,10000,Islamabad,125
Honda,CG 125,2023,195000,10000,Islamabad,125
Honda,CG 125,2024,190000,10000,Bahawalpur,125
Suzuki,GSX 125,2024,430000,10000,Faisalabad,125
Honda,CG 125,2018,110000,10000,Karachi,125
Honda,CG 125,2023,200000,10000,Murree,125
Honda,CG 125,2021,210000,10000,Sheikhupura,125
Honda,CG 125,2022,165000,10000,Lahore,125
Honda,CG 125,2017,93000,10000,Daska,125
Yamaha,YBR 125G,2018,275000,10000,Lahore,125
Honda,CG 125,2017,150000,10000,Nowshera,125
Honda,CG 125,2023,210000,10000,Rawalpindi,125
Honda,CG 125,2016,95000,10000,Faisalabad,125
Honda,CG 125,2022,165000,10000,Faisalabad,125
Honda,CG 125,2023,178000,10000,Vehari,125
Honda,CG 125,2019,130000,10000,Karachi,125
Honda,CG 125,2022,185000,10000,Attock,125
Honda,CG 125,2016,80000,10000,Narowal,125
Honda,CB 125F,2020,270000,10000,Khyber,125
Honda,CG 125,2023,165000,10000,Lahore,125
Honda,CG 125,2021,140000,10000,Faisalabad,125
Honda,CG 125,2023,195000,10000,Charsadda,125
Honda,CG 125,2024,200000,10000,Lahore,125
Honda,CG 125,2014,84500,10000,Multan,125
Honda,CG 125,2025,228000,10000,Lahore,125
Honda,CG 125,2010,97000,10000,Islamabad,125
Honda,CG 125,2011,130000,10000,Karachi,125
United,US 125 Euro II,2019,65000,10000,Karachi,125
Honda,CG 125,2016,120000,10000,Lahore,125
Honda,CG 125,2012,90000,10000,Lahore,125
Ravi,Piaggio Storm 125,2010,110000,10000,Karachi,125
Honda,CG 125,1996,75000,10000,Sargodha,125
Honda,CG 125,2023,195000,10000,Lahore,125
Honda,CG 125 Deluxe,2007,95000,10000,Karachi,125
Ravi,Piaggio Storm 125,2012,110000,10000,Multan,125
Honda,CG 125,2024,210000,10000,Lahore,125
Honda,CG 125,2017,140000,10000,Islamabad,125
Honda,CG 125,2023,185000,10000,Karachi,125
Honda,CG 125,2018,158000,10000,Islamabad,125
Honda,CG 125,2023,210000,10000,Attock,125
Honda,CG 125,2023,180000,10000,Multan,125
Honda,CG 125,2014,105000,10000,Rawalpindi,125
United,US 125 Euro II,2022,95000,10000,Karachi,125
Honda,CG 125,2022,235000,10000,Karachi,125
Honda,CG 125,2024,210000,10000,Mansehra,125
Honda,CG 125,2014,75000,10000,Karachi,125
Honda,CG 125,2022,190000,10000,Rawalpindi,125
Honda,CG 125,2022,185000,10000,Mansehra,125
Honda,CG 125,2015,85000,10000,Sahiwal,125
Yamaha,YBR 125,2015,178000,10000,Wah cantt,125
Honda,CG 125,2023,88000,10000,Islamabad,125
Honda,CG 125,2011,110000,10000,Lahore,125
Honda,CG 125,2013,120000,10000,Karachi,125
Honda,CG 125,2012,95000,10000,Karachi,125
Honda,CG 125,2023,176000,10000,Swabi,125
Honda,CG 125,2022,175000,10000,Islamabad,125
United,US 125 Euro II,2024,150000,10000,Karachi,125
Honda,CG 125,2021,145000,10000,Sargodha,125
Honda,CG 125,2018,235000,10000,Hazro,125
Unique,UD 125,2018,70000,10000,Karachi,125
Honda,CG 125,2023,192000,10000,Bahawalpur,125
Honda,CG 125,2016,85000,10000,Lahore,125
Honda,CG 125,2024,240000,10000,Rawalpindi,125
United,US 125 Euro II,2022,85000,10000,Karachi,125
Honda,CG 125,2021,190000,10000,Lahore,125
Honda,CG 125,2019,150000,10000,Rawalpindi,125
Honda,CG 125,2022,170000,10000,Peshawar,125
United,US 125 Euro II,2019,85000,10000,Karachi,125
Yamaha,YB 125Z-DX,2023,360000,10000,Pak pattan sharif,125
Honda,CG 125,2016,97500,10000,Lahore,125
United,US 125 Euro II,2020,105000,10000,Karachi,125
Honda,CG 125S GOLD,2024,260000,10000,Sargodha,125
Honda,CG 125,2017,99050,10000,Karachi,125
Honda,CG 125,2019,95000,10000,Hyderabad,125
Honda,CG 125,2024,210000,10000,Sohawa,125
Honda,CG 125 Special Edition,2024,272000,10000,Lahore,125
Honda,CG 125,2024,200000,10000,Sialkot,125
Honda,CG 125,2025,200000,10000,Faisalabad,125
Honda,CG 125,2009,140000,10000,Mardan,125
Honda,CG 125,2013,100000,10000,Multan,125
Honda,CG 125,2013,90000,10000,Faisalabad,125
Honda,CG 125,2022,160000,10000,Multan,125
Honda,CG 125,2024,220000,10000,Rawalpindi,125
Honda,CG 125,2022,175000,10000,Mandi bahauddin,125
Honda,CG 125,1985,120000,10000,Karachi,125
Honda,CG 125,1986,125000,10000,Karachi,125
Honda,CG 125,2022,160000,10000,Islamabad,125
Honda,CG 125,2018,105000,10000,Sargodha,125
Honda,CG 125 Deluxe,2015,145000,10000,Sialkot,125
Yamaha,YBR 125G,2020,310000,10000,Quetta,125
Honda,CG 125,2024,190000,10000,Karachi,125
Honda,CB 125F,2024,360000,10000,Mardan,125
Honda,CG 125,2020,145000,10000,Mirpur A.K.,125
Honda,CG 125,2023,180000,10000,Faisalabad,125
Honda,CG 125,2021,145000,10000,Lahore,125
Honda,CG 125,2016,125000,10000,Peshawar,125
Honda,CG 125,2024,200000,10000,Swabi,125
United,US 125 Euro II,2022,105000,10000,Karachi,125
Honda,CG 125,2024,210000,10000,Sialkot,125
Honda,CG 125 Special Edition,2024,270000,10000,Mirpur khas,125
Honda,CG 125 Deluxe,2016,250000,10000,Swabi,125
Unique,UD 125,2016,78000,10000,Karachi,125
Honda,CG 125 Special Edition,2020,220000,10000,Lahore,125
Honda,CG 125,2023,195000,10000,Sialkot,125
Super,Power SP 125,2015,90000,10000,Karachi,125
Honda,CG 125,2017,135000,10000,Karachi,125
Honda,CG 125,2024,210000,10000,Karachi,125
Honda,CG 125,2021,170000,10000,Karachi,125
Honda,CG 125,2023,175000,10000,Arifwala,125
Honda,CG 125,2022,150000,10000,Faisalabad,125
Honda,CG 125,2013,110000,10000,Lahore,125
United,US 125 Euro II,2019,93000,10000,Karachi,125
United,US 125 Euro II,2021,86000,10000,Karachi,125
Honda,CG 125,2013,135000,10000,Islamabad,125
Honda,CG 125,2024,192000,10000,Dina,125
Honda,CG 125,2017,98000,10000,Sahiwal,125
Honda,CG 125,2014,100000,10000,Karachi,125
Honda,CG 125,2022,150000,10000,Karachi,125
Honda,CG 125,2021,148000,10000,Karachi,125
Honda,CG 125,2011,115000,10000,Karachi,125
Honda,CG 125,2024,205000,10000,Lahore,125
Honda,CG 125 Deluxe,2007,95000,10000,Sukkur,125
Honda,CG 125,2025,150000,10000,Sargodha,125
Honda,CG 125,2017,154000,10000,Rawalpindi,125
Honda,CG 125,2025,195000,10000,Sadiqabad,125
Honda,CG 125,2018,155000,10000,Wah cantt,125
Honda,CG 125,2022,180000,10000,Kohat,125
United,US 125 Euro II,2017,105000,10000,Islamabad,125
Honda,CG 125,2007,115000,10000,Jhelum,125
Honda,CG 125,2013,78000,10000,Bahawalpur,125
Honda,CG 125,2017,92000,10000,Lahore,125
Honda,CB 125F,2021,280000,10000,Rawalpindi,125
Yamaha,YBR 125G,2021,290000,10000,Hyderabad,125
Honda,CG 125,2009,120000,10000,Abbottabad,125
Honda,CG 125,2016,140000,10000,Karachi,125
Road,Prince 125,2022,75000,10000,Pind Dadan Khan,125
Honda,CG 125,2020,140000,10000,Islamabad,125
Honda,CG 125 Special Edition,2020,165000,10000,Lahore,125
Unique,UD 125,2018,80000,10000,Karachi,125
Honda,CG 125,2024,180000,10000,Mirpur khas,125
Honda,CG 125,2015,135000,10000,Dina,125
United,US 125 Euro II,2022,105000,10000,Rawalpindi,125
Honda,CG 125,2021,152000,10000,Hyderabad,125
Honda,CG 125,2022,145000,10000,Sahiwal,125
Yamaha,YBR 125,2022,300000,10000,Faisalabad,125
Yamaha,YBR 125,2023,350000,10000,Sargodha,125
Honda,CG 125 Deluxe,2014,140000,10000,Rawalpindi,125
Honda,CG 125,2017,125000,10000,Lahore,125
Honda,CG 125,1991,180000,10000,Rawalpindi,125
Honda,CG 125 Dream,2010,72000,10000,Karachi,125
Honda,CG 125,2023,230000,10000,Kasur,125
Honda,CG 125,2019,115000,10000,Faisalabad,125
Ravi,Piaggio Storm 125,2017,115000,10000,Islamabad,125
Honda,CG 125,2024,220000,10000,Peshawar,125
Honda,CG 125,2014,110000,10000,Karachi,125
Honda,CG 125,2024,190000,10000,Islamabad,125
Honda,CG 125,2021,130000,10000,Gujranwala,125
Honda,CG 125,2022,168000,10000,Karachi,125
Honda,CG 125,2020,170000,10000,Rawalpindi,125
Honda,CG 125,2021,199000,10000,Rawalpindi,125
Honda,CG 125,2020,105000,10000,Karachi,125
Honda,CG 125,2011,125000,10000,Wah cantt,125
Honda,CG 125,2008,110000,10000,Gujranwala,125
Honda,CG 125,2024,206000,10000,Karachi,125
Yamaha,YBR 125,1995,60000,10000,Karachi,125
Honda,CG 125,2022,190000,10000,Lahore,125
Honda,CG 125,2011,120000,10000,Haripur,125
Honda,CG 125,2014,90000,10000,Rawalpindi,125
Yamaha,YBR 125,2023,370000,10000,Lahore,125
Honda,CG 125,2020,180000,10000,Islamabad,125
Honda,CG 125,2018,140000,10000,Rawalpindi,125
Honda,CG 125,2018,120000,10000,Karachi,125
Honda,CG 125,2021,165000,10000,Rawalpindi,125
Honda,CG 125,2013,120000,10000,Lahore,125
Honda,CG 125,2012,115000,10000,Haripur,125
Yamaha,YBR 125G,2023,420000,10000,Islamabad,125
Yamaha,YBR 125G,2016,220000,10000,Karachi,125
Honda,CG 125,2003,92000,10000,Islamabad,125
Honda,CG 125,2014,110000,10000,Mandi bahauddin,125
Honda,CG 125,2024,200000,10000,Abbottabad,125
Honda,CG 125,2018,105000,10000,Kasur,125
Honda,CG 125,2021,160000,10000,Kharian,125
Honda,CG 125,2017,105000,10000,Sargodha,125
Honda,CG 125,2012,75000,10000,Multan,125
Honda,CG 125 Special Edition,2020,152000,10000,Bahawalnagar,125
Honda,CG 125,2012,145000,10000,Rawalpindi,125
Honda,CG 125,2025,198000,10000,Faisalabad,125
Honda,CG 125,2011,150000,10000,Mansehra,125
Honda,CG 125,2021,130000,10000,Faisalabad,125
Honda,CG 125,2019,135000,10000,Lahore,125
Honda,CG 125,2003,89000,10000,Qila Deedar Singh,125
Honda,CG 125,2024,200000,10000,Daska,125
Honda,CG 125,2022,175000,10000,Rawalpindi,125
Honda,CG 125,2023,150000,10000,Lahore,125
Honda,CG 125,2020,165000,10000,Rawalpindi,125
Honda,CG 125,2025,290000,10000,Gujranwala,125
Honda,CG 125,2011,90000,10000,Attock,125
Honda,CG 125,2013,160000,10000,Multan,125
Honda,CG 125,2022,187000,10000,Gujranwala,125
Honda,CG 125,2013,128000,10000,Karachi,125
Honda,CG 125,2010,80000,10000,Karachi,125
Honda,CG 125,2018,120000,10000,Faisalabad,125
Honda,CG 125,2024,215000,10000,Pasrur,125
Honda,CG 125,2011,120000,10000,Rawalpindi,125
Honda,CG 125,2017,108000,10000,Islamabad,125
Honda,CG 125,2023,165000,10000,Karachi,125
Honda,CG 125,2018,160000,10000,Lahore,125
Honda,CB 125F,2023,325000,10000,Kasur,125
Honda,CG 125,1993,55000,10000,Karachi,125
Honda,CG 125,2023,230000,10000,Karachi,125
Honda,CG 125,2020,140000,10000,Karachi,125
Honda,CG 125,2011,170000,10000,Wah cantt,125
Honda,CG 125,2017,97000,10000,Lahore,125
Suzuki,GSX 125,2023,350000,10000,Okara,125
Honda,CG 125,2018,97000,10000,Lahore,125
Honda,CG 125,2021,160000,10000,Islamabad,125
Honda,CG 125,2016,115000,10000,Islamabad,125
Honda,CG 125,2020,124000,10000,Faisalabad,125
Honda,CG 125,2025,225000,10000,Lahore,125
Honda,CG 125,2012,115000,10000,Faisalabad,125
Honda,CG 125,2012,110000,10000,Faisalabad,125
Yamaha,YB 125Z,2018,180000,10000,Larkana,125
Honda,CG 125,2024,195000,10000,Arifwala,125
Honda,CG 125,2011,130000,10000,Faisalabad,125
Yamaha,YBR 125,2017,185000,10000,Bahawalpur,125
Honda,CG 125,2022,170000,10000,Multan,125
Honda,CG 125,2011,120000,10000,Abbottabad,125
Honda,CG 125,2023,172000,10000,Karachi,125
Yamaha,YB 125Z-DX,2024,425000,10000,Jhelum,125
Unique,UD 125,2019,75000,10000,Karachi,125
Honda,CG 125,2011,130000,10000,Muzaffarabad,125
Honda,CG 125,2018,122000,10000,Karachi,125
Honda,CG 125 Special Edition,2019,162000,10000,Bahawalnagar,125
Yamaha,YBR 125G,2021,280000,10000,Hyderabad,125
Honda,CG 125,2021,175000,10000,Islamabad,125
Honda,CG 125,2019,170000,10000,Islamabad,125
Honda,CG 125,2002,95000,10000,Faisalabad,125
Honda,CG 125,2021,165000,10000,Abbottabad,125
Honda,CG 125,2023,245000,10000,Faisalabad,125
Honda,CG 125,2022,170000,10000,Mandi bahauddin,125
Honda,CG 125,2021,155000,10000,Taxila,125
Suzuki,GS-125,2023,425000,10000,Sargodha,125
Honda,CG 125,2007,100000,10000,Karachi,125
Yamaha,YBR 125G,2021,320000,10000,Rawalpindi,125
Honda,CG 125,2023,180000,10000,Mardan,125
Honda,CG 125,2022,165000,10000,Sargodha,125
Honda,CG 125,2012,150000,10000,Lahore,125
Honda,CG 125,2018,130000,10000,Rawalpindi,125
Honda,CG 125,2008,65000,10000,Karachi,125
Honda,CG 125,2016,52500,10000,Faisalabad,125
Honda,CG 125,2000,65000,10000,Karachi,125
Honda,CB 125F,2025,360000,10000,Charsadda,125
Honda,CG 125,2007,68000,10000,Lahore,125
United,US 125 Euro II,2022,102000,10000,Karachi,125
Honda,CG 125,1997,110000,10000,Charsadda,125
Honda,CG 125 Special Edition,2022,240000,10000,Haripur,125
Honda,CG 125,2022,160000,10000,Sargodha,125
Honda,CG 125,2017,150000,10000,Karachi,125
Honda,CG 125,2015,82000,10000,Karachi,125
Honda,CG 125,2018,114000,10000,Faisalabad,125
Honda,CG 125,2016,140000,10000,Peshawar,125
Honda,CG 125,2022,158000,10000,Rawalpindi,125
Honda,CG 125,2017,110000,10000,Multan,125
Honda,CG 125,2022,230000,10000,Karachi,125
Yamaha,YB 125Z,2019,170000,10000,Multan,125
Honda,CG 125,2021,160000,10000,Lahore,125
United,US 125 Euro II,2022,120000,10000,Karachi,125
Honda,CG 125,2022,160000,10000,Lahore,125
Honda,CG 125,2023,225000,10000,Lahore,125
Honda,CB 125F,2021,320000,10000,Abbottabad,125
Honda,CG 125,2010,77000,10000,Peshawar,125
Unique,UD 125,2012,48000,10000,Faisalabad,125
Honda,CG 125,2024,245000,10000,Lahore,125
Honda,CG 125,2025,210000,10000,Lahore,125
Honda,CG 125,2018,130000,10000,Islamabad,125
Honda,CG 125S GOLD,2025,280000,10000,Hasilpur,125
Honda,CG 125,2022,160000,10000,Faisalabad,125
Yamaha,YBR 125,2023,360000,10000,Islamabad,125
Honda,CG 125,2011,290000,10000,Lahore,125
Honda,CG 125,1982,150000,10000,Karachi,125
Honda,CG 125,2024,250000,10000,Wah cantt,125
Honda,CG 125,2016,150000,10000,Islamabad,125
Honda,CG 125,2023,185000,10000,Sargodha,125
United,US 125 Euro II,2022,110000,10000,Karachi,125
Honda,CG 125,2005,166000,10000,Lahore,125
Honda,CG 125,2018,130000,10000,Lahore,125
Honda,CG 125,2017,115000,10000,Bahawalpur,125
Honda,CG 125,2016,120000,10000,Peshawar,125
United,US 125 Euro II,2019,72000,10000,Karachi,125
Honda,CG 125,2018,135000,10000,Lahore,125
Honda,CG 125,2002,85000,10000,Rawalpindi,125
Super,Power SP 125 Delux,2012,75000,10000,Lahore,125
Honda,CG 125,2013,62000,10000,Pattoki,125
Honda,CG 125,2021,175000,10000,Rawalpindi,125
Honda,CG 125,2016,75000,10000,Chakwal,125
Honda,CG 125,2021,160000,10000,Rawalpindi,125
United,US 125 Euro II,2021,105000,10000,Karachi,125
Honda,CG 125,2018,135000,10000,Mardan,125
Honda,CG 125,2002,75000,10000,Lahore,125
Honda,CG 125,2022,185000,10000,Rawalpindi,125
Honda,CG 125,2018,170000,10000,Kohat,125
Honda,CG 125,2016,125000,10000,Mansehra,125
Honda,CG 125,2020,145000,10000,Rawalpindi,125
Honda,CG 125,2024,225000,10000,Karachi,125
Honda,CG 125,2020,135000,10000,Lahore,125
Honda,CG 125,2023,185000,10000,Abbottabad,125
Honda,CG 125,2007,155000,10000,Islamabad,125
Honda,CG 125,2023,190000,10000,Peshawar,125
Honda,CG 125,2022,175000,10000,Talagang,125
Honda,CG 125,2023,220000,10000,Islamabad,125
Honda,CG 125,2005,35000,10000,Pattoki,125
Honda,CG 125,2023,195000,10000,Rawalpindi,125
Yamaha,YBR 125G,2020,346000,10000,Attock,125
Honda,CG 125 Deluxe,2011,180000,10000,Rawalpindi,125
Honda,CG 125,2020,149000,10000,Rawalpindi,125
Honda,CG 125,2018,150000,10000,Peshawar,125
Yamaha,YBR 125,2025,185000,10000,Dera Ghazi Khan,125
Honda,CG 125,2024,220000,10000,Nowshera,125
Yamaha,YBR 125G,2025,459000,10000,Talagang,125
Honda,CG 125 Special Edition,2021,180000,10000,Khanewal,125
Honda,CG 125 Special Edition,2024,260000,10000,Sukkur,125
Honda,CG 125,2022,185000,10000,Peshawar,125
Honda,CG 125,2018,128000,10000,Lahore,125
Honda,CG 125,2018,89999,10000,Quetta,125
Honda,CG 125,2022,150000,10000,Lahore,125
Honda,CG 125,2011,70000,10000,Karachi,125
Super,Power SP 125 Delux,2019,55000,10000,Karachi,125
Honda,CG 125,2024,195000,10000,Muzaffar Gargh,125
Honda,CG 125,2021,175000,10000,Lahore,125
Honda,CG 125 Deluxe,2021,310000,10000,Faisalabad,125
Honda,CG 125,2004,100000,10000,Karachi,125
Unique,UD 125,2012,62000,10000,Karachi,125
Honda,CG 125,2019,135000,10000,Wah cantt,125
Honda,CG 125,2025,235000,10000,Karachi,125
Honda,CG 125,2022,160000,10000,Karachi,125
Honda,CG 125,2016,95000,10000,Rawalpindi,125
Honda,CG 125,2019,135000,10000,Karachi,125
Honda,CB 125F,2021,275000,10000,Kharian,125
Honda,CB 125F,2021,280000,10000,Kharian,125
Honda,CG 125,2012,82000,10000,Faisalabad,125
Unique,UD 125,2022,103000,10000,Karachi,125
Honda,CG 125,2022,170000,10000,Karachi,125
Honda,CG 125 Deluxe,2019,200000,10000,Multan,125
Honda,CG 125,2019,166000,10000,Kohat,125
Honda,CG 125,2022,195000,10000,Faisalabad,125
Honda,CG 125,2013,90000,10000,Karachi,125
Honda,CG 125,2008,70000,10000,Faisalabad,125
Honda,CG 125,2024,198000,10000,Hyderabad,125
Honda,CG 125,2020,135000,10000,Mansehra,125
Honda,CG 125,2024,218000,10000,Lahore,125
Honda,CG 125,2007,75000,10000,Faisalabad,125
Honda,CG 125,2020,148000,10000,Faisalabad,125
Honda,CG 125,2017,115000,10000,Karachi,125
Honda,CG 125,2019,200000,10000,Multan,125
Honda,CG 125,2021,130000,10000,Bhimber,125
Honda,CG 125,2022,180000,10000,Lahore,125
Honda,CG 125,2010,75000,10000,Lahore,125
Honda,CG 125,2024,200000,10000,Faisalabad,125
Honda,CG 125,2019,125000,10000,Karachi,125
Honda,CG 125,2010,130000,10000,Abbottabad,125
Honda,CG 125,2012,62000,10000,Karachi,125
Honda,CG 125 Dream,2015,90000,10000,Peshawar,125
Honda,CG 125,2010,70000,10000,Sargodha,125
Honda,CG 125,2021,180000,10000,Sihala,125
Honda,CG 125,2014,120000,10000,Rawalpindi,125
Honda,CG 125,2023,185000,10000,Mardan,125
Honda,CG 125,2016,130000,10000,Narowal,125
Honda,CG 125,2017,150000,10000,Lahore,125
Yamaha,YBR 125G,2016,200000,10000,Gujranwala,125
Honda,CG 125,2016,190000,10000,Karachi,125
Honda,CG 125,2017,113000,10000,Lahore,125
Honda,CG 125,2022,200000,10000,Attock,125
Honda,CG 125,1988,70000,10000,Karachi,125
Honda,CG 125,2000,95000,10000,Islamabad,125
Honda,CG 125,2021,150000,10000,Karachi,125
Honda,CG 125,2020,165000,10000,Kharian,125
Honda,CG 125,2019,155000,10000,Rawalpindi,125
Honda,CG 125,2014,71000,10000,Faisalabad,125
Honda,CG 125,2000,140000,10000,Kasur,125
Honda,CG 125,2021,100000,10000,Karachi,125
Honda,CG 125,2020,140000,10000,Lahore,125
Honda,CG 125 Special Edition,2024,240000,10000,Lahore,125
Honda,CG 125,2015,95000,10000,Lahore,125
Honda,CG 125,1991,64500,10000,Karachi,125
Honda,CG 125,2015,70000,10000,Chichawatni,125
Honda,CG 125,2011,290000,10000,Doltala,125
Honda,CG 125,2022,165000,10000,Okara,125
Honda,CG 125,2011,95000,10000,Karachi,125
Yamaha,YB 125Z,2020,230000,10000,Lahore,125
Honda,CG 125,2024,255000,10000,Swat,125
Honda,CG 125,2011,75000,10000,Multan,125
Honda,CG 125,2013,135000,10000,Lahore,125
Suzuki,GSX 125,2024,444000,10000,Faisalabad,125
Honda,CG 125,2024,210000,10000,Faisalabad,125
Honda,CG 125,2022,170000,10000,Gujranwala,125
Honda,CG 125,2006,105000,10000,Gujrat,125
Honda,CG 125 Special Edition,2022,255000,10000,Islamabad,125
Honda,CG 125,2014,135000,10000,Sargodha,125
Honda,CG 125,2022,175000,10000,Karachi,125
Honda,CG 125,2005,148000,10000,Islamabad,125
Honda,CG 125,2017,140000,10000,Lahore,125
Honda,CG 125,2010,120000,10000,Rawalpindi,125
United,US 125 Euro II,2022,130000,10000,Taxila,125
Honda,CG 125,2015,80000,10000,Hafizabad,125
Metro,MR 125,2018,55000,10000,Lahore,125
Honda,CG 125,2019,130000,10000,Lahore,125
Honda,CG 125,2025,235000,10000,Rawalpindi,125
Yamaha,YBR 125,2022,360000,10000,Okara,125
Honda,CG 125,2021,180000,10000,Sialkot,125
Honda,CB 125F,2019,250000,10000,Narowal,125
Honda,CG 125,2020,145000,10000,Sahiwal,125
Honda,CG 125,2010,120000,10000,Lahore,125
Honda,CG 125,2021,145000,10000,Gujranwala,125
Honda,CG 125,2017,140000,10000,Jhelum,125
Honda,CG 125,2022,183000,10000,Attock,125
Honda,CG 125,2008,95000,10000,Peshawar,125
Honda,CG 125,2024,205000,10000,Kharian,125
Honda,CG 125,2018,110000,10000,Faisalabad,125
Honda,CG 125,2013,150000,10000,Rawalpindi,125
Honda,CG 125,2022,190000,10000,Islamabad,125
Honda,CG 125,2019,140000,10000,Sialkot,125
Honda,CG 125,2020,190000,10000,Karachi,125
Yamaha,YBR 125,2020,275000,10000,Sargodha,125
Yamaha,YB 125Z,2024,500000,10000,Islamabad,125
Honda,CG 125,2015,140000,10000,Karachi,125
Honda,CG 125,2019,145000,10000,Rawalpindi,125
Honda,CG 125,2019,125000,10000,Lahore,125
Honda,CG 125,2020,142000,10000,Faisalabad,125
Yamaha,TT-R125E,2020,180000,10000,Haripur,125
Honda,CG 125,2023,250000,10000,Faisalabad,125
Honda,CG 125,2015,170000,10000,Khushab,125
Honda,CG 125,2008,95000,10000,Rawalpindi,125
Honda,CG 125,2024,217000,10000,Multan,125
Honda,CG 125,2018,110000,10000,Khanewal,125
Honda,CG 125,2022,225000,10000,Taxila,125
Honda,CG 125,2013,130000,10000,Lahore,125
Honda,CG 125,2015,85000,10000,Lahore,125
Honda,CG 125,2022,170000,10000,Lahore,125
Honda,CG 125,2015,90000,10000,Dijkot,125
Honda,CG 125 Special Edition,2023,238000,10000,Dina,125
Honda,CG 125,2017,110000,10000,Lahore,125
Honda,CG 125,2012,65000,10000,Karachi,125
Honda,CG 125,2020,200000,10000,Mansehra,125
Honda,CG 125,2022,177000,10000,Lahore,125
Honda,CG 125,2004,110000,10000,Lahore,125
Honda,CG 125,2004,90000,10000,Rawalpindi,125
Honda,CG 125,2010,90000,10000,Gujrat,125
Honda,CB 125F,2022,290000,10000,Multan,125
Honda,CG 125,2014,120000,10000,Islamabad,125
Honda,CG 125,2023,215000,10000,Gujar Khan,125
Honda,CG 125,2021,165000,10000,Taxila,125
Honda,CG 125,2023,185000,10000,Okara,125
Yamaha,YBR 125,2017,250000,10000,Peshawar,125
United,US 125 Euro II,2022,103000,10000,Karachi,125
Yamaha,YBR 125G,2022,350000,10000,Rawalpindi,125
Honda,CG 125,2019,120000,10000,Lahore,125
Honda,CG 125,2008,87000,10000,Peshawar,125
United,US 125 Euro II,2017,70000,10000,Islamabad,125
Honda,CG 125,2017,130000,10000,Swabi,125
Honda,CG 125 Deluxe,2015,145000,10000,Mardan,125
Honda,CG 125,2023,145000,10000,Lahore,125
Honda,CG 125,2022,145000,10000,Karachi,125
Honda,CG 125,2022,178000,10000,Jalalpur Jattan,125
Yamaha,YB 125Z,2020,250000,10000,Multan,125
United,US 125 Euro II,2023,140000,10000,Karachi,125
Yamaha,YZ125,2018,200000,10000,Gujranwala,125
Honda,CG 125,2023,185000,10000,Gujranwala,125
Honda,CG 125,2021,152000,10000,Swabi,125
Honda,CB 125F,2021,285000,10000,Lahore,125
Honda,CG 125,2005,95000,10000,Hyderabad,125
Honda,CG 125,2018,95000,10000,Multan,125
Honda,CG 125,2020,48000,10000,Lahore,125
Honda,CG 125,2023,260000,10000,Burewala,125
Suzuki,GS-125,2006,125000,10000,Karachi,125
Honda,CG 125,2018,100000,10000,Faisalabad,125
Honda,CG 125,2023,194000,10000,Karachi,125
Suzuki,DR-Z125,1900,21000,10000,Karachi,125
Honda,CG 125,2024,195000,10000,Pak pattan sharif,125
Honda,CG 125,2021,165000,10000,Nowshera,125
Honda,CG 125,2020,163000,10000,Karachi,125
Unique,UD 125,2015,65000,10000,Karachi,125
Honda,CG 125,2022,185000,10000,Lahore,125
Honda,CG 125,2020,155000,10000,Lahore,125
Honda,CG 125,2010,130000,10000,Faisalabad,125
Honda,CG 125 Special Edition,2022,210000,10000,Muzaffarabad,125
Honda,CG 125,2007,80000,10000,Karachi,125
Honda,CG 125,2022,165000,10000,Shakargarh,125
Honda,CG 125,2024,220000,10000,Kamalia,125
Honda,CG 125,2016,75000,10000,Sialkot,125
Honda,CG 125,2015,160000,10000,Rawalpindi,125
Honda,CG 125,2017,122000,10000,Kasur,125
Honda,CG 125,2014,125000,10000,Karachi,125
Honda,CG 125,2020,175000,10000,Rawalpindi,125
Honda,CG 125,2021,164000,10000,Wah cantt,125
Honda,CG 125,2009,275000,10000,Lahore,125
Honda,CG 125,2022,180000,10000,Karachi,125
Honda,CG 125,2023,155000,10000,Karachi,125
Honda,CG 125,2013,150000,10000,Peshawar,125
Honda,CG 125,2022,220000,10000,Hyderabad,125
Honda,CG 125,2022,170000,10000,Faisalabad,125
Honda,CG 125,2017,128000,10011,Karachi,125
Honda,CG 125,2021,170000,10072,Rawalpindi,125
Honda,CG 125,2018,235000,10092,Hazro,125
Honda,CG 125,2009,85000,10099,Lahore,125
Honda,CG 125,2024,215000,10100,Wah cantt,125
Honda,CG 125,2022,160000,10110,Karachi,125
Honda,CG 125,2023,172000,10170,Sadiqabad,125
Honda,CG 125,2022,185000,10182,Jauharabad,125
Honda,CG 125,2022,180000,10182,Khushab,125
Honda,CG 125,2024,190000,10200,Sialkot,125
Honda,CG 125,2025,225000,10200,Lahore,125
Honda,CG 125,2021,170000,10200,Lahore,125
Honda,CG 125,2023,167000,10200,Lahore,125
Honda,CG 125S GOLD,2024,280000,10229,Lahore,125
Yamaha,YBR 125G,2024,425000,10259,Karachi,125
Yamaha,YBR 125,2024,410000,10259,Karachi,125
Honda,CG 125,2023,185000,10377,Islamabad,125
Honda,CG 125,2023,185000,10400,Karachi,125
Yamaha,YBR 125,2018,220000,10400,Sialkot,125
Yamaha,YBR 125G,2021,350000,10400,Multan,125
Yamaha,YB 125Z-DX,2025,350000,10400,Sargodha,125
Honda,CG 125,2024,215000,10400,Sialkot,125
Honda,CG 125,2024,200000,10500,Hafizabad,125
Suzuki,GSX 125,2022,365000,10500,Gujrat,125
Yamaha,YBR 125G,2023,340000,10500,Attock,125
Yamaha,YBR 125G,2023,360000,10500,Risalpur,125
Yamaha,YBR 125,2022,335000,10500,Sargodha,125
Honda,CG 125,2024,204000,10500,Lahore,125
Honda,CG 125,2023,205000,10500,Murree,125
Honda,CG 125 Special Edition,2023,235000,10500,Lahore,125
Honda,CG 125,2019,150000,10500,Sargodha,125
Honda,CG 125 Special Edition,2023,245000,10500,Lahore,125
Honda,CG 125,2024,200000,10500,Narowal,125
Honda,CG 125,2022,155000,10507,Burewala,125
Honda,CG 125,2021,160000,10520,Jhang,125
Yamaha,YBR 125,2019,285000,10542,Attock,125
Honda,CG 125,2020,160000,10600,Islamabad,125
Honda,CG 125,2023,190000,10600,Bhalwal,125
Honda,CG 125,2024,210000,10641,Bhai pheru,125
Honda,CG 125,2024,195000,10650,Lahore,125
Honda,CG 125,2023,215000,10698,Jhelum,125
Honda,CG 125,2024,213000,10700,Lahore,125
Honda,CG 125,2024,200000,10727,Qila Deedar Singh,125
Honda,CG 125,2024,205000,10743,Kasur,125
Honda,CG 125,2024,260000,10800,Khanewal,125
Honda,CG 125,2023,198000,10800,Chakwal,125
Yamaha,YBR 125G,2022,330000,10816,Karachi,125
Honda,CG 125,2023,250000,10950,Lahore,125
Honda,CG 125,2009,135000,11000,Rawalpindi,125
Honda,CG 125,2021,148000,11000,Sialkot,125
Honda,CG 125,2015,88000,11000,Sialkot,125
Honda,CG 125,2024,195000,11000,Lahore,125
Honda,CG 125,2024,220000,11000,Abbottabad,125
Honda,CB 125F,2021,295000,11000,Lahore,125
Honda,CG 125,2024,254000,11000,Pasrur,125
Honda,CG 125,2017,128000,11000,Islamabad,125
Honda,CG 125,2023,200000,11000,Karachi,125
Yamaha,YBR 125G,2020,285000,11000,Lahore,125
Yamaha,YBR 125G,2023,430000,11000,Lahore,125
Honda,CG 125 Special Edition,2021,240000,11000,Faisalabad,125
Honda,CG 125S GOLD,2024,290000,11000,Karachi,125
Honda,CG 125,2024,216000,11000,Multan,125
Honda,CG 125,2018,129000,11000,Sahiwal,125
Honda,CG 125,2024,215000,11000,Multan,125
Honda,CG 125,2023,235000,11000,Lahore,125
Yamaha,YBR 125,2024,382000,11000,Burewala,125
Honda,CG 125,2023,205000,11000,Rawalpindi,125
Honda,CG 125,2024,200000,11000,Faisalabad,125
Honda,CG 125,2017,145000,11000,Jhelum,125
Honda,CG 125,2017,125000,11000,Islamabad,125
Honda,CG 125,2023,225000,11000,Hazro,125
Honda,CG 125,2024,210000,11000,Gujar Khan,125
Honda,CG 125,2018,109000,11000,Rawalpindi,125
Honda,CG 125,2022,170000,11000,Sargodha,125
Yamaha,YBR 125,2021,350000,11000,Peshawar,125
Honda,CG 125,2022,175000,11000,Rawalpindi,125
Yamaha,YBR 125,2021,290000,11000,Hazro,125
Honda,CG 125,2022,150000,11000,Sialkot,125
Yamaha,YB 125Z-DX,2024,410000,11000,Faisalabad,125
Honda,CG 125,2024,230000,11000,Rawalpindi,125
Honda,CG 125,2019,138000,11000,Lahore,125
Honda,CG 125,2022,192000,11000,Islamabad,125
Yamaha,YBR 125,2023,390000,11000,Karachi,125
Honda,CG 125,2023,195000,11000,Gujrat,125
Honda,CG 125,2021,145000,11000,Mirpur A.K.,125
Honda,CG 125,2019,140000,11000,Charsadda,125
Honda,CG 125,2021,220000,11000,Talagang,125
Honda,CB 125F,2022,300000,11000,Haripur,125
Honda,CG 125,2022,190000,11000,Karachi,125
Honda,CG 125,2017,130000,11000,Islamabad,125
Honda,CG 125,2024,210000,11000,Lahore,125
Honda,CG 125 Special Edition,2024,285000,11000,Karachi,125
Honda,CG 125,2021,160000,11000,Chakwal,125
Honda,Deluxe,2017,210000,11000,Swabi,125
Yamaha,YBR 125,2022,350000,11000,Faisalabad,125
Honda,CG 125,2024,196000,11000,Multan,125
Honda,CG 125 Special Edition,2022,225000,11000,Rawalpindi,125
Honda,CG 125,2022,168000,11000,Islamabad,125
Yamaha,YBR 125G,2023,380000,11000,Lahore,125
Yamaha,YBR 125G,2021,310000,11000,Sialkot,125
Yamaha,YZ125,2024,350000,11000,Rajanpur,125
Honda,CG 125,2023,265000,11000,Rawalpindi,125
Honda,CG 125,2021,150000,11000,Karachi,125
Honda,CG 125,2022,140000,11000,Bahawalnagar,125
Yamaha,YB 125Z-DX,2022,325000,11000,Quetta,125
Honda,CG 125,2024,185000,11000,Larkana,125
Yamaha,YBR 125G,2023,400000,11000,Peshawar,125
Honda,CG 125 Special Edition,2024,270000,11000,Peshawar,125
Yamaha,YBR 125,2022,336000,11000,Lahore,125
Honda,CG 125,2024,197000,11000,Multan,125
Honda,CG 125,2017,145000,11000,Rawalpindi,125
Honda,CG 125,2024,188000,11000,Lahore,125
Honda,CG 125,2020,170000,11000,Karachi,125
Honda,CG 125,2024,200000,11000,Islamabad,125
Honda,CG 125,2022,185000,11000,Sargodha,125
Honda,CG 125,2023,195000,11000,Multan,125
Honda,CG 125,2022,180000,11000,Gujranwala,125
Honda,CG 125,2024,220000,11000,Islamabad,125
Honda,CG 125,2021,180000,11000,Multan,125
Honda,CG 125,2024,204000,11000,Faisalabad,125
Yamaha,YBR 125,2019,280000,11000,Khanewal,125
Honda,CG 125,2024,205000,11000,Faisalabad,125
Honda,CG 125,2022,218000,11000,Lahore,125
Suzuki,GSX 125,2024,410000,11000,Lahore,125
Honda,CG 125,2024,185000,11000,Karachi,125
Yamaha,YBR 125,2021,295000,11055,Faisalabad,125
Honda,CG 125,2024,214000,11076,Lahore,125
Honda,CG 125,2020,175000,11110,Rawalpindi,125
Honda,CG 125,2015,139000,11111,Multan,125
Honda,CG 125,2022,162000,11111,Mansehra,125
Crown,CR 125 Euro II,2018,85000,11111,Karachi,125
Honda,CG 125,2021,121000,11111,Bahawalpur,125
Yamaha,YBR 125,2018,240000,11111,Lahore,125
Honda,CG 125,2021,155000,11122,Lahore,125
Honda,CG 125,2022,260000,11151,Gujrat,125
Honda,CG 125,2020,225000,11168,Rawalpindi,125
Honda,CG 125,2005,48500,11234,Karachi,125
Honda,CG 125,2023,205000,11250,Islamabad,125
Honda,CG 125,2023,185000,11267,Chowha saidan shah,125
Honda,CG 125,2024,200000,11300,Karachi,125
Honda,CG 125,2023,175000,11300,Sialkot,125
Honda,CG 125,2024,175000,11300,Hyderabad,125
Honda,CG 125 Special Edition,2023,205000,11300,Karachi,125
Honda,CG 125,2020,150000,11342,Lahore,125
Honda,CG 125,2017,135000,11350,Swabi,125
Honda,CG 125,2021,170000,11473,Multan,125
Honda,CG 125,2022,185000,11478,Wah cantt,125
Honda,CG 125,2022,180000,11478,Wah cantt,125
Yamaha,YBR 125G,2022,405000,11500,Lahore,125
Honda,CB 125F,2022,270000,11500,Sheikhupura,125
Honda,CG 125,2023,195000,11500,Chakwal,125
Honda,CG 125,2018,125000,11500,Islamabad,125
Honda,CG 125 Special Edition,2021,189000,11500,Sahiwal,125
Yamaha,YBR 125,2023,370000,11500,Rawalpindi,125
Yamaha,YBR 125,2022,375000,11500,Islamabad,125
Honda,CG 125,2018,119000,11500,Faisalabad,125
Honda,CG 125,2023,214000,11500,Wah cantt,125
Honda,CB 125F,2021,295000,11500,Lahore,125
Honda,CG 125,2022,185000,11525,Phalia,125
Honda,CG 125,2023,201000,11544,Abbottabad,125
Honda,CG 125,2024,195000,11600,Buner,125
Yamaha,YBR 125G,2020,320000,11606,Rawalpindi,125
Honda,CG 125,2018,135000,11609,Kamoke,125
Honda,CG 125,2021,160000,11650,Lahore,125
Honda,CG 125,2024,205000,11699,Toba Tek Singh,125
Honda,CG 125,2023,250000,11700,Gujranwala,125
Honda,CG 125,2020,160000,11700,Gujranwala,125
Honda,CG 125 Special Edition,2020,190000,11738,Karachi,125
Honda,CG 125,2023,200000,11750,Lahore,125
Honda,CG 125,2021,210000,11800,Lahore,125
Honda,CG 125,2023,205000,11800,Sialkot,125
United,US 125 Euro II,2020,86000,11845,Peshawar,125
Honda,CG 125,2024,200000,11885,Faisalabad,125
Yamaha,YBR 125G,2023,375000,11900,Rawalpindi,125
Honda,CG 125,2022,190000,11920,Rawalpindi,125
Honda,CG 125,2023,170000,11999,Lahore,125
Honda,CG 125,2024,219000,11999,Islamabad,125
Yamaha,YBR 125,2018,255000,12000,Karachi,125
Yamaha,YBR 125,2023,400000,12000,Karachi,125
Honda,CG 125,2023,185000,12000,Karachi,125
Yamaha,YB 125Z,2018,215000,12000,Karachi,125
Honda,CG 125,2024,220000,12000,Bahawalpur,125
Honda,CG 125,2020,140000,12000,Gujrat,125
Honda,CG 125,2023,170000,12000,Lahore,125
Honda,CG 125 Special Edition,2022,220000,12000,Sialkot,125
Yamaha,YZ125,2023,330000,12000,Faisalabad,125
Honda,CG 125,2022,200000,12000,Taxila,125
Honda,CG 125,2023,195000,12000,Lahore,125
Honda,CG 125,2022,190000,12000,Lahore,125
Honda,CG 125,2020,157000,12000,Sargodha,125
Honda,CG 125,2023,172000,12000,Karachi,125
Honda,CB 125F,2019,245000,12000,Gujar Khan,125
Honda,CG 125,2018,98000,12000,Hyderabad,125
Suzuki,GS-125,2023,385000,12000,Rahim Yar Khan,125
Honda,CG 125,2022,190000,12000,Islamabad,125
Honda,CG 125 Deluxe,2018,230000,12000,Kashmir,125
Yamaha,YBR 125,2024,396000,12000,Islamabad,125
Honda,CG 125,2024,190000,12000,Gujranwala,125
Yamaha,YBR 125G,2021,365000,12000,Rawalpindi,125
Honda,CG 125,2020,129000,12000,Karachi,125
Honda,CG 125,2021,150000,12000,Muridke,125
Honda,CG 125,2006,160000,12000,Rawalpindi,125
Honda,CG 125,2003,95000,12000,Mandi bahauddin,125
Yamaha,YBR 125,2022,340000,12000,Islamabad,125
Yamaha,YBR 125G,2023,348000,12000,Islamabad,125
Honda,CG 125,2024,199000,12000,Lahore,125
Honda,CG 125,2013,140000,12000,Rawalpindi,125
Honda,CG 125,2020,138000,12000,Karachi,125
Honda,CG 125,2023,200000,12000,Lahore,125
Honda,CG 125,2017,145000,12000,Islamabad,125
Honda,CG 125,2021,165000,12000,Faisalabad,125
Honda,CG 125,2019,150000,12000,Rawalpindi,125
Honda,CG 125,2021,165000,12000,Lahore,125
Yamaha,YBR 125,2021,340000,12000,Islamabad,125
Honda,CG 125,2017,120000,12000,Karachi,125
Honda,CG 125,2023,195000,12000,Chakwal,125
Yamaha,YBR 125,2014,185000,12000,Lahore,125
Honda,CG 125 Special Edition,2023,240000,12000,Haripur,125
Honda,CG 125,2020,165000,12000,Islamabad,125
Honda,CG 125,2023,220000,12000,Sarai alamgir,125
Honda,CG 125,2021,155000,12000,Haripur,125
Yamaha,YBR 125,2023,360000,12000,Bahawalpur,125
United,US 125 Euro II,2024,149000,12000,Islamabad,125
Yamaha,YBR 125G,2022,335000,12000,Rawalpindi,125
Honda,CG 125,2024,193000,12000,Multan,125
Honda,CG 125,2018,135000,12000,Lahore,125
Honda,CG 125,2011,75000,12000,Islamabad,125
Yamaha,YZ125,2001,40000,12000,Rawalpindi,125
Honda,CG 125,2024,220000,12000,Sialkot,125
Honda,CG 125,2022,195000,12000,Islamabad,125
Yamaha,YBR 125,2023,400000,12000,Gujranwala,125
Honda,CG 125 Special Edition,2020,185000,12000,Rawalpindi,125
Honda,CG 125,2019,165000,12000,Rawalpindi,125
Honda,CG 125,2020,175000,12000,Rawalpindi,125
Yamaha,YBR 125G,2022,400000,12000,Peshawar,125
Yamaha,YBR 125G,2022,385000,12000,Islamabad,125
Honda,CG 125,2024,197000,12000,Lahore,125
Honda,CG 125,2021,180000,12000,Rawalpindi,125
Yamaha,YBR 125,2024,420000,12000,Lahore,125
Honda,CG 125,2022,155000,12000,Lahore,125
Honda,CG 125,2021,160000,12000,Sangla Hills,125
Honda,CG 125,2023,190000,12000,Karachi,125
Yamaha,YBR 125G,2022,390000,12000,Islamabad,125
Yamaha,YBR 125G,2022,350000,12000,Islamabad,125
Honda,CG 125,2023,185000,12000,Nowshera,125
Honda,CG 125,2024,212000,12000,Swabi,125
Honda,CG 125,2023,185000,12000,Gujrat,125
Yamaha,YB 125Z,2022,270000,12000,Multan,125
Honda,CG 125,2022,180000,12000,Rawalpindi,125
Honda,CG 125 Special Edition,2023,230000,12000,Lahore,125
Suzuki,GSX 125,2023,400000,12000,Lahore,125
Yamaha,YB 125Z,2023,230000,12000,Karachi,125
Honda,CG 125,2020,150000,12000,Karachi,125
Yamaha,YBR 125G,2024,465000,12000,Lala musa,125
United,US 125 Euro II,2016,62000,12000,Karachi,125
Honda,CG 125 Special Edition,2024,265000,12000,Faisalabad,125
Honda,CB 125F,2022,280000,12000,Sialkot,125
Yamaha,YBR 125G,2023,410000,12000,Islamabad,125
Honda,CG 125,2023,180000,12000,Sialkot,125
Honda,CG 125,2021,125000,12000,Hyderabad,125
Honda,CG 125,2021,150000,12000,Lahore,125
Honda,CG 125,2022,205000,12000,Faisalabad,125
Honda,CG 125,2021,170000,12000,Islamabad,125
Yamaha,YBR 125G,2019,320000,12000,Mardan,125
Honda,CB 125F,2020,240000,12000,Khushab,125
Honda,CG 125,2020,135000,12000,Lahore,125
Honda,CG 125,2019,125000,12000,Lahore,125
Honda,CG 125,2023,200000,12000,Faisalabad,125
Honda,CG 125,2012,85000,12000,Sialkot,125
Suzuki,GSX 125,2022,350000,12000,Lahore,125
Honda,CG 125,2023,190000,12000,Jahaniya,125
Honda,Deluxe,2010,105000,12000,Abbottabad,125
Honda,CG 125,2022,210000,12000,Faisalabad,125
Honda,CG 125,2018,125000,12000,Karachi,125
Honda,CG 125,2023,185000,12000,Rawalpindi,125
Honda,CG 125,2018,135000,12000,Swabi,125
United,US 125 Euro II,2017,150000,12000,Faisalabad,125
Honda,CG 125,1997,90000,12000,Rawalpindi,125
Honda,CG 125S GOLD,2024,270000,12000,Faisalabad,125
Honda,CG 125,2013,95000,12000,Lahore,125
Honda,CG 125,2022,180000,12000,Lahore,125
Honda,CG 125,2011,170000,12000,Karachi,125
Honda,CG 125,2024,200000,12000,Haripur,125
Honda,CG 125,2021,117000,12000,Lahore,125
Honda,CG 125,2010,135000,12000,Bahawalpur,125
Yamaha,YB 125Z,2023,370000,12000,Lahore,125
Honda,CG 125,2020,165000,12000,Karachi,125
Yamaha,YBR 125,2017,235000,12000,Faisalabad,125
Honda,CG 125,2015,78000,12000,Muzaffarabad,125
Honda,CG 125,2018,160000,12000,Karachi,125
Honda,CG 125,2011,115000,12000,Faisalabad,125
Honda,CG 125,2023,189000,12000,Sargodha,125
Honda,CG 125,2023,198000,12000,Faisalabad,125
Yamaha,YBR 125G,2017,235000,12000,Faisalabad,125
Honda,CG 125,2011,78000,12000,Karachi,125
Honda,CG 125,2019,155000,12000,Kotli Loharan,125
Honda,CB 125F,2021,220000,12000,Mardan,125
Honda,CG 125,2022,172000,12000,Burewala,125
Honda,CG 125,2024,225000,12000,Rawalpindi,125
Honda,CG 125,2021,155000,12000,Lahore,125
Honda,CG 125,2024,215000,12000,Jhelum,125
Honda,CG 125,2021,155000,12000,Peshawar,125
Yamaha,YBR 125G,2020,285000,12000,Multan,125
Honda,CG 125,2023,185000,12000,Mandi bahauddin,125
Honda,CG 125,2023,190000,12000,Lahore,125
Honda,CG 125,2020,145000,12000,Peshawar,125
Honda,CG 125,2024,227000,12000,Islamabad,125
Honda,CG 125,2021,138000,12000,Haripur,125
Unique,UD 125,2018,85000,12000,Karachi,125
Honda,CG 125,2024,190000,12000,Sheikhupura,125
Honda,CG 125,2021,120000,12000,Lahore,125
Honda,CG 125,2022,156000,12000,Multan,125
Honda,CB 125F,2024,320000,12008,Gujar Khan,125
Honda,CG 125,2022,185000,12013,Charsadda,125
Honda,CG 125,2023,165000,12085,Jhang,125
Honda,CG 125,2024,250000,12166,Karachi,125
Honda,CG 125,2019,129000,12212,Abbottabad,125
Honda,CG 125,2011,121000,12245,Karachi,125
Honda,CG 125,2022,200000,12250,Rawalpindi,125
Honda,CG 125,2023,200000,12295,Morgah,125
Honda,CG 125,2017,110000,12300,Mian Wali,125
Honda,CG 125,2006,140000,12300,Lahore,125
Honda,CG 125,2023,235000,12300,Islamabad,125
Yamaha,YBR 125,2023,395000,12300,Islamabad,125
Honda,CG 125,2013,75000,12323,Lahore,125
Honda,CG 125,2020,175000,12327,Lahore,125
Honda,CG 125,2019,145000,12344,Vehari,125
Honda,CG 125,2021,160000,12345,Rawalpindi,125
Honda,CG 125,2021,155000,12345,Lahore,125
Honda,CG 125,2015,90000,12345,Karachi,125
Honda,CG 125,2024,190000,12345,Lahore,125
Honda,CG 125,2017,130000,12345,Karachi,125
Honda,CG 125,2022,170000,12345,Karachi,125
Honda,CG 125,2020,145000,12345,Karachi,125
Honda,CG 125 Special Edition,2021,185000,12345,Hasilpur,125
Honda,CG 125,2024,200000,12345,Lahore,125
Honda,CG 125,2025,200000,12345,Karachi,125
Honda,CG 125,2025,280000,12345,Attock,125
Honda,CG 125,2023,210000,12345,Islamabad,125
Honda,CG 125,2024,230000,12345,Islamabad,125
Honda,CG 125,2022,175000,12345,Faisalabad,125
Honda,CG 125,2024,210000,12345,Rawalpindi,125
Honda,CG 125,2024,200000,12345,Sargodha,125
Honda,CG 125,2021,150000,12345,Lahore,125
Honda,CG 125,2022,165000,12345,Lahore,125
Honda,CG 125 Special Edition,2021,165000,12345,Karachi,125
Yamaha,YB 125Z,2018,198000,12345,Jhelum,125
Honda,CG 125,2021,125000,12345,Karachi,125
Honda,CG 125,2024,220000,12345,Multan,125
Honda,CG 125,2023,190000,12345,Rawalpindi,125
Honda,CG 125,2024,197000,12345,Lahore,125
Honda,CG 125,2023,200000,12345,Faisalabad,125
Honda,CG 125,2018,116000,12345,Sialkot,125
Yamaha,YBR 125G,2016,220000,12345,Peshawar,125
Honda,CG 125,2023,210000,12345,Attock,125
DYL,YD-125,2018,175000,12345,D.G.Khan,125
Honda,CG 125 Special Edition,2021,205000,12345,Abbottabad,125
Honda,CG 125,2019,150000,12345,Faisalabad,125
Honda,CG 125,2012,130000,12345,Kasur,125
Honda,CG 125,2005,46500,12345,Rawalpindi,125
Honda,CG 125,2024,210000,12345,Kharian,125
Honda,CG 125,2022,160000,12345,Lahore,125
Honda,CG 125,2024,208000,12345,Swabi,125
Honda,CG 125,2020,160000,12345,Karachi,125
Honda,CG 125,2022,140000,12345,Lahore,125
Honda,CG 125,2020,165000,12345,Abbottabad,125
Honda,CG 125 Special Edition,2025,285000,12345,Gujranwala,125
Honda,CG 125,2022,165000,12345,Faisalabad,125
Honda,CG 125,2022,160000,12345,Rawalpindi,125
Super,Star,2022,130000,12345,Karachi,125
Honda,CG 125,2019,78000,12345,Karachi,125
Honda,CG 125,2024,215000,12345,Karachi,125
Honda,CG 125,2019,125000,12345,Bahawalpur,125
Honda,CG 125,2025,220000,12345,Bhakkar,125
Honda,CG 125,2020,135000,12345,Mian Channu,125
United,US 125 Euro II,2021,98000,12345,Karachi,125
Yamaha,YB 125Z,2018,200000,12345,Rawalpindi,125
Honda,CG 125 Special Edition,2021,165000,12345,Sahiwal,125
Honda,CG 125,2019,140000,12345,Lahore,125
Honda,CG 125,2018,150000,12345,Attock,125
Honda,CG 125,2018,130000,12345,Karachi,125
Honda,CG 125,2022,150000,12345,Kamalia,125
Honda,CG 125,2023,180000,12345,Faisalabad,125
Honda,CG 125,2021,144000,12345,Lahore,125
Honda,CG 125,2020,192000,12345,Faisalabad,125
Honda,CG 125,2020,118000,12345,Karachi,125
Honda,CG 125,2018,125000,12345,Lahore,125
Honda,CG 125,2019,145000,12351,Karachi,125
Honda,CG 125,2022,160000,12354,Mardan,125
Honda,CG 125,2023,180000,12354,Karachi,125
Honda,CG 125 Special Edition,2020,195000,12400,Shahdara,125
Honda,CG 125,2024,222000,12422,Karachi,125
Honda,CG 125,2006,130000,12437,Lahore,125
Ravi,Piaggio Storm 125,2010,85000,12460,Bahawalpur,125
Yamaha,YB 125Z,2018,175000,12485,Bahawalpur,125
Honda,CG 125,2013,78000,12500,Bahawalpur,125
Honda,CG 125,2022,160000,12500,Okara,125
Honda,CG 125,2017,120000,12500,Karachi,125
Honda,CB 125F,2022,315000,12500,Lahore,125
Honda,CG 125,1990,135000,12500,Karachi,125
Honda,CG 125,2016,90000,12500,Karachi,125
Honda,CG 125,2024,200000,12500,Faisalabad,125
Honda,CG 125,2022,166000,12500,Lahore,125
Honda,CG 125,2009,145000,12500,Gujrat,125
Honda,CG 125,2024,180000,12500,Karachi,125
Honda,CG 125 Special Edition,2021,175000,12500,Jhelum,125
Honda,CG 125,2022,172000,12500,Chakwal,125
Honda,CG 125,2022,170000,12500,Lahore,125
Honda,CG 125,2018,125000,12500,Rawalpindi,125
Honda,CG 125,2024,175000,12500,Karachi,125
Honda,CG 125,2023,200000,12500,Islamabad,125
Honda,CG 125,2011,75000,12500,Karachi,125
Honda,CG 125,2024,220000,12500,Gujranwala,125
Honda,CG 125,2019,118000,12500,Sargodha,125
Honda,CG 125,2023,165000,12500,Lahore,125
Honda,CG 125,2021,170000,12500,Karachi,125
Yamaha,YBR 125G,2022,370000,12500,Mardan,125
Yamaha,YBR 125G,2016,229000,12500,Lahore,125
Pak,Hero PK125,2010,75000,12543,Karachi,125
Honda,CG 125,2023,250000,12546,Okara,125
Unique,UD 125,2018,68000,12589,Karachi,125
Honda,CG 125,2023,210000,12600,Jhelum,125
Honda,CG 125,2024,275000,12600,Wah cantt,125
Honda,CG 125,2021,125000,12600,Karachi,125
Yamaha,YBR 125,2022,290000,12700,Dinga,125
Honda,CG 125,2020,167000,12793,Rawalpindi,125
Honda,CG 125,2022,168000,12900,Multan,125
Honda,CG 125,2024,180000,12900,Lahore,125
Honda,CG 125,2022,165000,12930,Khurrianwala,125
Honda,CG 125,2022,182000,12989,Lahore,125
Honda,CG 125,2024,195000,12990,Karachi,125
Honda,CG 125,2023,235000,12999,Lahore,125
Honda,CG 125,2021,190000,13000,Bhakkar,125
Yamaha,YBR 125G,2023,377000,13000,Rawalpindi,125
Honda,CG 125,2022,180000,13000,Rawalpindi,125
Yamaha,YBR 125G,2023,410000,13000,Karachi,125
Honda,CG 125,2024,210000,13000,Mandi bahauddin,125
Honda,CG 125,2025,130000,13000,Pir mahal,125
Honda,CG 125,2023,180000,13000,Rawalpindi,125
Honda,CG 125,2024,205000,13000,Swabi,125
Honda,CG 125 Special Edition,2023,220000,13000,Islamabad,125
Honda,CG 125,2022,195000,13000,Lala musa,125
Honda,CG 125,2024,215000,13000,Rawalpindi,125
Honda,CG 125,2023,170000,13000,Gojra,125
Yamaha,YBR 125,2024,385000,13000,Lahore,125
Honda,CG 125,2024,204000,13000,Swabi,125
Yamaha,YBR 125,2018,250000,13000,Hyderabad,125
Suzuki,GSX 125,2023,398000,13000,Sialkot,125
Honda,CG 125,2019,155000,13000,Chakwal,125
Honda,CG 125,2021,170000,13000,Jhelum,125
Yamaha,YB 125Z-DX,2021,270000,13000,Burewala,125
Honda,CG 125,2024,195000,13000,Lahore,125
Honda,CG 125,2024,250000,13000,Rawalpindi,125
Honda,CG 125,2019,114000,13000,Karachi,125
Honda,CG 125,2023,180000,13000,Burewala,125
Yamaha,YBR 125,2019,245000,13000,Karachi,125
Honda,CG 125,2022,170000,13000,Pir mahal,125
Honda,CG 125,2023,200000,13000,Taxila,125
Honda,CG 125,2023,206000,13000,Hassan abdal,125
Honda,CG 125,2022,170000,13000,Gujrat,125
Yamaha,YBR 125G,2021,340000,13000,Rawalpindi,125
Honda,CG 125,2022,175000,13000,Islamabad,125
Yamaha,YB 125Z,2023,350000,13000,Bhimber,125
Suzuki,GSX 125,2024,420000,13000,Islamabad,125
Honda,CG 125,2024,190000,13000,Gujranwala,125
Honda,CG 125,2020,205000,13000,Rawalpindi,125
Yamaha,YBR 125,2023,380000,13000,Islamabad,125
Yamaha,YBR 125G,2024,420000,13000,Burewala,125
Honda,CG 125,2022,195000,13000,Lahore,125
Honda,CG 125,2018,145000,13000,Dinga,125
Honda,CG 125,2024,215000,13000,Islamabad,125
Honda,CG 125,2023,200000,13000,Lahore,125
Honda,CG 125,2022,166000,13000,Lahore,125
Honda,CG 125,2023,190000,13000,Karachi,125
Honda,CB 125F,2024,365000,13000,Islamabad,125
Honda,CG 125,2023,210000,13000,Rawalpindi,125
Honda,CG 125 Special Edition,2024,270000,13000,Pir mahal,125
Honda,CG 125S GOLD,2024,270000,13000,Karachi,125
Honda,CG 125,2023,205000,13000,Jhelum,125
Honda,CG 125,2018,120000,13000,Abbottabad,125
Honda,CG 125,2021,178000,13000,Islamabad,125
Yamaha,YB 125Z-DX,2022,335000,13000,Karachi,125
Honda,CG 125,2021,168000,13000,Rawat,125
Honda,CG 125,2015,150000,13000,Rawalakot,125
Honda,CG 125 Special Edition,2023,255000,13000,Islamabad,125
Honda,CG 125,2023,167000,13000,Sahiwal,125
Suzuki,GS-125,2023,365000,13000,Lahore,125
United,US 125 Euro II,2022,90000,13000,Karachi,125
Yamaha,YBR 125,2024,420000,13000,Gujranwala,125
Honda,CG 125,2020,130000,13000,Karachi,125
Yamaha,YBR 125G,2022,400000,13000,Gujranwala,125
Honda,CG 125,2023,239000,13000,Faisalabad,125
Honda,CG 125,2022,205000,13000,Lahore,125
Honda,CG 125,2022,204000,13000,Lahore,125
Honda,CG 125,2022,185000,13000,Abbottabad,125
Honda,CG 125,2024,195000,13000,Gujrat,125
Honda,CG 125,2018,145000,13000,Karachi,125
Yamaha,YBR 125,2022,285000,13000,Dera Ghazi Khan,125
Honda,CG 125,2022,175000,13000,Karachi,125
Honda,CG 125,2024,212000,13000,Bhalwal,125
Honda,CG 125,2024,215000,13000,Sargodha,125
Honda,CG 125,2022,170000,13000,Islamabad,125
Honda,CG 125,2023,250000,13000,Islamabad,125
Honda,CG 125,2023,190000,13000,Fateh Jang,125
Yamaha,YBR 125G,2019,290000,13000,Islamabad,125
Honda,CG 125,2024,170000,13000,Karachi,125
Honda,CG 125,2023,199000,13000,Mardan,125
Yamaha,YB 125Z-DX,2023,375000,13008,Islamabad,125
Honda,CG 125,2022,155000,13030,Pak pattan sharif,125
Honda,CG 125,2023,170000,13111,Burewala,125
Honda,CG 125,2021,130000,13125,Karachi,125
Honda,CG 125,2023,234000,13133,Khurrianwala,125
Honda,CG 125 Special Edition,2022,250000,13150,Lahore,125
Honda,CG 125,2023,170000,13200,Lahore,125
Honda,CG 125,2022,195000,13250,Faisalabad,125
Honda,CG 125,2021,155000,13316,Taxila,125
Honda,CG 125,2020,170000,13450,Rawalpindi,125
Honda,CG 125,2021,158000,13500,Karachi,125
Honda,CG 125,2023,190000,13500,Rawalpindi,125
Yamaha,YBR 125,2022,330000,13500,Gujrat,125
Yamaha,YBR 125G,2023,380000,13500,Rawalpindi,125
Yamaha,YBR 125G,2021,350000,13500,Quetta,125
Honda,CG 125,2024,245000,13500,Lahore,125
Honda,CG 125,2019,160000,13500,Gujranwala,125
Honda,CG 125,2021,205000,13500,Faisalabad,125
Yamaha,YBR 125,2024,415000,13500,Gujranwala,125
Honda,CG 125,2022,168000,13500,Faisalabad,125
Yamaha,YBR 125,2023,340000,13500,Multan,125
Yamaha,YBR 125,2021,320000,13500,Gujranwala,125
Honda,CG 125,2014,80000,13500,Karachi,125
Honda,CG 125,2023,215000,13565,Rahim Yar Khan,125
Honda,CG 125,2022,189000,13585,Lahore,125
Honda,CG 125,2024,270000,13600,Lahore,125
Honda,CG 125,2023,175000,13600,Jhang,125
Yamaha,YB 125Z,2023,330000,13600,Sialkot,125
Yamaha,YBR 125G,2022,360000,13605,Islamabad,125
Honda,CG 125 Special Edition,2023,260000,13609,Rawalpindi,125
Yamaha,YBR 125,2021,300000,13671,Dadyal Ak,125
Honda,CG 125,2020,170000,13683,Attock,125
Honda,CG 125,2022,166000,13800,Karachi,125
Honda,CG 125,2022,155000,13800,Faisalabad,125
Honda,CG 125,2023,190000,13887,Lahore,125
Honda,CG 125,2024,280000,13891,Hyderabad,125
Honda,CG 125,2023,190000,13963,Lahore,125
Yamaha,YBR 125G,2022,360000,13992,Lahore,125
Honda,CG 125,2024,190000,14000,Bahawalpur,125
Honda,CG 125,2021,210000,14000,Gujar Khan,125
Honda,CG 125,2024,270000,14000,Sheikhupura,125
Honda,CG 125,2024,205000,14000,Lahore,125
Yamaha,YBR 125,2020,275000,14000,Haripur,125
Yamaha,YBR 125,2024,380000,14000,Dina,125
Yamaha,YBR 125G,2021,290000,14000,Gujrat,125
Honda,CG 125,2017,145000,14000,Rawalpindi,125
Yamaha,YBR 125,2022,355000,14000,Lahore,125
Honda,CG 125,2022,170000,14000,Karachi,125
Honda,CG 125,2023,172000,14000,Okara,125
Honda,CG 125,2020,175000,14000,Rawalpindi,125
Honda,CG 125,2023,172000,14000,Sahiwal,125
Honda,CG 125,2024,220000,14000,Lahore,125
Yamaha,YBR 125G,2024,405000,14000,Islamabad,125
Honda,CG 125,2024,190000,14000,Lahore,125
Honda,CG 125,2020,160000,14000,Rawalpindi,125
Honda,CG 125,2024,187000,14000,Okara,125
Honda,CG 125,2024,204000,14000,Faisalabad,125
Honda,CG 125,2022,160000,14000,Lahore,125
Honda,CG 125,2023,180000,14000,Multan,125
Honda,CG 125,2024,210000,14000,Faisalabad,125
Honda,CG 125,2023,189000,14000,Islamabad,125
Honda,CG 125,2023,175000,14000,Lahore,125
Honda,CG 125,2022,180000,14000,Islamabad,125
Honda,CG 125,2016,145000,14000,Wah cantt,125
Honda,CG 125,2022,170000,14000,Islamabad,125
Yamaha,YBR 125,2021,300000,14000,Karachi,125
Honda,CG 125,2014,150000,14000,Rawalpindi,125
Honda,CG 125,2022,165000,14000,Multan,125
Honda,CG 125,2024,210000,14000,Multan,125
Honda,CG 125,2022,198000,14000,Islamabad,125
Honda,CG 125,2023,230000,14000,Lahore,125
Yamaha,YBR 125,2024,395000,14000,Islamabad,125
Honda,CG 125,2017,120000,14000,Hyderabad,125
Honda,CG 125,2024,225000,14000,Islamabad,125
Honda,CG 125,2022,149000,14000,Okara,125
Honda,CG 125,2018,129000,14000,Rawalpindi,125
Honda,CG 125,2023,210000,14000,Karachi,125
Honda,CG 125,2022,165000,14000,Faisalabad,125
Honda,CG 125,2024,204000,14000,Sialkot,125
Honda,CG 125,2023,180000,14000,Lahore,125
Honda,CG 125 Special Edition,2023,210000,14000,Jaranwala,125
Honda,CG 125,2023,182000,14000,Depal pur,125
Honda,CG 125,2021,330000,14000,Kotli Ak,125
Honda,CG 125,2022,185000,14000,Lahore,125
Yamaha,YBR 125,2022,340000,14000,Lahore,125
Honda,CG 125,2021,160000,14000,Karachi,125
Honda,CB 125F,2019,265000,14000,Gujrat,125
Honda,CG 125 Special Edition,2021,200000,14000,Islamabad,125
Honda,CG 125,2023,230000,14000,Chakwal,125
Honda,CG 125 Special Edition,2022,195000,14000,Okara,125
Honda,CG 125,2023,190000,14000,Rawalpindi,125
Yamaha,YB 125Z-DX,2022,320000,14000,Lahore,125
Honda,CG 125,2021,175000,14000,Lahore,125
Honda,CG 125,2024,200000,14000,Lahore,125
Suzuki,GSX 125,2024,425000,14000,Lahore,125
Honda,CG 125,2018,130000,14000,Islamabad,125
Yamaha,YBR 125G,2020,330000,14000,Karachi,125
Yamaha,YBR 125G,2021,310000,14000,Lahore,125
Honda,CG 125,2021,145000,14000,Lahore,125
Honda,CG 125,2021,178000,14000,Lahore,125
Honda,CG 125,2024,210000,14000,Bahawalpur,125
Honda,CG 125,2022,179000,14000,Hyderabad,125
Honda,CG 125,2023,210000,14000,Lahore,125
Yamaha,YBR 125G,2019,240000,14000,Faisalabad,125
Honda,CG 125,2022,165000,14000,Karachi,125
Yamaha,YBR 125,2019,255000,14000,Jaranwala,125
Yamaha,YBR 125G,2023,380000,14000,Faisalabad,125
Honda,CG 125,2017,70000,14000,Islamabad,125
Honda,CG 125,2021,165000,14148,Faisalabad,125
Honda,CG 125,2023,204000,14175,Multan,125
Honda,CG 125,2024,210000,14200,Faisalabad,125
Yamaha,YBR 125G,2022,325000,14200,Lahore,125
Honda,CG 125,2022,172000,14294,Lahore,125
Honda,CG 125,2021,142000,14300,Hyderabad,125
Honda,CG 125,2022,235000,14300,Faisalabad,125
Honda,CG 125,2022,180000,14352,Lahore,125
Honda,CB 125F,2024,345000,14400,Abbottabad,125
Honda,CG 125,2022,190000,14400,Jhelum,125
Honda,CG 125,2022,162000,14400,Lahore,125
Honda,CG 125,2023,180000,14400,Lahore,125
Honda,CG 125 Special Edition,2021,210000,14500,Islamabad,125
Honda,CG 125,2023,190000,14500,Islamabad,125
Honda,CG 125,2022,142000,14500,Burewala,125
Honda,CG 125,2023,172000,14500,Bahawalpur,125
Honda,CB 125F,2021,385000,14500,Karachi,125
Yamaha,YB 125Z,2020,210000,14500,Lahore,125
Honda,CG 125,2022,200000,14500,Islamabad,125
Yamaha,YBR 125,2018,245000,14500,Islamabad,125
Suzuki,GSX 125,2023,405000,14500,Lahore,125
Honda,CG 125,2022,190000,14500,Gujrat,125
Honda,CG 125,2022,165000,14528,Okara,125
Honda,CG 125,2019,120000,14530,Lahore,125
Honda,CG 125,2023,185000,14532,Lahore,125
Honda,CG 125,2023,165000,14532,Lahore,125
Yamaha,YBR 125G,2022,370000,14556,Islamabad,125
Honda,CG 125,2023,182000,14700,Okara,125
Honda,CG 125,2023,180000,14700,Vehari,125
Honda,CG 125,2024,205000,14731,Sialkot,125
Honda,CG 125,2023,185000,14783,Lahore,125
Honda,CG 125,2024,195000,14800,Burewala,125
Honda,CG 125 Special Edition,2021,205000,14800,Faisalabad,125
Honda,CG 125,2021,210000,14800,Sumandari,125
Yamaha,YBR 125,2021,350000,14860,Gujar Khan,125
Honda,CG 125,2018,135000,15000,Gujar Khan,125
Honda,CG 125,2018,110000,15000,Karachi,125
Honda,CG 125,2021,165000,15000,Karachi,125
Honda,CG 125,2023,210000,15000,Rawalpindi,125
Yamaha,YBR 125G,2023,390000,15000,Lahore,125
Honda,CG 125,2015,95000,15000,Sargodha,125
Honda,CG 125,2020,135000,15000,Karachi,125
Honda,CG 125,2018,125000,15000,Karachi,125
Honda,CG 125,2021,156000,15000,Karachi,125
Honda,CG 125,2018,115000,15000,Arifwala,125
Honda,CG 125,2017,145000,15000,Lahore,125
Honda,CG 125,2022,180000,15000,Lahore,125
Honda,CG 125,2019,135000,15000,Khanewal,125
Honda,CB 125F,2023,325000,15000,Lahore,125
Honda,CG 125,2016,110000,15000,Lahore,125
Honda,CG 125,2022,190000,15000,Islamabad,125
United,US 125 Euro II,2021,82000,15000,Karachi,125
Honda,CG 125,2023,2005000,15000,Rawalpindi,125
Suzuki,GSX 125,2022,400000,15000,Islamabad,125
Suzuki,GSX 125,2023,360000,15000,Faisalabad,125
Honda,CG 125,2015,122000,15000,Lahore,125
Honda,Deluxe,2007,95000,15000,Karachi,125
Honda,CG 125,2023,190000,15000,Lahore,125
Honda,CG 125,2019,125000,15000,Karachi,125
Unique,UD 125,2021,120000,15000,Karachi,125
Honda,CG 125,2024,210000,15000,Chakwal,125
Honda,CG 125,2015,125000,15000,Swabi,125
Yamaha,YBR 125,2022,320000,15000,Karachi,125
Honda,CG 125,2024,220000,15000,Toba Tek Singh,125
Honda,CG 125,2023,185000,15000,Multan,125
Honda,CG 125,2022,158000,15000,Lahore,125
Honda,CG 125 Deluxe,2010,85000,15000,Sheikhupura,125
Honda,CG 125,2022,170000,15000,Faisalabad,125
Honda,CG 125,2021,158000,15000,Rawalpindi,125
Honda,CG 125,2022,165000,15000,Lahore,125
Yamaha,YBR 125,2021,315000,15000,Rawalpindi,125
Yamaha,YBR 125,2021,227000,15000,Bahawalpur,125
Honda,CG 125,2024,205000,15000,Multan,125
Honda,CG 125,2022,175000,15000,Faisalabad,125
Honda,CG 125,2021,165000,15000,Lahore,125
Honda,CG 125,2024,205000,15000,Vehari,125
Yamaha,YBR 125G,2018,235000,15000,Lahore,125
Honda,CG 125,2023,180000,15000,Islamabad,125
Yamaha,YBR 125G,2021,230000,15000,Rawalpindi,125
Honda,CG 125,2024,195000,15000,Taxila,125
Honda,CG 125,2013,120000,15000,Rawalpindi,125
Honda,CG 125,2022,145000,15000,Sialkot,125
Honda,CG 125,2021,175000,15000,Chiniot,125
Yamaha,YBR 125,2023,340000,15000,Sialkot,125
Honda,CG 125,2023,200000,15000,Attock,125
United,US 125 Euro II,2021,90000,15000,Karachi,125
Honda,CG 125,1990,80000,15000,Karachi,125
Honda,CG 125,2023,167000,15000,Faisalabad,125
Honda,CG 125,2021,190000,15000,Rawalpindi,125
Honda,CG 125,2014,105000,15000,Haripur,125
Honda,CG 125,2023,200000,15000,Sheikhupura,125
Honda,CG 125,2012,155000,15000,Attock,125
Honda,CG 125,2017,114000,15000,Karachi,125
Honda,CG 125,2023,185000,15000,Gujrat,125
Honda,CG 125,2014,165000,15000,Lahore,125
Yamaha,YBR 125,2021,287000,15000,Sialkot,125
Yamaha,YBR 125,2024,410000,15000,Faisalabad,125
Honda,CG 125,2020,172000,15000,Rawalpindi,125
Honda,CG 125,2023,165000,15000,Chakwal,125
Honda,CG 125,2015,125000,15000,Lahore,125
Honda,CG 125,2023,210000,15000,Hafizabad,125
Honda,CG 125,2020,130000,15000,Lahore,125
Yamaha,YBR 125,2022,320000,15000,Attock,125
Honda,CG 125,2023,165000,15000,Sialkot,125
Honda,CG 125,2015,85000,15000,Jhelum,125
Honda,CG 125,2022,170000,15000,Rawalpindi,125
Honda,CG 125,2023,184000,15000,Gujranwala,125
Honda,CG 125,2024,196000,15000,Karachi,125
Honda,CG 125,2018,120000,15000,Faisalabad,125
Yamaha,YBR 125,2023,340000,15000,Mirpur A.K.,125
Yamaha,YBR 125G,2019,299000,15000,Islamabad,125
Honda,CB 125F,2021,270000,15000,Karachi,125
Honda,CG 125,2018,125000,15000,Mansehra,125
Honda,CG 125,2021,147000,15000,Faisalabad,125
Honda,CG 125,2019,140000,15000,Lahore,125
Honda,CG 125,2021,170000,15000,Rawalpindi,125
Honda,CG 125,2011,80000,15000,Karachi,125
Honda,CG 125,2022,186000,15000,Abbottabad,125
Honda,CG 125,2021,140000,15000,Karachi,125
Honda,CG 125,2024,210000,15000,Dinga,125
Yamaha,YBR 125G,2022,325000,15000,Lahore,125
Honda,CG 125,2005,56500,15000,Gujrat,125
Metro,MR 125,2016,85000,15000,Kamra,125
Honda,CG 125,2018,130000,15000,Renala khurd,125
Honda,CG 125,2020,135000,15000,Faisalabad,125
Yamaha,YBR 125,2023,390000,15000,Peshawar,125
Yamaha,YBR 125,2022,315000,15000,Islamabad,125
Yamaha,YBR 125,2019,260000,15000,Karachi,125
Honda,CG 125,2018,150000,15000,Peshawar,125
Honda,CG 125,2022,185000,15000,Lahore,125
Suzuki,GS-125,2023,385000,15000,Rawalpindi,125
Honda,CG 125,2023,172000,15000,Karachi,125
Yamaha,YBR 125,2021,320000,15000,Lahore,125
Yamaha,YBR 125,2022,320000,15000,Talagang,125
Honda,CG 125,2022,155000,15000,Lahore,125
Honda,CG 125,2023,195000,15000,Mardan,125
United,US 125 Euro II,2021,85000,15000,Karachi,125
Honda,CG 125,2021,190000,15000,Lahore,125
Honda,CG 125,2020,120000,15000,Faisalabad,125
Honda,CG 125,2023,212000,15000,Burewala,125
Yamaha,YBR 125G,2018,265000,15000,Islamabad,125
Honda,CG 125,2021,175000,15000,Islamabad,125
Honda,CG 125,2023,230000,15000,Taxila,125
Honda,CG 125,2011,100000,15000,Karachi,125
Honda,CG 125,2007,80000,15000,Bhakkar,125
Super,Power SP 125 Delux,2021,73000,15000,Karachi,125
Yamaha,YBR 125,2017,245000,15000,Islamabad,125
Honda,CG 125,2023,175000,15000,Lahore,125
Honda,CG 125,2020,160000,15000,Rawalpindi,125
Yamaha,YBR 125,2022,315000,15000,Kamoke,125
Honda,CG 125,2022,170000,15000,Lahore,125
Yamaha,YBR 125,2021,240000,15000,Sheikhupura,125
Honda,CG 125 Special Edition,2022,230000,15000,Lahore,125
Honda,CG 125,2022,165000,15000,Multan,125
Honda,CG 125,2023,190000,15000,Karachi,125
Honda,CG 125,2021,142000,15000,Pir mahal,125
Honda,CG 125,2004,140000,15000,Karachi,125
Honda,CG 125,2020,145000,15000,Rawalpindi,125
Honda,CG 125,1993,95000,15000,Karachi,125
Honda,CG 125,2010,85000,15000,Rawalpindi,125
Honda,CG 125,2022,170000,15000,Karak,125
Yamaha,YBR 125G,2022,360000,15000,Karachi,125
Yamaha,YBR 125,2022,330000,15000,Mardan,125
Honda,CG 125,2022,172000,15000,Islamabad,125
Honda,CG 125,2002,130000,15000,Faisalabad,125
Honda,CG 125,2016,185000,15000,Faisalabad,125
Honda,CG 125,2011,80000,15000,Rawalpindi,125
Honda,CG 125,2022,210000,15000,Lahore,125
Honda,CG 125,2018,120000,15000,Chakwal,125
Yamaha,YBR 125G,2022,375000,15000,Karachi,125
Honda,CG 125,2021,150000,15000,Faisalabad,125
Suzuki,GS-125,2023,380000,15000,Karachi,125
Honda,CG 125 Special Edition,2024,265000,15000,Lahore,125
Honda,CG 125,2021,175000,15000,Lahore,125
Honda,CG 125,2021,160000,15000,Rawalpindi,125
Honda,CG 125 Special Edition,2022,185000,15000,Mardan,125
Honda,CG 125 Special Edition,2022,237000,15000,Lahore,125
Honda,CG 125,2022,188000,15000,Vehari,125
Honda,CG 125,2005,70000,15000,Lahore,125
Suzuki,GSX 125,2022,420000,15000,Okara,125
Yamaha,YBR 125,2023,325000,15000,Lahore,125
Honda,CG 125,2017,140000,15000,Sargodha,125
Unique,UD 125,2018,94000,15000,Karachi,125
Honda,CG 125,2021,160000,15000,Bahawalpur,125
Honda,CG 125,2016,120000,15000,Swabi,125
Honda,CG 125,2022,240000,15000,Rawalpindi,125
Honda,CG 125 Special Edition,2022,240000,15000,Rawalpindi,125
Honda,CG 125,2003,80000,15000,Lahore,125
Honda,CG 125,2017,112000,15000,Quetta,125
Honda,CG 125,2023,207000,15000,Islamabad,125
Yamaha,YBR 125G,2021,335000,15000,Fateh Jang,125
Honda,CG 125,2014,120000,15000,Rawalpindi,125
Honda,CG 125,2016,140000,15000,Jhelum,125
Honda,CG 125,2021,135000,15000,Karachi,125
United,US 125 Euro II,2018,110000,15000,Murree,125
Honda,CG 125,2023,210000,15000,Lahore,125
Honda,CG 125,1998,150000,15000,Islamabad,125
Honda,CG 125,2010,65000,15000,Kot addu,125
Yamaha,YB 125Z,2021,242000,15000,Hyderabad,125
Honda,CG 125,2016,110000,15000,Karachi,125
Honda,CG 125,2018,120000,15000,Lahore,125
Honda,CG 125,2019,160000,15000,Rawalpindi,125
Honda,CG 125,2022,195000,15000,Faisalabad,125
Honda,CG 125,2019,130000,15000,Karachi,125
Honda,CG 125 Special Edition,2022,200000,15000,Gujranwala,125
Honda,CG 125 Special Edition,2020,185000,15000,Lahore,125
Honda,CG 125,2007,125000,15000,Rawalpindi,125
Honda,CG 125 Special Edition,2019,180000,15000,Sargodha,125
Honda,CG 125,2018,128000,15000,Rawalpindi,125
Honda,CG 125,2022,149000,15000,Okara,125
Honda,CG 125,2022,170000,15100,Multan,125
Honda,CG 125 Special Edition,2022,237000,15100,Lahore,125
Honda,CG 125,2023,165000,15200,Lahore,125
Honda,CG 125,2023,180000,15230,Bahawalnagar,125
Yamaha,YBR 125,2019,325000,15250,Sahiwal,125
Honda,CG 125,2022,170000,15300,Gojra,125
Honda,CG 125,2023,195000,15397,Islamabad,125
United,US 125 Euro II,2022,92000,15400,Karachi,125
Honda,CG 125,2022,210000,15415,Rawalpindi,125
Honda,CG 125,2016,135000,15450,Karachi,125
Yamaha,YBR 125G,2022,315000,15460,Islamabad,125
Honda,CG 125,2023,249000,15500,Gujrat,125
Honda,CG 125,2019,175000,15500,Islamabad,125
Honda,CG 125,2022,185000,15500,Rawalpindi,125
Honda,CG 125,2023,165000,15555,Chichawatni,125
Yamaha,YBR 125G,2021,300000,15600,Lahore,125
Unique,UD 125,2019,90000,15600,Karachi,125
Honda,CG 125,2019,260000,15600,Lahore,125
Yamaha,YBR 125G,2020,315000,15616,Karachi,125
Honda,CG 125,2022,185000,15645,Karachi,125
Honda,CG 125,2023,173000,15700,Rawalpindi,125
Honda,CG 125,2020,150000,15718,Multan,125
Honda,CG 125,2023,190000,15745,Faisalabad,125
Honda,CG 125,2022,195000,15759,Lahore,125
Honda,CG 125,2021,178000,15800,Chiniot,125
Yamaha,YBR 125,2017,245000,15800,Rawalpindi,125
Honda,CG 125,2022,225000,15800,Rawalpindi,125
Honda,CG 125 Special Edition,2024,275000,15900,Lahore,125
Honda,CB 125F,2020,218000,15900,Multan,125
Honda,CG 125,2004,83000,15900,Karachi,125
Honda,CG 125,2022,180000,15900,Wah cantt,125
Honda,CG 125,2023,215000,16000,Rawalpindi,125
United,US 125 Euro II,2024,150000,16000,Gujrat,125
Yamaha,YB 125Z-DX,2023,350000,16000,Faisalabad,125
Honda,CG 125,2024,240000,16000,Karachi,125
Yamaha,YBR 125G,2020,320000,16000,Talagang,125
Yamaha,YBR 125G,2023,390000,16000,Karachi,125
Honda,CG 125,2024,190000,16000,Rahim Yar Khan,125
Yamaha,YB 125Z-DX,2021,300000,16000,Gujar Khan,125
Honda,CG 125,2014,136000,16000,Burewala,125
Yamaha,YBR 125G,2022,365000,16000,Islamabad,125
Honda,CG 125,2024,200000,16000,Renala khurd,125
Honda,CG 125,2022,168000,16000,Lahore,125
Yamaha,YBR 125,2015,230000,16000,Islamabad,125
Yamaha,YB 125Z,2023,340000,16000,Rawalpindi,125
Yamaha,YBR 125,2020,420000,16000,Chashma,125
Honda,CG 125,2013,200000,16000,Rawalpindi,125
Honda,CG 125,2023,175000,16000,Faisalabad,125
Honda,CG 125,2016,135000,16000,Wah cantt,125
Honda,CG 125 Special Edition,2022,209000,16000,Faisalabad,125
Honda,CG 125,2017,140000,16000,Kahuta,125
Honda,CG 125,2024,215000,16000,Lahore,125
Honda,CG 125,2021,190000,16000,Rawalpindi,125
Honda,CG 125,2021,155000,16000,Faisalabad,125
Honda,CB 125F,2019,195000,16000,Sargodha,125
Honda,CG 125,2023,190000,16000,Islamabad,125
Yamaha,YB 125Z-DX,2021,340000,16000,Layyah,125
Honda,CG 125 Special Edition,2024,255000,16000,Faisalabad,125
Asia,Hero Self Start,2024,257000,16000,Faisalabad,125
Honda,CG 125,2023,210000,16000,Gujrat,125
Yamaha,YB 125Z,2022,340000,16000,Islamabad,125
Honda,CG 125,2023,180000,16000,Okara,125
Honda,CG 125,2023,190000,16000,Faisalabad,125
Honda,CG 125 Deluxe,2014,170000,16000,Kashmir,125
Yamaha,YBR 125G,2019,295000,16000,Wah cantt,125
Honda,CG 125,2020,140000,16000,Faisalabad,125
Honda,CG 125,2023,170000,16000,Jhelum,125
Honda,CG 125,2023,190000,16000,Lahore,125
Honda,CG 125,2021,175000,16000,Karachi,125
Yamaha,YB 125Z,2021,320000,16000,Islamabad,125
Yamaha,YB 125Z-DX,2022,330000,16000,Rawalpindi,125
Honda,CG 125,2021,180000,16000,Lahore,125
Honda,CG 125,2024,225000,16000,Rawalpindi,125
Yamaha,YBR 125G,2016,220000,16000,Okara,125
Honda,CG 125,2023,195000,16000,Lahore,125
Honda,CG 125,2023,195000,16000,Swabi,125
Honda,CG 125,2023,230000,16000,Lahore,125
Honda,CG 125,2021,180000,16000,Gujranwala,125
Yamaha,YBR 125,2019,299000,16000,Islamabad,125
Honda,CG 125,2022,180000,16000,Multan,125
Honda,CG 125,2024,198000,16000,Lahore,125
Honda,CG 125,2023,180000,16000,Lahore,125
Honda,CG 125,2022,205000,16000,Attock,125
Honda,CG 125,2019,148000,16000,Khushab,125
Honda,CG 125,2022,210000,16000,Rawalpindi,125
Honda,CG 125,2021,150000,16000,Lahore,125
Yamaha,YBR 125,2023,320000,16000,Chakwal,125
Yamaha,YB 125Z-DX,2021,355000,16000,Faisalabad,125
Honda,CG 125,2022,165000,16000,Gujranwala,125
Honda,CG 125,2024,192000,16000,Toba Tek Singh,125
Honda,CG 125,2022,160000,16000,Lahore,125
Yamaha,YBR 125G,2022,365000,16000,Rawalpindi,125
Yamaha,YB 125Z,2017,185000,16000,Karachi,125
Honda,CG 125,2023,180000,16000,Faisalabad,125
Honda,CG 125,2009,180000,16000,Rawalpindi,125
Honda,CG 125,2021,175000,16000,Rawalpindi,125
Yamaha,YB 125Z-DX,2021,310000,16000,Alipur Chatta,125
Yamaha,YBR 125G,2022,355000,16000,Karachi,125
Yamaha,YBR 125,2019,195000,16108,Faisalabad,125
Yamaha,YBR 125G,2022,360000,16150,Islamabad,125
Honda,CG 125,2024,192000,16312,Sheikhupura,125
Honda,CG 125,2022,180000,16321,Lahore,125
Honda,CG 125 Special Edition,2023,240000,16400,Lahore,125
Honda,CG 125,2022,165000,16400,Multan,125
Yamaha,YBR 125G,2021,330000,16400,Islamabad,125
Honda,CG 125,2022,165000,16480,Sialkot,125
Honda,CG 125,2022,165000,16482,Sialkot,125
Yamaha,YBR 125,2022,290000,16500,D.G.Khan,125
Yamaha,YBR 125G,2017,250000,16500,Karachi,125
Yamaha,YBR 125,2023,380000,16500,Sargodha,125
Yamaha,YBR 125G,2018,298000,16500,Wah cantt,125
Honda,CG 125,2024,210000,16500,Wah cantt,125
Yamaha,YB 125Z,2020,285000,16500,Karachi,125
Honda,CG 125,2022,220000,16500,Islamabad,125
Honda,CG 125,2020,185000,16500,Lahore,125
Honda,CG 125,2020,175000,16536,Rawalpindi,125
Honda,CG 125,2023,158000,16562,Sadiqabad,125
Honda,CG 125 Special Edition,2020,245000,16586,Karachi,125
Suzuki,GSX 125,2023,405000,16800,Rawalpindi,125
Yamaha,YBR 125,2000,90000,16887,Rahim Yar Khan,125
Honda,CG 125S GOLD,2024,250000,16887,Lahore,125
Honda,CG 125,2024,250000,16887,Lahore,125
Honda,CG 125,2023,175000,16900,Lahore,125
Yamaha,YBR 125,2020,295000,16950,Lahore,125
Honda,CG 125 Special Edition,2022,185000,17000,Sialkot,125
Honda,CG 125,2024,185000,17000,Lahore,125
Yamaha,YBR 125,2023,400000,17000,Rawalpindi,125
Honda,CG 125,2022,175000,17000,Islamabad,125
Yamaha,YBR 125,2022,350000,17000,Karachi,125
Honda,CG 125,2024,192000,17000,Multan,125
Honda,CG 125,2022,185000,17000,Shorkot,125
Honda,CB 125F,2021,235000,17000,Faisalabad,125
Honda,CG 125,2022,160000,17000,Bahawalpur,125
Yamaha,YB 125Z-DX,2023,750000,17000,Islamabad,125
Honda,CG 125,2022,190000,17000,Kashmir,125
Yamaha,YB 125Z-DX,2023,375000,17000,Islamabad,125
Honda,CG 125,2022,160000,17000,Rawalpindi,125
Honda,CG 125,2020,165000,17000,Karachi,125
Honda,CG 125 Special Edition,2022,190000,17000,Faisalabad,125
Honda,CG 125,2023,195000,17000,Rawalpindi,125
Honda,CG 125,2019,134000,17000,Lahore,125
Yamaha,YD-125,2023,420000,17000,Rawalpindi,125
Honda,CG 125,2023,188000,17000,Lahore,125
Honda,CG 125,2024,190000,17000,Gujrat,125
Honda,CG 125,2019,136000,17000,Lahore,125
Honda,CG 125,2022,200000,17000,Rawalpindi,125
Honda,CG 125 Special Edition,2021,162000,17000,Peshawar,125
Yamaha,YBR 125,2015,230000,17000,Raiwind,125
Yamaha,YBR 125,2019,240000,17000,Rahim Yar Khan,125
Yamaha,YBR 125,2018,255000,17000,Quetta,125
Yamaha,YZ125,2019,175000,17000,Pak pattan sharif,125
Honda,CG 125,2022,200000,17000,Gojra,125
Yamaha,YB 125Z-DX,2021,275000,17000,Lahore,125
Yamaha,YBR 125,2017,210000,17000,Rawalpindi,125
Yamaha,YZ125,2017,210000,17000,Rawalpindi,125
Honda,CG 125,2020,210000,17000,Bahawalpur,125
Honda,CG 125,2025,230000,17000,Rawalpindi,125
Honda,CG 125,2016,165000,17000,Lahore,125
Honda,CG 125,2023,190000,17000,Lahore,125
Honda,CG 125,2021,168000,17000,Gujranwala,125
Metro,MR 125,2022,130000,17000,Islamabad,125
Honda,CG 125,2023,180000,17000,Sargodha,125
Honda,CG 125,2024,199000,17000,Multan,125
Honda,CG 125,2019,123000,17000,Rahim Yar Khan,125
Honda,CG 125,2020,180000,17000,Sialkot,125
Honda,CG 125,2022,190000,17000,Hazro,125
Honda,CG 125,2013,92500,17000,Lahore,125
Honda,CG 125 Special Edition,2024,250000,17000,Gujranwala,125
Yamaha,YBR 125G,2022,315000,17000,Karachi,125
Honda,CG 125,2022,180000,17000,Lahore,125
Honda,CG 125,2024,245000,17000,Gujranwala,125
Yamaha,YB 125Z,2023,330000,17000,Dera ismail khan,125
Yamaha,YB 125Z-DX,2022,295000,17000,Pak pattan sharif,125
Yamaha,YBR 125,2022,330000,17000,Karachi,125
United,US 125 Deluxe,2023,130000,17000,Karachi,125
Honda,CG 125,2023,185000,17000,Lahore,125
Honda,CG 125,2019,140000,17000,Faisalabad,125
Honda,CG 125,2025,215000,17000,Lahore,125
Honda,CG 125,2022,174000,17000,Lahore,125
Yamaha,YBR 125,2016,175000,17000,Gojra,125
Honda,CG 125,2022,185000,17000,Islamabad,125
Honda,CG 125 Special Edition,2022,220000,17000,Hyderabad,125
Honda,CG 125,2018,140000,17000,Lahore,125
Honda,CB 125F,2019,260000,17096,Rawalpindi,125
Honda,CG 125,2022,186000,17100,Mansehra,125
Honda,CG 125,2023,215000,17100,Islamabad,125
Honda,CG 125,2023,195000,17200,Islamabad,125
Honda,CG 125,2017,120000,17300,Sangla Hills,125
Honda,CG 125,2005,130000,17300,Sangla Hills,125
Honda,CB 125F,2022,255000,17400,Karachi,125
Honda,CG 125,2022,170000,17414,Lahore,125
Honda,CG 125,2019,285000,17420,Hazro,125
Honda,CG 125 Special Edition,2023,180000,17500,Hyderabad,125
Honda,CG 125,2022,175000,17500,Lahore,125
Honda,CG 125,2014,100000,17500,Faisalabad,125
Yamaha,YB 125Z-DX,2021,335000,17500,Rawalpindi,125
Yamaha,YBR 125G,2021,320000,17500,Quetta,125
Honda,CG 125,2021,180000,17500,Sahiwal,125
Honda,CG 125,2019,138000,17500,Lahore,125
Yamaha,YBR 125G,2023,410000,17520,Lahore,125
Honda,CG 125,2022,158000,17570,Islamabad,125
Yamaha,YBR 125,2020,245000,17588,Multan,125
Honda,CG 125,2023,195000,17600,Karachi,125
Honda,CG 125,2024,250000,17650,Sialkot,125
Honda,CG 125,2023,175000,17699,Karachi,125
Yamaha,YBR 125,2022,310000,17700,Lahore,125
Honda,CG 125,1999,145000,17780,Faisalabad,125
Honda,CG 125,2021,160000,17825,Karachi,125
Honda,CG 125,2017,145000,17837,Sarai alamgir,125
Honda,CG 125,2022,176000,17844,Karachi,125
Yamaha,YBR 125G,2018,290000,17852,Attock,125
Yamaha,YBR 125G,2022,360000,17892,Rawalpindi,125
Honda,CG 125,2022,180000,17900,Mandi bahauddin,125
Honda,CG 125,2018,240000,17982,Gujranwala,125
Honda,CG 125,2021,190000,18000,Islamabad,125
Honda,CG 125,2024,220000,18000,Sahiwal,125
Honda,CG 125,2022,165000,18000,Lahore,125
Honda,CG 125,2022,165000,18000,Islamabad,125
Yamaha,YBR 125,2021,335000,18000,Rawalpindi,125
Honda,CG 125,2014,110000,18000,Rawalpindi,125
Yamaha,YBR 125,2023,420000,18000,Karachi,125
Honda,CG 125,2022,180000,18000,Sahiwal,125
Honda,CG 125,2022,160000,18000,Toba Tek Singh,125
Honda,CG 125,2023,180000,18000,Islamabad,125
Yamaha,YBR 125,2022,290000,18000,Karachi,125
Honda,CG 125,2022,155000,18000,Burewala,125
Honda,CG 125,2022,180000,18000,Multan,125
Honda,CG 125,2018,138000,18000,Islamabad,125
Honda,CG 125,2023,180000,18000,Lahore,125
Honda,CG 125 Special Edition,2022,190000,18000,Multan,125
Yamaha,YBR 125G,2020,350000,18000,Okara,125
Honda,CG 125,2021,165000,18000,Vehari,125
Honda,CG 125,2021,175000,18000,Wah cantt,125
Yamaha,YBR 125G,2021,330000,18000,Karachi,125
Honda,CG 125,2023,185000,18000,Gujrat,125
Honda,CG 125 Special Edition,2020,177000,18000,Kala shah kaku,125
Honda,CG 125,2022,172000,18000,Lahore,125
Honda,CG 125,2021,160000,18000,Lahore,125
Honda,CG 125,2021,175000,18000,Faisalabad,125
Honda,CG 125,2023,220000,18000,Sahiwal,125
Honda,CG 125,2022,174000,18000,Faisalabad,125
Yamaha,YBR 125,2018,215000,18000,Lahore,125
Yamaha,YBR 125G,2022,340000,18000,Lahore,125
Honda,CG 125,2018,144000,18000,Kashmir,125
Honda,CG 125,2022,180000,18000,Nankana sahib,125
Honda,CG 125 Special Edition,2022,229000,18000,Sahiwal,125
Honda,CG 125,2022,155000,18000,Lahore,125
Yamaha,YBR 125G,2021,296000,18000,Lahore,125
Honda,CG 125,2018,122000,18000,Karachi,125
Honda,CG 125,2023,185000,18000,Lahore,125
Honda,CG 125,2019,130000,18000,Karachi,125
Honda,CG 125,2023,210000,18000,Sarai alamgir,125
Honda,CG 125,2022,232000,18000,Rawalpindi,125
Honda,CG 125,2024,200000,18000,Faisalabad,125
Honda,CG 125,2020,125000,18000,Gujrat,125
Yamaha,YBR 125,2023,330000,18000,Karachi,125
Honda,CB 125F,2021,265000,18000,Muzaffarabad,125
Honda,CG 125,2020,175000,18000,Rawalpindi,125
Yamaha,YBR 125G,2023,368000,18000,Lahore,125
Honda,CG 125,2022,175000,18000,Islamabad,125
Yamaha,YB 125Z,2022,235000,18000,Karachi,125
Yamaha,YBR 125,2022,355000,18000,Peshawar,125
Honda,CG 125,2024,215000,18000,Sarai alamgir,125
United,US 125 Euro II,2018,100000,18000,Karachi,125
Yamaha,YBR 125,2015,250000,18000,Islamabad,125
Honda,CG 125,2021,150000,18000,Gujrat,125
Honda,CG 125,2023,228000,18000,Islamabad,125
Yamaha,YB 125Z,2022,300000,18000,Jauharabad,125
Honda,CG 125,2022,170000,18000,Faisalabad,125
Honda,CG 125,2022,158000,18000,Karachi,125
Honda,CG 125,2022,150000,18000,Lahore,125
Yamaha,YBR 125,2022,340000,18000,Kunjah,125
Honda,CG 125,2023,190000,18000,Faisalabad,125
Honda,CG 125,2024,165000,18000,Faisalabad,125
Honda,CG 125,2021,147000,18000,Gujranwala,125
Honda,CG 125,2022,170000,18000,Khanewal,125
Yamaha,YBR 125,2015,170000,18000,Lahore,125
Honda,CG 125,2022,159000,18000,Faisalabad,125
Honda,CG 125,2021,170000,18000,Rawalpindi,125
Honda,CG 125,2022,175000,18000,Sahiwal,125
Honda,CG 125,2021,170000,18000,Islamabad,125
Honda,CG 125,2021,162000,18000,Karachi,125
Yamaha,YBR 125G,2023,330000,18000,Karachi,125
Honda,CG 125,2020,165000,18000,Rawalpindi,125
Honda,CG 125,2021,145000,18000,Karachi,125
Honda,CG 125,2018,140000,18000,Hyderabad,125
Yamaha,YBR 125,2017,190000,18000,Sargodha,125
Honda,CG 125,2021,145000,18000,Mandi bahauddin,125
Honda,CG 125,2018,150000,18000,Karachi,125
Honda,CG 125,2022,185000,18000,Karachi,125
Honda,CG 125,2014,140000,18000,Lahore,125
Yamaha,YBR 125,2020,295000,18000,Karachi,125
Honda,CG 125,2020,160000,18000,Lahore,125
Super,Star,2022,160000,18000,Karachi,125
Honda,CG 125,2021,158000,18000,Lahore,125
Honda,CG 125 Special Edition,2021,180000,18000,Karachi,125
Honda,CG 125,2002,64999,18000,Faisalabad,125
Yamaha,YBR 125G,2019,225000,18000,Lahore,125
Honda,CG 125,2019,102000,18000,Faisalabad,125
Yamaha,YBR 125G,2019,285000,18100,Swabi,125
Honda,CG 125,2020,180000,18127,Lahore,125
Honda,CG 125,2018,140000,18150,Pak pattan sharif,125
Honda,CG 125,2021,220000,18200,Toba Tek Singh,125
Yamaha,YBR 125G,2022,340000,18250,Karachi,125
Honda,CG 125,2020,135000,18300,Layyah,125
Honda,CG 125 Special Edition,2022,187000,18300,Faisalabad,125
Honda,CG 125,2022,169000,18450,Islamabad,125
Yamaha,YB 125Z-DX,2021,285000,18500,Burewala,125
Yamaha,YBR 125,2022,325000,18500,Lahore,125
Honda,CG 125,2024,205000,18500,Lahore,125
Honda,CG 125,2022,181000,18500,Sargodha,125
Yamaha,YB 125Z,2018,210000,18500,Lahore,125
Honda,CB 125F,2021,325000,18500,Bahawalpur,125
Honda,CG 125 Special Edition,2023,210000,18500,Chichawatni,125
Yamaha,YB 125Z-DX,2022,299000,18500,Gujrat,125
Yamaha,YBR 125,2023,300000,18500,Bahawalnagar,125
Honda,CG 125,2020,146000,18500,Karachi,125
Honda,CB 125F,2022,315000,18500,Karachi,125
Honda,CG 125,2019,125000,18523,Sargodha,125
Honda,CG 125,2022,175000,18540,Karachi,125
Honda,CG 125,2021,170000,18600,Islamabad,125
Honda,CG 125,2022,165000,18700,Sargodha,125
Yamaha,YBR 125G,2019,204000,18721,Khanewal,125
Honda,CG 125,2022,150000,18768,Lahore,125
Honda,CG 125 Special Edition,2022,199000,18848,Multan,125
Honda,CG 125,2022,199000,18848,Multan,125
Yamaha,YBR 125G,2017,235000,18918,Karachi,125
Honda,CG 125,2021,145000,18999,Karachi,125
Honda,CG 125 Special Edition,2022,199000,19000,Islamabad,125
Honda,CG 125,2016,160000,19000,Hazro,125
Yamaha,YBR 125,2021,290000,19000,Bhimber,125
Honda,CG 125,2023,180000,19000,Lahore,125
Honda,CG 125,2018,160000,19000,Lahore,125
Honda,CG 125,2023,182000,19000,Nowshera,125
Honda,CG 125,2023,220000,19000,Muzaffarabad,125
Honda,CG 125,2021,175000,19000,Mandi bahauddin,125
Honda,CG 125,2022,180000,19000,Lahore,125
Yamaha,YB 125Z-DX,2023,350000,19000,Layyah,125
Yamaha,YB 125Z,2021,254000,19000,Lahore,125
Honda,CG 125,2007,78000,19000,Larkana,125
Yamaha,YBR 125G,2023,380000,19000,Wah cantt,125
Honda,CG 125,2019,135000,19000,Multan,125
Yamaha,YZ125,2022,280000,19000,Jauharabad,125
Honda,CG 125,2022,165000,19000,Lahore,125
Honda,CG 125,2022,158000,19000,Lahore,125
Yamaha,YBR 125,2021,320000,19000,Chichawatni,125
Yamaha,YB 125Z,2019,250000,19000,Islamabad,125
Suzuki,GS-125,2022,415000,19000,Islamabad,125
Honda,CG 125,2023,190000,19000,Rawalpindi,125
Honda,CG 125,2023,165000,19000,Bahawalpur,125
Honda,CG 125,2023,200000,19000,Islamabad,125
Honda,CG 125,2019,190000,19000,Jhelum,125
Honda,CG 125,2021,135000,19000,Sargodha,125
Honda,CG 125 Special Edition,2024,250000,19000,Islamabad,125
Honda,CG 125,2001,72000,19000,Lahore,125
Yamaha,YB 125Z-DX,2022,345000,19000,Pak pattan sharif,125
Honda,CG 125,2023,180000,19000,Sialkot,125
Yamaha,YZ125,2022,260000,19000,Gujar Khan,125
Honda,CG 125,2007,135000,19000,Wah cantt,125
Yamaha,YBR 125,2016,330000,19000,Attock,125
Honda,CG 125,2021,180000,19000,Sheikhupura,125
Honda,CG 125,2023,185000,19000,Wah cantt,125
Honda,CG 125,2023,185000,19000,Lahore,125
Yamaha,YBR 125G,2021,295000,19000,Karachi,125
Honda,CG 125,2021,175000,19000,Lahore,125
Yamaha,YBR 125,2017,220000,19200,Sargodha,125
Honda,CG 125,2021,180000,19250,Lahore,125
Honda,CG 125,2023,185000,19251,Islamabad,125
Honda,CG 125,2022,210000,19300,Rawalpindi,125
Yamaha,YBR 125G,2020,320000,19300,Islamabad,125
Honda,CG 125,2023,197000,19311,Karachi,125
Honda,CG 125,2023,195000,19311,Karachi,125
Honda,CG 125,2024,185000,19312,Lahore,125
Honda,CG 125,2022,195000,19350,Karachi,125
Honda,CG 125,2022,197000,19400,Karachi,125
Honda,CB 125F,2022,275000,19400,Mansehra,125
Honda,CG 125,2024,192000,19500,Lahore,125
Honda,CG 125 Special Edition,2021,210000,19500,Multan,125
Honda,CG 125,2022,192000,19500,Islamabad,125
Honda,CG 125,2019,220000,19500,Rawalpindi,125
Honda,CG 125,2020,120000,19500,Faisalabad,125
Yamaha,YBR 125G,2023,365000,19500,Islamabad,125
Yamaha,YB 125Z-DX,2024,345000,19500,Lahore,125
Honda,CG 125,2021,180000,19590,Lahore,125
Honda,CG 125,2021,140000,19602,Karachi,125
Honda,CG 125,2023,230000,19692,Vehari,125
Honda,CG 125,2023,200000,19699,Faisalabad,125
Honda,CG 125,2021,160000,19772,Lahore,125
Honda,CG 125,2022,165000,19819,Lahore,125
Yamaha,YBR 125,2019,250000,19850,Lahore,125
Honda,CG 125,2016,100000,19900,Karachi,125
Honda,CG 125,2021,265000,19997,Sadiqabad,125
Honda,CG 125,2020,160000,19999,Islamabad,125
Honda,CG 125,2022,155000,20000,Toba Tek Singh,125
Yamaha,YBR 125G,2021,285000,20000,Multan,125
Honda,CG 125,2002,90000,20000,Lahore,125
Honda,CG 125,2019,215000,20000,Lahore,125
Honda,CG 125 Special Edition,2021,190000,20000,Arifwala,125
Honda,CG 125,2005,70000,20000,Karachi,125
Honda,CG 125,2014,140000,20000,Lahore,125
Honda,CG 125,2016,85000,20000,Lahore,125
Honda,CG 125,2014,100000,20000,Kamalia,125
Honda,CG 125 Dream,2014,85000,20000,Lahore,125
Yamaha,YZ125,2018,165000,20000,Hyderabad,125
Honda,CG 125,2008,90000,20000,Lahore,125
Honda,CB 125F,2021,275000,20000,Swabi,125
Yamaha,YBR 125G,2020,270000,20000,Karachi,125
Honda,CG 125,2019,150000,20000,Lahore,125
Honda,CG 125,2024,260000,20000,Peshawar,125
Honda,CG 125,2018,138000,20000,Muzaffarabad,125
Honda,CG 125,2022,160000,20000,Narowal,125
Yamaha,YBR 125,2021,270000,20000,Karachi,125
Honda,CG 125,2015,95000,20000,Faisalabad,125
Crown,CR 125 Euro II,2015,50000,20000,Hyderabad,125
Honda,CG 125,2017,95000,20000,Islamabad,125
Honda,CG 125 Special Edition,2022,195000,20000,Karachi,125
Honda,CG 125,2018,135000,20000,Lahore,125
Honda,CG 125,2018,160000,20000,Abbottabad,125
Honda,CG 125,2018,141000,20000,Faisalabad,125
Honda,CG 125,2022,170000,20000,Karachi,125
Honda,CG 125,2021,190000,20000,Rawalpindi,125
Honda,CG 125,2024,195000,20000,Lahore,125
Honda,CG 125,2017,120000,20000,Lahore,125
Honda,CG 125,2022,175000,20000,Islamabad,125
Honda,CG 125,2017,120000,20000,Karachi,125
Honda,CG 125,2021,104000,20000,Karachi,125
Honda,CG 125,2022,184000,20000,Islamabad,125
Honda,CG 125,2023,175000,20000,Lahore,125
Honda,CG 125,2023,227000,20000,Faisalabad,125
Honda,CG 125,2019,135000,20000,Gojra,125
Honda,CG 125,2023,160000,20000,Pak pattan sharif,125
Yamaha,YBR 125,2016,165000,20000,Quetta,125
Honda,CG 125,2024,200000,20000,Lahore,125
Honda,CG 125,2021,180000,20000,Faisalabad,125
Honda,CG 125,2022,155000,20000,Karachi,125
Honda,CG 125,2023,175000,20000,Sangla Hills,125
Honda,CG 125,2023,170000,20000,Lahore,125
Honda,CG 125,2016,105000,20000,Sargodha,125
Yamaha,YB 125Z,2019,220000,20000,Bahawalnagar,125
Honda,CG 125,2015,98000,20000,Gujranwala,125
Honda,CG 125,2018,122000,20000,Karachi,125
Honda,CG 125,2021,175000,20000,Rawalpindi,125
Honda,CG 125,2011,105000,20000,Sargodha,125
Honda,CG 125,2022,165000,20000,Sangla Hills,125
Honda,CG 125,2021,180000,20000,Gujrat,125
Honda,CG 125,2023,180000,20000,Mansehra,125
Honda,CG 125,2021,185000,20000,Lahore,125
Honda,CG 125,2023,190000,20000,Rawalpindi,125
Honda,CG 125,2019,120000,20000,Faisalabad,125
Honda,CG 125,2021,185000,20000,Swabi,125
Honda,CG 125,2024,220000,20000,Gujrat,125
Road,Prince 125,2017,88000,20000,Rawalpindi,125
Honda,CG 125,2021,160000,20000,Karachi,125
Honda,CG 125 Special Edition,2021,190000,20000,Rawalpindi,125
Honda,CG 125,2022,174000,20000,Sargodha,125
Honda,CG 125,2018,114000,20000,Faisalabad,125
United,US 125 Euro II,2018,65000,20000,Chakwal,125
Honda,CG 125,2022,215000,20000,Islamabad,125
Honda,CG 125,2020,145000,20000,Rahim Yar Khan,125
Honda,CG 125,2018,235000,20000,Rawalpindi,125
Honda,CG 125,2023,225000,20000,Lahore,125
Honda,CG 125,2018,130000,20000,Mian Channu,125
Honda,CG 125,2019,135000,20000,Lahore,125
Honda,CG 125,2022,145000,20000,Faisalabad,125
Yamaha,YBR 125G,2018,240000,20000,Bahawalnagar,125
Honda,CG 125,2014,140000,20000,Islamabad,125
Honda,CG 125,2023,170000,20000,Sheikhupura,125
United,US 125 Euro II,2016,350000,20000,Lahore,125
Honda,CG 125,2020,140000,20000,Karachi,125
Yamaha,YBR 125,2016,110000,20000,Jauharabad,125
Honda,CG 125,2022,185000,20000,Rawalpindi,125
United,US 125 Deluxe,2016,110000,20000,Jauharabad,125
Honda,CB 125F,2022,340000,20000,Mian Wali,125
Honda,CG 125,2021,140000,20000,Faisalabad,125
Honda,CG 125,2023,195000,20000,Rawalpindi,125
Honda,CG 125,2021,160000,20000,Sargodha,125
Honda,CG 125,2023,199000,20000,Kohat,125
Honda,CG 125,2022,185000,20000,Islamabad,125
Yamaha,YBR 125,2021,312000,20000,Attock,125
Honda,CG 125,2019,160000,20000,Attock,125
Honda,CG 125,2018,125000,20000,Karachi,125
Yamaha,YB 125Z-DX,2022,365000,20000,Kharian,125
Honda,CG 125,2018,130000,20000,Bhera,125
Honda,CG 125,2020,150000,20000,Karachi,125
Honda,CG 125,2019,130000,20000,Lahore,125
Honda,CG 125,2021,135000,20000,Lahore,125
Honda,CG 125,2000,100000,20000,Lahore,125
Honda,CG 125,2010,170000,20000,Karachi,125
Honda,CG 125,2022,175000,20000,Karachi,125
Honda,CG 125 Special Edition,2022,215000,20000,Kotri,125
Honda,CG 125,2011,118000,20000,Lahore,125
Honda,CG 125,2021,140000,20000,Karachi,125
Honda,CG 125,2022,165000,20000,Faisalabad,125
Yamaha,YBR 125G,2016,249000,20000,Lahore,125
Honda,CG 125,2021,160000,20000,Rawalpindi,125
Suzuki,GSX 125,2022,360000,20000,Rahim Yar Khan,125
Honda,CG 125,2021,165000,20000,Multan,125
Yamaha,YBR 125,2019,270000,20000,Jhelum,125
Yamaha,YB 125Z,2019,210000,20000,Attock,125
Honda,CG 125,2022,139000,20000,Karachi,125
Honda,CG 125 Special Edition,2021,175000,20000,Sargodha,125
Yamaha,YBR 125,2022,375000,20000,Bahawalnagar,125
Honda,CG 125,2016,110000,20000,Quetta,125
Honda,CG 125,2011,80000,20000,Karachi,125
Honda,CG 125,1997,165000,20000,Islamabad,125
Honda,CG 125,2023,172000,20000,Karachi,125
Honda,CG 125,2018,160000,20000,Jehangira,125
Yamaha,YBR 125G,2022,350000,20000,Abbottabad,125
Yamaha,YBR 125,2017,195000,20000,Jhelum,125
Honda,CG 125,2020,195000,20000,Lahore,125
Honda,CG 125,2020,150000,20000,Nowshera,125
Honda,CG 125,2016,180000,20000,Lahore,125
Honda,CG 125,2014,95000,20000,Lahore,125
Honda,CG 125,2018,130000,20000,Bhalwal,125
Honda,CG 125,2018,150000,20000,Islamabad,125
Honda,CG 125,2024,210000,20000,Islamabad,125
Honda,CG 125,2023,173000,20000,Swabi,125
Honda,CG 125 Special Edition,2022,170000,20000,Lahore,125
Honda,CG 125,2021,185000,20000,Karachi,125
Yamaha,YBR 125,2018,172000,20000,Chitral,125
Honda,CG 125,2022,165000,20000,Buchay key,125
Honda,CG 125,2021,160000,20000,Kohat,125
Honda,CG 125,2022,155000,20000,Bhalwal,125
Honda,CG 125,2007,122000,20000,Abbottabad,125
Honda,CG 125,2016,150000,20000,Islamabad,125
Honda,CG 125,2016,90000,20000,Lahore,125
Honda,CG 125,2021,167000,20000,Gujranwala,125
Honda,CG 125,2013,80000,20000,Karachi,125
Unique,UD 125,2017,78000,20000,Karachi,125
Honda,CG 125,2020,135000,20000,Islamabad,125
Honda,CG 125,2021,190000,20000,Karachi,125
Honda,CG 125,2021,155000,20000,Abbottabad,125
Yamaha,YBR 125,2018,235000,20000,Faisalabad,125
Honda,CG 125,2016,130000,20000,Islamabad,125
Honda,CG 125,2023,170000,20000,Sadiqabad,125
Honda,CG 125,2022,160000,20000,Burewala,125
Honda,CG 125,2022,166000,20000,Sargodha,125
Yamaha,YBR 125,2018,250000,20000,Lahore,125
Honda,CG 125,2020,160000,20000,Daska,125
Honda,CG 125,2022,180000,20000,Lahore,125
Honda,CG 125,2018,145000,20000,Islamabad,125
Honda,CG 125 Special Edition,2023,225000,20000,Rawalpindi,125
Honda,CG 125,2021,190000,20000,Wah cantt,125
Honda,CG 125,2022,145000,20000,Karachi,125
Honda,CG 125,2018,118000,20000,Okara,125
Honda,CG 125,2022,160000,20000,Karachi,125
Honda,CG 125,2019,145000,20000,Kotli Loharan,125
Yamaha,YB 125Z-DX,2022,335000,20000,Lahore,125
Yamaha,YBR 125,2019,220000,20000,Chakwal,125
United,US 125 Euro II,2021,99000,20000,Islamabad,125
Honda,CG 125,2011,90000,20000,Faisalabad,125
Honda,CG 125,2020,131000,20000,Hyderabad,125
Honda,CG 125,2023,190000,20000,Islamabad,125
Honda,CG 125,2020,141000,20000,Lahore,125
Honda,CG 125,2019,175000,20000,Swabi,125
Honda,CG 125,2014,105000,20000,Mardan,125
Honda,CG 125,2021,175000,20000,Peshawar,125
Honda,CG 125,2019,125000,20000,Lahore,125
Honda,CG 125,2021,160000,20000,Multan,125
Honda,CG 125,2017,95000,20000,Lahore,125
Honda,CG 125,2021,145000,20000,Islamabad,125
Honda,CG 125,2022,167000,20000,Sargodha,125
Yamaha,YBR 125,2020,310000,20000,Islamabad,125
Honda,CG 125,2018,200000,20000,Lahore,125
Honda,CG 125,2024,204000,20000,Lahore,125
Honda,CG 125,2020,150000,20000,Kot addu,125
Honda,CG 125,2020,140000,20000,Nowshera cantt,125
Honda,CG 125,2017,120000,20000,Swabi,125
Honda,CG 125,2020,220000,20000,Rawalakot,125
Honda,CG 125 Special Edition,2020,220000,20000,Rawalakot,125
Honda,CG 125,2020,140000,20000,Charsadda,125
United,US 125 Deluxe,2015,70000,20000,Taxila,125
Yamaha,YB 125Z,2018,185000,20000,Gujrat,125
Yamaha,YBR 125,2020,245000,20000,Karachi,125
Yamaha,YZ125,2018,180000,20000,Gujrat,125
Honda,CG 125,2020,175000,20000,Rawalpindi,125
Honda,CG 125,2020,135000,20000,Mandi bahauddin,125
United,US 125 Euro II,2021,93000,20000,Karachi,125
Honda,CG 125,2022,165000,20000,Bahawalnagar,125
Honda,CG 125,2022,168000,20000,Lahore,125
Honda,CG 125,2021,175000,20000,Multan,125
Yamaha,YBR 125,2019,180000,20000,Multan,125
Yamaha,YBR 125G,2021,295000,20000,Lahore,125
Honda,CG 125,2021,138000,20000,Larkana,125
Yamaha,YB 125Z-DX,2023,375000,20000,Rawalpindi,125
Honda,CB 125F,2021,330000,20000,Abbottabad,125
Yamaha,YBR 125,2022,355000,20000,Rawalpindi,125
Honda,CG 125S,2022,145000,20000,Lahore,125
Honda,CG 125,2023,210000,20000,Islamabad,125
Yamaha,YBR 125,2017,200000,20000,Sargodha,125
Honda,CB 125F,2020,315000,20000,Rawalpindi,125
Honda,CG 125,2021,158000,20000,Mirpur A.K.,125
Honda,CG 125,2022,175000,20000,Lahore,125
Honda,CG 125,2021,155000,20000,Fateh Jang,125
Honda,CG 125,2019,180000,20000,Rawalpindi,125
Honda,CG 125,2016,155000,20000,Rawalpindi,125
Yamaha,YZ125,2021,255000,20000,Khanewal,125
Honda,CG 125,2020,145000,20000,Lahore,125
Honda,CG 125,2017,120000,20000,Sialkot,125
Honda,CG 125,2022,150000,20000,Rawalpindi,125
Honda,CG 125,2013,125000,20000,Rawalpindi,125
Honda,CG 125,2009,150000,20000,Dina,125
Honda,CG 125,2022,175000,20000,Faisalabad,125
Suzuki,GS-125,2023,400000,20000,Lahore,125
Honda,CG 125,2016,130000,20000,Karachi,125
Yamaha,YB 125Z,2019,229000,20000,Sargodha,125
Honda,CG 125,2022,160000,20000,Lahore,125
Yamaha,YB 125Z-DX,2023,350000,20000,Attock,125
Honda,CG 125,2012,90000,20000,Karachi,125
Honda,CG 125,2021,170000,20000,Islamabad,125
Honda,CG 125,2019,145000,20000,Islamabad,125
Honda,CG 125,2016,145000,20000,Abbottabad,125
Honda,CG 125,2014,125000,20000,Islamabad,125
Honda,CG 125,2024,215000,20000,Sargodha,125
Honda,CG 125,2018,110000,20000,Karachi,125
Honda,CG 125,2023,190000,20000,Faisalabad,125
Honda,CG 125,2014,95000,20000,Sialkot,125
Honda,CG 125 Deluxe,2018,220000,20000,Rawalpindi,125
Honda,CG 125,2021,160000,20000,Nowshera,125
Honda,CG 125,2013,140000,20000,Islamabad,125
Honda,CG 125,2022,165000,20000,Lahore,125
Yamaha,YBR 125,2015,165000,20000,Lahore,125
Honda,CG 125,2007,110000,20000,Islamabad,125
Honda,CG 125,2016,125000,20000,Muridke,125
Honda,CG 125,2021,170000,20000,Faisalabad,125
Honda,CG 125 Special Edition,2021,204000,20000,Rawalpindi,125
Honda,CG 125,2020,130000,20000,Lahore,125
Honda,CG 125,2022,190000,20000,Lahore,125
Honda,CG 125,2018,84000,20000,Karachi,125
Honda,CG 125,2021,160000,20000,Mian Wali,125
Yamaha,YB 125Z-DX,2022,350000,20000,Karachi,125
Honda,CG 125,2021,240000,20000,Rawalpindi,125
Honda,CG 125,2018,140000,20000,Sahiwal,125
Honda,CG 125,2022,150000,20000,Lahore,125
Honda,CG 125,2013,70500,20000,Sheikhupura,125
Honda,CG 125,2019,112000,20000,Karachi,125
Yamaha,YBR 125,2023,370000,20000,Islamabad,125
Honda,CG 125,2020,175000,20000,Peshawar,125
United,US 125 Euro II,2019,78000,20000,Karachi,125
Honda,CG 125,2018,115000,20000,Faisalabad,125
Honda,CG 125,2024,204000,20000,Rawalpindi,125
Honda,CG 125,2020,143000,20000,Peshawar,125
Honda,CG 125,2019,160000,20000,Lahore,125
Honda,CG 125,2018,115000,20000,Lahore,125
Honda,CG 125,2021,150000,20000,Lahore,125
Honda,CB 125F,2019,250000,20000,Karachi,125
Honda,CG 125,2012,90000,20000,Vehari,125
Yamaha,YBR 125,2006,35000,20000,Peshawar,125
Honda,CG 125 Special Edition,2023,231000,20000,Pir mahal,125
Yamaha,YBR 125G,2020,285000,20000,Sadiqabad,125
United,US 125 Euro II,2018,160000,20000,Dera Ghazi Khan,125
Honda,CG 125,2019,155000,20000,Rawalpindi,125
Honda,CG 125 Deluxe,2008,80000,20000,Faisalabad,125
Honda,CG 125,2022,145000,20000,Lahore,125
Unique,UD 125,2012,62000,20000,Karachi,125
United,US 125 Euro II,2018,95000,20000,Karachi,125
Honda,CG 125,2022,165000,20000,Multan,125
Yamaha,YBR 125,2015,200000,20000,Lahore,125
United,US 125 Euro II,2021,75000,20000,Karachi,125
Honda,CG 125,2022,166000,20000,Lahore,125
Honda,CG 125,2020,156000,20000,Karachi,125
Honda,CG 125,2023,149000,20000,Lahore,125
Honda,CG 125,2009,95000,20000,Islamabad,125
Honda,CG 125,2011,110000,20000,Rawalpindi,125
Honda,CG 125,2021,145000,20000,Hyderabad,125
Honda,CG 125,2008,98000,20000,Peshawar,125
Honda,CG 125,2021,170000,20000,Rawalpindi,125
Yamaha,YBR 125G,2020,285000,20000,Karachi,125
Yamaha,YBR 125G,2019,270000,20000,Islamabad,125
Honda,CG 125,2011,120000,20000,Islamabad,125
Honda,CG 125,2014,139000,20000,Attock,125
Honda,CG 125,2019,125000,20000,Abbottabad,125
Honda,CG 125,2023,168000,20000,Lahore,125
Honda,CG 125,2023,185000,20000,Lahore,125
Honda,CG 125,2020,120000,20000,Lahore,125
Honda,CG 125 Dream,2017,125000,20000,Lahore,125
Honda,CG 125,2003,72000,20000,Gujranwala,125
Honda,CG 125,2022,225000,20000,Wah cantt,125
Honda,CG 125,2020,160000,20000,Karachi,125
Honda,CG 125,2023,160000,20000,Lahore,125
Honda,CG 125,2022,167000,20000,Rawalpindi,125
Honda,CG 125,2018,108000,20000,Multan,125
Yamaha,YBR 125,2017,320000,20000,Jhang,125
Honda,CG 125,2021,165000,20000,Rawalpindi,125
Honda,CG 125,2020,135000,20000,Sheikhupura,125
Yamaha,YBR 125,2019,200000,20000,Gujrat,125
Honda,CG 125,2022,180000,20000,Sialkot,125
Yamaha,YB 125Z-DX,2023,390000,20000,Islamabad,125
Honda,CG 125,2023,199000,20000,Lahore,125
Honda,CG 125,2021,220000,20000,Kallar Kahar,125
Honda,CG 125,2013,78000,20000,Sahiwal,125
Honda,CG 125,1990,400000,20000,Lahore,125
Honda,CG 125,2018,163000,20000,Attock,125
Honda,CG 125,2022,200000,20000,Gujar Khan,125
Honda,CG 125,2024,375000,20000,Kashmir,125
Yamaha,YB 125Z-DX,2023,350000,20000,Gujar Khan,125
Honda,CG 125,2020,185000,20000,Rawalpindi,125
Honda,CG 125,2017,150000,20000,Peshawar,125
Yamaha,YB 125Z,2022,235000,20000,Karachi,125
Honda,CG 125,2023,180000,20000,Karachi,125
Honda,CG 125,2023,180000,20000,Renala khurd,125
Honda,CG 125,2023,185000,20000,Gujranwala,125
Honda,CG 125,2014,100000,20000,Mandi bahauddin,125
Honda,CG 125,2021,165000,20000,Lahore,125
Unique,UD 125,2018,120000,20000,Karachi,125
Yamaha,YBR 125,2019,240000,20000,Karachi,125
Super,Power SP 125 Delux,2016,65000,20000,Karachi,125
Yamaha,YBR 125G,2016,210000,20000,Hyderabad,125
Honda,CG 125,2016,78000,20000,Lahore,125
Honda,CG 125,2013,105000,20000,Islamabad,125
Honda,CG 125,2018,103000,20011,Karachi,125
Honda,CG 125,2021,170000,20052,Gujranwala,125
Honda,CG 125,2023,185000,20100,Karachi,125
Honda,CG 125,2022,160000,20146,Karachi,125
Honda,CG 125,2016,80000,20272,Karachi,125
Yamaha,YBR 125,2019,270000,20301,Rawalpindi,125
Honda,CG 125,2022,165000,20347,Lahore,125
Honda,CG 125,2022,175000,20356,Gujranwala,125
Yamaha,YB 125Z,2021,230000,20371,Khanewal,125
Yamaha,YBR 125,2021,333000,20400,Lahore,125
Honda,CG 125,2022,180000,20485,Lahore,125
Yamaha,YBR 125,2021,3500000,20521,Lahore,125
Honda,CG 125,2015,130000,20528,Rawalpindi,125
Honda,CG 125,2019,105000,20800,Rahim Yar Khan,125
Honda,CG 125,2023,185000,20890,Faisalabad,125
United,US 125 Deluxe,2017,140000,20900,Karachi,125
Yamaha,YBR 125G,2021,305000,21000,Faisalabad,125
Honda,CG 125,2022,151000,21000,Bahawalpur,125
Honda,CB 125F,2020,240000,21000,Rawalpindi,125
United,US 125 Euro II,2021,110000,21000,Islamabad,125
Yamaha,YBR 125,2016,190000,21000,Layyah,125
Honda,CG 125,2022,135000,21000,Karachi,125
Honda,CG 125 Special Edition,2021,195000,21000,Multan,125
Honda,CG 125,2021,171000,21000,Talagang,125
Honda,CG 125,2016,133000,21000,Jauharabad,125
Yamaha,YBR 125G,2023,385000,21000,Islamabad,125
Honda,CG 125,2012,120000,21000,Karachi,125
Honda,CG 125,2022,165000,21000,Islamabad,125
Honda,CG 125,2021,165000,21000,Faisalabad,125
Yamaha,YBR 125,2023,365000,21000,Islamabad,125
Honda,CG 125,2015,220000,21000,Lahore,125
Honda,CG 125 Special Edition,2019,200000,21000,Lahore,125
Honda,CG 125,2022,169000,21000,Gwadar,125
Honda,CG 125,2020,170000,21000,Rawalpindi,125
Honda,CG 125,2020,135000,21000,Lahore,125
Honda,CG 125,2023,190000,21000,Lahore,125
Honda,CG 125,2022,155000,21000,Toba Tek Singh,125
Honda,CG 125,2019,165000,21000,Rawalpindi,125
Honda,CG 125,2021,155000,21000,Lahore,125
Yamaha,YBR 125,2019,270000,21000,Jhelum,125
Yamaha,YBR 125,2023,370000,21000,Attock,125
Honda,CG 125,2018,135000,21000,Islamabad,125
Honda,CG 125,2021,165000,21000,Attock,125
Honda,CG 125,2021,160000,21000,Kharian,125
Yamaha,YB 125Z-DX,2023,360000,21000,Islamabad,125
Yamaha,YBR 125,2021,325000,21000,Karachi,125
Yamaha,YB 125Z,2022,295000,21000,Hyderabad,125
Yamaha,YBR 125G,2018,285000,21000,Multan,125
Honda,CG 125,2021,152000,21000,Sheikhupura,125
Honda,CG 125,2020,134000,21000,Multan,125
Honda,CG 125,2020,124000,21000,Multan,125
Yamaha,YBR 125G,2020,345000,21000,Islamabad,125
Yamaha,YBR 125,2018,225000,21000,Sialkot,125
Honda,CG 125,2011,120000,21000,Nowshera,125
Yamaha,YBR 125,2023,400000,21000,Islamabad,125
Yamaha,YBR 125,2020,345000,21000,Islamabad,125
Honda,CG 125,2016,115000,21000,Karachi,125
Honda,CG 125,2023,204000,21000,Lahore,125
Honda,CG 125,2015,114000,21000,Lahore,125
Honda,CG 125,2022,160000,21000,Lahore,125
Honda,CG 125,2020,155000,21000,Lahore,125
Yamaha,YBR 125,2021,325000,21000,Sialkot,125
Honda,CG 125,2023,200000,21000,Sialkot,125
Honda,CG 125,2019,150000,21000,Lahore,125
Honda,CG 125,2022,190000,21000,Lahore,125
Yamaha,YBR 125G,2019,260000,21000,Karachi,125
Yamaha,YB 125Z-DX,2022,325000,21000,Sadiqabad,125
Honda,CG 125,2024,225000,21000,Rawalpindi,125
Yamaha,YBR 125,2021,320000,21000,Faisalabad,125
Honda,CG 125,2021,145000,21000,Sahiwal,125
Honda,CG 125,2021,145000,21000,Rawalpindi,125
Yamaha,YB 125Z,2019,225000,21000,Bahawalnagar,125
Yamaha,YBR 125,2023,390000,21000,Sargodha,125
Yamaha,YB 125Z,2017,192000,21000,Peshawar,125
Honda,CG 125,2022,165000,21000,Lahore,125
Honda,CG 125 Special Edition,2020,170000,21000,Rajana,125
Honda,CG 125,2019,140000,21001,Karak,125
Honda,CG 125,2024,215000,21001,Lahore,125
Yamaha,YBR 125,2021,340000,21200,Rawalpindi,125
Honda,CG 125,2021,145000,21200,Jhang,125
Honda,CG 125,2022,164000,21238,Lahore,125
Honda,CG 125,2023,190000,21330,Lahore,125
Yamaha,YB 125Z,2019,210000,21350,Faisalabad,125
Honda,CG 125,2019,135000,21352,Sargodha,125
Yamaha,YBR 125G,2019,225000,21400,Sialkot,125
Honda,CG 125,2024,210000,21500,Lahore,125
Honda,CG 125,2023,175000,21500,Faisalabad,125
Honda,CG 125,2023,180000,21500,Faisalabad,125
Yamaha,YBR 125,2021,275000,21500,Sahiwal,125
Yamaha,YB 125Z,2019,225000,21646,Bahawalnagar,125
Honda,CG 125,2021,250000,21650,Karachi,125
Honda,CG 125,2019,140000,21700,Lahore,125
Honda,CG 125,2023,173000,21750,Lahore,125
Honda,CG 125,2021,176000,21801,Lahore,125
Honda,CG 125,2018,180000,21811,Sahiwal,125
Honda,CG 125,2021,155000,21847,Khanewal,125
Yamaha,YBR 125G,2016,280000,21873,Lahore,125
Honda,CG 125,2022,180000,21893,Hyderabad,125
Honda,CG 125,2022,155000,21977,Lahore,125
Honda,CG 125 Special Edition,2023,250000,21982,Bahawalpur,125
Yamaha,YB 125Z,2020,270000,21998,Rawalpindi,125
Honda,CG 125,2018,170000,22000,Sahiwal,125
Honda,CG 125,2021,185000,22000,Karachi,125
Honda,CG 125 Special Edition,2023,215000,22000,Multan,125
Honda,CG 125,2023,170000,22000,Lahore,125
Honda,CG 125,2022,190000,22000,Faisalabad,125
Honda,CG 125,2022,175000,22000,Rawalpindi,125
Honda,CG 125,2022,175000,22000,Islamabad,125
Honda,CG 125,2023,162000,22000,Gujranwala,125
Yamaha,YB 125Z-DX,2024,390000,22000,Muzaffar Gargh,125
Yamaha,YB 125Z-DX,2024,390000,22000,Multan,125
Honda,CG 125,2022,180000,22000,Lahore,125
Yamaha,YBR 125G,2022,340000,22000,Lahore,125
Yamaha,YBR 125G,2020,279000,22000,Lahore,125
Honda,CG 125,2018,120000,22000,Sargodha,125
Honda,CG 125,2015,135000,22000,Bahawalpur,125
Honda,CG 125,2023,200000,22000,Islamabad,125
Honda,CG 125,2014,110000,22000,Abbottabad,125
Honda,CG 125,2023,204000,22000,Islamabad,125
Honda,CB 125F,2019,255000,22000,Muzaffarabad,125
Honda,CG 125,2021,140000,22000,Multan,125
Asia,Hero Self Start,2023,220000,22000,Faisalabad,125
Honda,CG 125,2022,160000,22000,Sargodha,125
Honda,CB 125F,2019,245000,22000,Rawalpindi,125
Honda,CG 125,2023,175000,22000,Lahore,125
Honda,CG 125,2021,148000,22000,Karachi,125
Honda,CG 125,2019,155000,22000,Karachi,125
Yamaha,YBR 125,2020,298000,22000,Rawalpindi,125
Honda,CG 125,2021,185000,22000,Rawalpindi,125
Honda,CG 125,2007,125000,22000,Wah cantt,125
Honda,CG 125,2022,160000,22000,Lahore,125
Honda,CG 125,2022,165000,22000,Lahore,125
Yamaha,YBR 125G,2018,270000,22000,Karachi,125
Honda,CG 125,2018,125000,22000,Rawalpindi,125
Honda,CG 125,2023,200000,22000,Mandi bahauddin,125
Honda,CB 125F,2022,305000,22000,Lahore,125
Yamaha,YBR 125G,2020,315000,22000,Rawalpindi,125
Honda,CG 125,2023,195000,22000,Lahore,125
Honda,CG 125,2023,195000,22000,Faisalabad,125
Honda,CG 125,2022,175000,22000,Mandi bahauddin,125
Honda,CG 125,2021,170000,22000,Peshawar,125
Honda,CG 125,2013,85000,22000,Khushab,125
Honda,CG 125,2021,135000,22000,Sahiwal,125
Honda,CG 125,2017,99000,22000,Abbottabad,125
Yamaha,YZ125,2022,315000,22000,Lahore,125
Honda,CG 125,2023,211000,22000,Rawalpindi,125
Honda,CG 125,2023,190000,22000,Sahiwal,125
Honda,CG 125,2023,180000,22000,Gujrat,125
Honda,CG 125,2017,130000,22000,Lahore,125
Yamaha,YB 125Z-DX,2022,305000,22000,Gujrat,125
Honda,CG 125,2019,135000,22000,Lahore,125
Honda,CG 125,2024,190000,22000,Faisalabad,125
Honda,CG 125,2023,185000,22000,Lahore,125
Honda,CG 125,2018,155000,22000,Islamabad,125
Honda,CB 125F,2023,330000,22000,Lahore,125
Honda,CG 125,2022,170000,22000,Rawalpindi,125
Honda,CG 125,2023,178000,22000,Lahore,125
Honda,CG 125,2023,190000,22000,Lahore,125
Yamaha,YB 125Z,2020,215000,22000,Pir mahal,125
Honda,CG 125 Special Edition,2020,200000,22000,Sargodha,125
Honda,CG 125,2021,155000,22000,Multan,125
Honda,CG 125 Special Edition,2021,200000,22015,Lahore,125
Honda,CG 125,2022,165000,22130,Lahore,125
Honda,CG 125,2016,100000,22221,Multan,125
Honda,CG 125,2023,180000,22222,Islamabad,125
Honda,CG 125,2018,138000,22233,Islamabad,125
Yamaha,YBR 125,2015,235000,22300,Lahore,125
Honda,CG 125,2022,176000,22349,Faisalabad,125
Honda,CG 125,2023,180000,22400,Karachi,125
Honda,CG 125,2017,115000,22488,Lahore,125
Yamaha,YBR 125,2019,305000,22500,Karachi,125
Honda,CG 125 Special Edition,2019,215000,22500,Lahore,125
Yamaha,YBR 125G,2019,265000,22500,Karachi,125
Yamaha,YB 125Z,2020,220000,22500,Gujrat,125
Honda,CG 125,2023,170000,22500,Hyderabad,125
Yamaha,YBR 125,2016,185000,22500,Gujrat,125
Honda,CG 125,1991,35999,22600,Karachi,125
Honda,CG 125 Special Edition,2020,200000,22762,Lahore,125
Honda,CG 125,2022,168000,22800,Lahore,125
Honda,CG 125,2022,190000,22978,Lahore,125
Honda,CG 125,2024,190000,23000,Faisalabad,125
Honda,CG 125,2021,165000,23000,Karachi,125
Honda,CG 125,2021,155000,23000,Lahore,125
Honda,CG 125,2023,182000,23000,Sialkot,125
Honda,CG 125,2020,185000,23000,Rawalpindi,125
Honda,CG 125,2021,165000,23000,Lahore,125
Honda,CG 125,2021,190000,23000,Islamabad,125
Yamaha,YBR 125,2022,296000,23000,Wah cantt,125
Honda,CG 125,2011,110000,23000,Gujrat,125
Honda,CG 125,2023,170000,23000,Bahawalpur,125
Honda,CG 125,2017,120000,23000,Gujranwala,125
Yamaha,YBR 125,2021,280000,23000,Manga mandi,125
Yamaha,YBR 125,2023,365000,23000,Rahim Yar Khan,125
Yamaha,YBR 125,2018,250000,23000,Haripur,125
Honda,CG 125,2013,120000,23000,Rawalpindi,125
Honda,CG 125,2015,135000,23000,Mansehra,125
Honda,CG 125,2022,125000,23000,Rawalpindi,125
Honda,CG 125,2019,135000,23000,Sheikhupura,125
Honda,CG 125,2021,145000,23000,Lahore,125
Honda,CG 125,2022,165000,23000,Lahore,125
Honda,CG 125,2022,200000,23000,Muzaffarabad,125
Honda,CG 125,2022,175000,23000,Multan,125
Honda,CG 125,2021,180000,23000,Attock,125
Yamaha,YBR 125G,2021,340000,23000,Rawalpindi,125
Honda,CG 125,2021,150000,23000,Lahore,125
Honda,CG 125,2023,160000,23000,Lahore,125
Honda,CG 125,2020,125000,23000,Depal pur,125
Honda,CG 125,2022,165000,23000,Faisalabad,125
Honda,CG 125,2023,195000,23000,Lahore,125
Yamaha,YB 125Z,2022,269000,23000,Gujrat,125
Yamaha,YBR 125,2019,250000,23000,Khanewal,125
Yamaha,YBR 125,2019,250000,23000,Bahawalpur,125
Honda,CG 125,2018,155000,23000,Wah cantt,125
Honda,CG 125,2018,125000,23000,Lahore,125
Honda,CG 125,2023,190000,23000,Gujranwala,125
Honda,CG 125,2021,135000,23095,Jhang,125
Honda,CG 125,2023,183000,23107,Karachi,125
Honda,CG 125,2020,150000,23200,Faisalabad,125
Honda,CG 125,2022,165000,23200,Faisalabad,125
Honda,CG 125,2021,175000,23262,Lahore,125
Honda,CG 125,2020,150000,23300,Lahore,125
Yamaha,YBR 125G,2021,320000,23400,Karachi,125
Honda,CG 125,2021,155000,23405,Gujrat,125
Yamaha,YB 125Z-DX,2021,285000,23500,Jauharabad,125
Yamaha,YBR 125,2020,280000,23500,Rawalpindi,125
Honda,CG 125,2020,131000,23500,Toba Tek Singh,125
Honda,CG 125,2021,145000,23500,Sahiwal,125
Yamaha,YBR 125G,2020,390000,23500,Muzaffar Gargh,125
Honda,CG 125,2021,165000,23500,Lahore,125
Honda,CG 125,2022,205000,23500,Islamabad,125
Yamaha,YBR 125,2022,350000,23500,Wazirabad,125
Honda,CG 125 Special Edition,2022,230000,23500,Karachi,125
Honda,CG 125,2021,125000,23500,Ahmed Pur East,125
Honda,CG 125,2015,114000,23550,Karachi,125
Honda,CG 125,2021,160000,23568,Attock,125
Honda,CG 125,2021,220000,23658,Attock,125
Yamaha,YB 125Z-DX,2021,262000,23700,Pir mahal,125
Honda,CG 125,2018,115000,23700,Phool nagar,125
Honda,CG 125,2021,150000,23700,Faisalabad,125
Honda,CG 125,2015,85000,23780,Faisalabad,125
Honda,CG 125,2021,165000,23820,Chakwal,125
Honda,CG 125,2022,170000,23900,Karachi,125
Yamaha,YBR 125,2023,330000,23964,Rahim Yar Khan,125
Yamaha,YBR 125,2022,350000,24000,Islamabad,125
Yamaha,YBR 125G,2020,310000,24000,Rawalpindi,125
Yamaha,YBR 125,2019,240000,24000,Multan,125
Yamaha,YB 125Z-DX,2023,335000,24000,Layyah,125
Honda,CG 125,2022,160000,24000,Lahore,125
Honda,CG 125,2022,180000,24000,Gujranwala,125
Yamaha,YBR 125,2018,220000,24000,Peshawar,125
Yamaha,YBR 125G,2017,250000,24000,Sialkot,125
Honda,CG 125,2009,38500,24000,Lahore,125
Honda,CG 125,2021,158000,24000,Lahore,125
Honda,CG 125,2010,120000,24000,Rawalpindi,125
Honda,CG 125,2018,120000,24000,Lahore,125
Honda,CG 125,2022,162000,24000,Hasilpur,125
Honda,CG 125,2022,155000,24000,Rawalpindi,125
Honda,CG 125,2020,140000,24000,Hyderabad,125
Honda,CG 125,2023,195000,24000,Gujar Khan,125
Honda,CG 125,2021,143000,24000,Lahore,125
Yamaha,YBR 125,2021,285000,24000,Lahore,125
Yamaha,YBR 125G,2020,335000,24000,Rawalpindi,125
Yamaha,YB 125Z,2017,185000,24000,Gujranwala,125
Honda,CG 125,2022,170000,24000,Islamabad,125
Honda,CG 125,2017,135000,24000,Sargodha,125
Honda,CG 125,2022,165000,24000,Lahore,125
Honda,CG 125,2021,210000,24000,Chakwal,125
Honda,CG 125,2022,160000,24000,Chishtian,125
Honda,CG 125,2021,185000,24000,Rawalpindi,125
Honda,CG 125,2018,195000,24000,Badin,125
Honda,CG 125,2020,160000,24000,Islamabad,125
Honda,CG 125,2021,155000,24000,Bhalwal,125
Honda,CG 125,2023,185000,24000,Sahiwal,125
Honda,CG 125,2022,170000,24000,Lahore,125
Honda,CG 125,2021,150000,24000,Multan,125
Honda,CG 125,2008,85000,24000,Islamabad,125
Honda,CG 125,2018,140000,24000,Bahawalpur,125
Honda,CG 125,2023,173000,24000,Rahim Yar Khan,125
Yamaha,YBR 125G,2022,350000,24000,Karachi,125
Honda,CG 125,2024,193000,24028,Lahore,125
Honda,CG 125,2022,164000,24080,Multan,125
Honda,CG 125,2020,158000,24123,Rawalpindi,125
Honda,CG 125,2019,165000,24153,Lahore,125
Honda,CG 125,2021,165000,24169,Lahore,125
Honda,CG 125,2022,202000,24211,Islamabad,125
Honda,CG 125,2024,192000,24300,Karachi,125
Honda,CG 125,2018,155000,24333,Faisalabad,125
Honda,CG 125,2018,150000,24334,Rawalpindi,125
Honda,CG 125 Special Edition,2022,208000,24393,Lahore,125
Honda,CG 125,2022,205000,24398,Lahore,125
Yamaha,YBR 125G,2021,325000,24400,Islamabad,125
Yamaha,YBR 125G,2021,290000,24400,Lahore,125
Honda,CG 125,2023,196000,24421,Islamabad,125
Honda,CG 125,2021,195000,24430,Islamabad,125
Yamaha,YBR 125G,2021,305000,24500,Karachi,125
Yamaha,YB 125Z-DX,2022,305000,24500,Dera Ghazi Khan,125
Honda,CB 125F,2019,235000,24500,Lahore,125
Honda,CG 125,2012,92000,24500,Jhang,125
Honda,CG 125,2022,180000,24566,Sahiwal,125
Yamaha,YBR 125G,2021,335000,24595,Faisalabad,125
Yamaha,YBR 125,2015,270000,24600,Hasilpur,125
Honda,CG 125,2022,160000,24800,Gujranwala,125
Honda,CG 125,2024,205000,24926,Karachi,125
Honda,CG 125,2012,105000,24948,Lahore,125
Honda,CG 125,2025,285000,25000,Kohat,125
Honda,CG 125,2016,100000,25000,Karachi,125
Honda,CG 125,2022,150000,25000,Lahore,125
United,US 125 Euro II,2019,85000,25000,Rawalpindi,125
Honda,CG 125,2022,195000,25000,Islamabad,125
Yamaha,YBR 125,2021,310000,25000,Karachi,125
Honda,CG 125,2021,140000,25000,Lahore,125
Yamaha,YB 125Z,2018,200000,25000,Hyderabad,125
Honda,CG 125,2022,155000,25000,Burewala,125
Honda,CG 125,2022,160000,25000,Multan,125
Honda,CG 125,2021,162000,25000,Jhang,125
Yamaha,YBR 125,2016,195000,25000,Abbottabad,125
Honda,CG 125,2022,115000,25000,Rawalpindi,125
Honda,CG 125,2020,160000,25000,Lahore,125
Honda,CG 125,2022,170000,25000,Sargodha,125
Honda,CG 125,2005,78000,25000,Karachi,125
Honda,CG 125,2020,140000,25000,Lahore,125
Honda,CG 125,2018,125000,25000,Lahore,125
Yamaha,YBR 125G,2021,320000,25000,Faisalabad,125
Honda,CG 125,2022,160000,25000,Lahore,125
Honda,CG 125,2013,98000,25000,Karachi,125
Honda,CG 125,2018,135000,25000,Karachi,125
Yamaha,YB 125Z,2020,250000,25000,Lahore,125
Honda,CG 125,2021,155000,25000,Lahore,125
Honda,CG 125,2021,142000,25000,Faisalabad,125
Honda,CG 125,2016,117000,25000,Faisalabad,125
Honda,CG 125,2022,155000,25000,Lahore,125
Honda,CG 125,2015,120000,25000,Abbottabad,125
Yamaha,YBR 125G,2017,229000,25000,Mansehra,125
Yamaha,YZ125,2018,220000,25000,Lahore,125
Honda,CG 125 Deluxe,2008,110000,25000,Jhelum,125
Yamaha,YBR 125,2019,280000,25000,Jhelum,125
Honda,CG 125,2021,155000,25000,Karachi,125
Yamaha,YBR 125,2021,282000,25000,Sahiwal,125
Honda,CG 125,2003,68500,25000,Gujrat,125
Honda,CG 125,2022,160000,25000,Sialkot,125
Honda,CG 125,2016,115000,25000,Lahore,125
Honda,CG 125 Deluxe,2013,175000,25000,Lahore,125
Honda,CG 125,2018,115000,25000,Lahore,125
Honda,CG 125,2016,107000,25000,Lahore,125
Yamaha,YB 125Z,2019,250000,25000,Islamabad,125
Yamaha,YBR 125G,2020,305000,25000,Islamabad,125
Yamaha,YBR 125G,2021,360000,25000,Karachi,125
Honda,CG 125,2023,195000,25000,Chishtian,125
Honda,CG 125,2016,95000,25000,Islamabad,125
Honda,CG 125,2022,179000,25000,Wah cantt,125
Honda,CG 125,2018,130000,25000,Karachi,125
Yamaha,YBR 125G,2021,290000,25000,Islamabad,125
Honda,CG 125,2021,165000,25000,Karachi,125
Yamaha,YBR 125G,2020,300000,25000,Rawalpindi,125
Honda,CG 125,2020,200000,25000,Faisalabad,125
Yamaha,YB 125Z-DX,2023,350000,25000,Kharian,125
Honda,CG 125,2020,150000,25000,Karachi,125
Honda,CG 125,2019,165000,25000,Lahore,125
Yamaha,YBR 125,2015,220000,25000,Okara,125
Honda,CG 125,2009,120000,25000,Abbottabad,125
Yamaha,YZ125,2023,330000,25000,Bahawalnagar,125
Honda,CG 125,2021,150000,25000,Karachi,125
Yamaha,YB 125Z,2019,230000,25000,Mardan,125
Honda,CG 125,2021,121000,25000,Chichawatni,125
Honda,CG 125,2020,197000,25000,Lahore,125
Honda,CG 125,2019,128000,25000,Karachi,125
Honda,CG 125,2021,170000,25000,Lahore,125
Honda,CG 125,2021,160000,25000,Faisalabad,125
Yamaha,YBR 125G,2019,270000,25000,Abbottabad,125
Honda,CG 125,2011,98500,25000,Multan,125
Honda,CG 125,2014,145000,25000,Gujar Khan,125
Honda,CG 125 Deluxe,2015,128000,25000,Karachi,125
Honda,CG 125,2020,152000,25000,Abbottabad,125
Yamaha,YBR 125,2023,350000,25000,Rawalpindi,125
Honda,CG 125,2014,115000,25000,Faisalabad,125
Yamaha,YBR 125,2023,390000,25000,Islamabad,125
Honda,CG 125,2015,100000,25000,Lahore,125
Honda,CG 125,2021,155000,25000,Faisalabad,125
Honda,CG 125,2023,185000,25000,Lahore,125
Yamaha,YB 125Z-DX,2021,315000,25000,Lahore,125
Honda,CG 125,2019,140000,25000,Lahore,125
Honda,CG 125,2010,160000,25000,Gujranwala,125
Honda,CG 125,2021,170000,25000,Kasur,125
Yamaha,YB 125Z,2020,265000,25000,Islamabad,125
Honda,CG 125,2014,95000,25000,Lahore,125
Honda,CG 125,2021,130000,25000,Sahiwal,125
Honda,CG 125,2017,110000,25000,Karachi,125
Honda,CG 125,2022,185000,25000,Rawalpindi,125
Honda,CG 125 Special Edition,2021,180000,25000,Lahore,125
Honda,CG 125,2022,170000,25000,Islamabad,125
United,US 125 Euro II,2019,114000,25000,Karachi,125
Yamaha,YBR 125G,2023,400000,25000,Karachi,125
Honda,CG 125,2022,250000,25000,Taxila,125
Honda,CG 125,2020,150000,25000,Mirpur A.K.,125
Honda,CG 125,2005,85000,25000,Rawalpindi,125
Honda,CG 125,2015,85000,25000,Sargodha,125
Yamaha,YBR 125,2017,210000,25000,Karachi,125
Yamaha,YBR 125,2016,220000,25000,Mansehra,125
Yamaha,YB 125Z-DX,2022,340000,25000,Mian Wali,125
Yamaha,YBR 125G,2021,290000,25000,Lahore,125
Honda,CG 125,2020,120000,25000,Lahore,125
Honda,CG 125 Special Edition,2021,175000,25000,Hawilian,125
Yamaha,YBR 125,2019,240000,25000,Talagang,125
Honda,CG 125,2010,130000,25000,Islamabad,125
Honda,CG 125,2021,165000,25000,Lahore,125
Honda,CG 125,1989,42000,25000,Karachi,125
Honda,CG 125,2009,80000,25000,Lahore,125
Honda,CG 125,2015,92999,25000,Lahore,125
Honda,CG 125,2019,150000,25000,Rawalpindi,125
Honda,CG 125,2021,148000,25000,Lahore,125
Honda,CG 125,2011,69900,25000,Rawalpindi,125
Honda,CG 125,2015,90000,25000,Pir mahal,125
Honda,CB 125F,2022,300000,25000,Bahawalpur,125
Honda,CG 125,2013,125000,25000,Islamabad,125
Honda,CG 125 Special Edition,2019,160000,25000,Karachi,125
Yamaha,YBR 125G,2019,285000,25000,Karachi,125
Honda,CG 125,2021,140000,25000,Karachi,125
Honda,CG 125,2022,185000,25000,Faisalabad,125
Yamaha,YB 125Z-DX,2021,278000,25000,Gujrat,125
Honda,CG 125,2019,120000,25000,Jahaniya,125
Honda,CG 125,2006,85000,25000,Wah cantt,125
Honda,CG 125,2021,180000,25000,Lahore,125
Honda,CG 125,2021,210000,25000,Chakwal,125
Honda,CG 125,2023,195000,25000,Toba Tek Singh,125
Honda,CG 125,2017,165000,25000,Taxila,125
Yamaha,YB 125Z,2020,300000,25000,Islamabad,125
Yamaha,YBR 125,2017,220000,25000,Bahawalpur,125
Yamaha,YBR 125G,2022,345000,25000,Islamabad,125
Honda,CG 125,2022,178000,25000,Karachi,125
Honda,CG 125,2024,260000,25000,Rawalpindi,125
Honda,CG 125,2020,185000,25000,Faisalabad,125
Honda,CG 125 Special Edition,2020,140000,25000,Faisalabad,125
Honda,CG 125,2020,160000,25000,Rawalpindi,125
Honda,CG 125,2017,100000,25000,Sargodha,125
Honda,CG 125,2015,120000,25000,Sangla Hills,125
Honda,CG 125,2018,120000,25000,Sargodha,125
Honda,CG 125,2023,170000,25000,Lahore,125
Honda,CG 125,2015,105000,25000,Faisalabad,125
Honda,CG 125,2006,38500,25048,Rawalpindi,125
Honda,CG 125,2019,140000,25087,Faisalabad,125
Yamaha,YBR 125G,2021,290000,25099,Bahawalpur,125
Honda,CG 125,2022,180000,25114,Lahore,125
Honda,CG 125,2022,155000,25145,Mardan,125
Honda,CG 125,2023,180000,25145,Multan,125
Honda,CG 125,2009,128000,25300,Lahore,125
Honda,CG 125,2021,150000,25450,Faisalabad,125
Yamaha,YBR 125,2021,300000,25500,Lahore,125
Honda,CG 125,2022,195000,25500,Rawalpindi,125
Honda,CG 125,2021,145000,25522,Lahore,125
Honda,CG 125,2021,185000,25548,Karachi,125
Honda,CG 125,2021,145000,25638,Karachi,125
Honda,CG 125,2013,110000,25666,Islamabad,125
Yamaha,YBR 125G,2022,365000,25700,Islamabad,125
Yamaha,YBR 125,2023,340000,25742,Rawalpindi,125
Honda,CG 125,2012,120000,25798,Islamabad,125
Honda,CG 125,2021,140000,25800,Sheikhupura,125
Honda,CG 125,2009,35000,25801,Rawalpindi,125
Honda,CG 125,2021,125000,25808,Lahore,125
Kawasaki,GTO 125,1986,220000,25867,Rawalpindi,125
Honda,CG 125 Deluxe,2016,145000,25872,Gambat,125
Honda,CG 125,2022,181000,25874,Abbottabad,125
Honda,CG 125,2011,125000,25876,Islamabad,125
Yamaha,YBR 125,2016,225000,25880,Peshawar,125
Honda,CG 125,2012,120000,25988,Islamabad,125
Honda,CG 125,2016,125000,26000,Lahore,125
Yamaha,YB 125Z,2017,170000,26000,Mandi bahauddin,125
Yamaha,YBR 125,2021,280000,26000,Lahore,125
Honda,CG 125 Special Edition,2021,127000,26000,Rawalpindi,125
Super,Power SP 125 Delux,2013,150000,26000,Lahore,125
Honda,CG 125,2016,119000,26000,Rawalpindi,125
Honda,CG 125,2022,175000,26000,Rawalpindi,125
Honda,CG 125,2021,156000,26000,Lahore,125
Yamaha,YBR 125G,2021,350000,26000,Islamabad,125
Pak,Hero PK125,2006,48500,26000,Rawalpindi,125
Yamaha,YBR 125G,2018,260000,26000,Lahore,125
Honda,CG 125,2023,160000,26000,Lahore,125
Yamaha,YBR 125,2023,328000,26000,Kasur,125
Honda,CG 125,2010,88000,26000,Rawalpindi,125
Yamaha,YB 125Z-DX,2021,340000,26000,Islamabad,125
Yamaha,YBR 125,2021,295000,26000,Lahore,125
Yamaha,YBR 125,2020,310000,26000,Islamabad,125
Yamaha,YBR 125,2021,310000,26000,Islamabad,125
Honda,CB 125F,2021,275000,26000,Muzaffarabad,125
Yamaha,YBR 125G,2021,350000,26000,Multan,125
Honda,CG 125,2021,165000,26000,Kharian,125
Honda,CG 125,2022,165000,26000,Lahore,125
Yamaha,YBR 125,2016,210000,26000,Haroonabad,125
Honda,CG 125,2022,185000,26000,Islamabad,125
Honda,CG 125,2018,160000,26000,Rawalpindi,125
Yamaha,YBR 125,2017,350000,26000,Kotla,125
Yamaha,YB 125Z,2020,192000,26000,Bhakkar,125
Honda,CG 125,2023,210000,26000,Lahore,125
Honda,CG 125,2021,140000,26000,Multan,125
Honda,CG 125,2021,169000,26000,Rawalpindi,125
Honda,CG 125,2020,140000,26000,Lahore,125
Honda,CG 125,2020,310000,26000,Lahore,125
Yamaha,YB 125Z,2020,240000,26000,Sahiwal,125
Honda,CG 125,2023,175000,26000,Faisalabad,125
Honda,CG 125,2023,190000,26000,Lahore,125
Honda,CG 125,2009,130000,26000,Lahore,125
Honda,CG 125,2022,162000,26000,Arifwala,125
Yamaha,YBR 125,2020,320000,26000,Lahore,125
Yamaha,YBR 125,2019,275000,26000,Sargodha,125
Honda,CG 125,2018,110000,26000,Karachi,125
Honda,CG 125 Special Edition,2021,175000,26000,Sialkot,125
Honda,CG 125,2024,250000,26000,Sargodha,125
Yamaha,YBR 125G,2023,385000,26000,Taxila,125
Yamaha,YBR 125,2021,350000,26000,Chakwal,125
Honda,CG 125,2021,150000,26243,Faisalabad,125
Honda,CG 125,2021,140000,26388,Lahore,125
Honda,CG 125,2022,180000,26496,Khurrianwala,125
Honda,CG 125,2022,210000,26500,Lahore,125
Honda,CG 125,2022,190000,26500,Rawalpindi,125
Honda,CG 125,2021,170000,26543,Haripur,125
Honda,CG 125,2020,133000,26598,Rawalpindi,125
Honda,CG 125,2023,177000,26800,Lahore,125
Honda,CG 125,2016,83000,26835,Multan,125
Yamaha,YBR 125,2017,210000,27000,Lahore,125
Yamaha,YBR 125G,2016,185000,27000,Karachi,125
Yamaha,YBR 125G,2007,199000,27000,Lahore,125
Honda,CG 125,2022,195000,27000,Lahore,125
Honda,CG 125,2021,190000,27000,Rawalpindi,125
Honda,CG 125,2021,175000,27000,Sargodha,125
Honda,CG 125,2021,140000,27000,Lahore,125
Yamaha,YB 125Z-DX,2023,385000,27000,Karachi,125
Yamaha,YBR 125,2022,350000,27000,Karachi,125
Road,Prince 125,2021,80000,27000,Lahore,125
Yamaha,YB 125Z,2022,250000,27000,Sargodha,125
Honda,CG 125,2023,173000,27000,Lahore,125
Yamaha,YBR 125G,2019,260000,27000,Quetta,125
Honda,CG 125 Special Edition,2020,225000,27000,Rawalpindi,125
Yamaha,YB 125Z-DX,2020,270000,27000,Abbottabad,125
Honda,CG 125,2022,190000,27000,Rawalpindi,125
Honda,CG 125,2018,150000,27000,Faisalabad,125
Yamaha,YBR 125,2016,235000,27000,Lahore,125
Honda,CG 125,2023,195000,27000,Islamabad,125
Yamaha,YBR 125,2018,152000,27000,Multan,125
Honda,CG 125,2020,150000,27000,Lahore,125
Suzuki,GSX 125,2023,299000,27000,Sialkot,125
Honda,CG 125,2021,143000,27000,Larkana,125
Yamaha,YBR 125,2020,260000,27000,Abbottabad,125
Yamaha,YB 125Z,2018,220000,27000,Bahawalpur,125
Honda,CG 125,2019,165000,27000,Sargodha,125
Yamaha,YB 125Z-DX,2022,335000,27000,Kharian,125
Honda,CG 125,2021,165000,27000,Islamabad,125
Yamaha,YBR 125,2018,188000,27000,Multan,125
Honda,CG 125,2022,180000,27000,Lahore,125
Yamaha,YBR 125,2021,300000,27000,Lahore,125
Yamaha,YBR 125G,2019,300000,27000,Rawalpindi,125
Yamaha,YB 125Z,2020,210000,27000,Lahore,125
Yamaha,YBR 125,2018,245000,27000,Sialkot,125
Yamaha,YB 125Z,2022,249000,27000,Gujrat,125
Honda,CG 125,2022,185000,27000,Muzaffarabad,125
Honda,CG 125,2020,145000,27000,Karachi,125
Yamaha,YZ125,2021,310000,27000,Lahore,125
Honda,CG 125,2016,150000,27000,Lahore,125
Yamaha,YB 125Z,2022,249000,27500,Gujrat,125
Yamaha,YBR 125G,2018,275000,27500,Lahore,125
Yamaha,YBR 125,2018,270000,27500,Lahore,125
Honda,CG 125,2020,165000,27658,Jhelum,125
Yamaha,YBR 125,2020,260000,27695,Islamabad,125
Honda,CG 125,2021,175000,27800,Haripur,125
Honda,CG 125,2021,180000,27800,Hassan abdal,125
Yamaha,YBR 125,2019,230000,27800,Kohat,125
Honda,CG 125,2007,120000,27871,Lahore,125
Honda,CG 125 Special Edition,2022,185000,27900,Faisalabad,125
Honda,CG 125 Special Edition,2023,210000,28000,Lahore,125
Yamaha,YBR 125G,2022,349000,28000,Islamabad,125
Yamaha,YZ125,2022,370000,28000,Karachi,125
Honda,CG 125 Special Edition,2020,185000,28000,Faisalabad,125
Yamaha,YBR 125,2018,215000,28000,Mirpur A.K.,125
Yamaha,YBR 125G,2021,293000,28000,Lahore,125
Yamaha,YBR 125,2021,340000,28000,Sargodha,125
Honda,CG 125,2022,197000,28000,Islamabad,125
Honda,CG 125,2018,117000,28000,Lahore,125
Yamaha,YBR 125G,2022,340000,28000,Karachi,125
Honda,CG 125 Special Edition,2021,195000,28000,Lahore,125
Honda,CG 125,2021,135000,28000,Faisalabad,125
Honda,CB 125F,2019,195000,28000,Sahiwal,125
Yamaha,YBR 125G,2019,285000,28000,Faisalabad,125
Honda,CG 125,1991,700000,28000,Islamabad,125
Honda,CG 125,2016,120000,28000,Islamabad,125
Yamaha,YBR 125,2020,238000,28000,Rawalpindi,125
Yamaha,YB 125Z-DX,2023,325000,28000,Lahore,125
Yamaha,YBR 125,2023,330000,28000,Chichawatni,125
Honda,CG 125,2021,160000,28000,Lahore,125
Yamaha,YB 125Z-DX,2021,330000,28000,Rawalpindi,125
Yamaha,YBR 125,2015,190000,28000,Lahore,125
Honda,CG 125,2022,180000,28000,Lahore,125
Yamaha,YBR 125,2022,360000,28000,Peshawar,125
Yamaha,YBR 125,2020,243000,28000,Rawalpindi,125
Honda,CG 125,2023,215000,28000,Swabi,125
Honda,CG 125,2021,165000,28000,Lahore,125
Honda,CG 125,2022,170000,28000,Karachi,125
Honda,CG 125,2018,135000,28000,Swabi,125
Yamaha,YBR 125,2019,265000,28000,Lahore,125
Honda,CG 125,2015,115000,28000,Rawalpindi,125
Yamaha,YB 125Z,2022,320000,28000,Gujrat,125
Honda,CG 125,2022,170000,28000,Kharian,125
Honda,CG 125,2009,120000,28000,Lahore,125
Honda,CG 125,2021,142000,28000,Rahim Yar Khan,125
Honda,CG 125,2020,178000,28000,Rawalpindi,125
Honda,CG 125,2005,168000,28000,Lahore,125
Honda,CG 125,2019,140000,28000,Lahore,125
Yamaha,YBR 125G,2018,295000,28000,Rawalpindi,125
Honda,CG 125,2021,145000,28000,Karachi,125
Yamaha,YBR 125,2018,350000,28000,Faisalabad,125
Yamaha,YBR 125G,2017,250000,28000,Sialkot,125
Honda,CG 125,2023,185000,28000,Lahore,125
Honda,CG 125,2023,260000,28000,Lahore,125
Honda,CG 125,2018,140000,28000,Rawalpindi,125
Yamaha,YB 125Z-DX,2023,382000,28000,Islamabad,125
Yamaha,YBR 125G,2018,240000,28000,Lahore,125
Honda,CG 125,2022,165000,28000,Lahore,125
Honda,CG 125,2017,110000,28000,Lahore,125
Yamaha,YB 125Z,2019,240000,28092,Sargodha,125
Honda,CG 125,2020,185000,28145,Rawalpindi,125
Honda,CG 125,2015,125000,28300,Islamabad,125
Yamaha,YBR 125G,2019,248000,28300,Sialkot,125
Honda,CG 125,2021,180000,28324,Chakwal,125
Honda,CG 125,2022,170000,28400,Lahore,125
Honda,CG 125,2023,190000,28400,Lahore,125
Honda,CG 125,2018,110000,28431,Lahore,125
Honda,CG 125,2018,160000,28455,Rawalpindi,125
Honda,CG 125,2018,125000,28486,Lahore,125
Yamaha,YBR 125G,2019,215000,28500,Lahore,125
Yamaha,YBR 125G,2020,375000,28500,Hyderabad,125
Yamaha,YBR 125,2021,300000,28500,Lahore,125
Honda,CG 125,2022,235000,28500,Sialkot,125
Yamaha,YBR 125,2019,265000,28500,Lahore,125
Honda,CG 125,2024,210000,28600,Karachi,125
Honda,CG 125,2019,150000,28638,Lahore,125
Honda,CG 125,2020,135000,28700,Karachi,125
Yamaha,YBR 125G,2020,330000,28734,Karachi,125
Yamaha,YBR 125G,2021,295000,28742,Karachi,125
Honda,CG 125 Deluxe,2010,200000,28867,Lahore,125
Yamaha,YBR 125G,2021,310000,29000,Karachi,125
Yamaha,YBR 125G,2020,300000,29000,Karachi,125
Honda,CB 125F,2020,280000,29000,Attock,125
Yamaha,YBR 125,2017,215000,29000,Wah cantt,125
Yamaha,YBR 125G,2021,340000,29000,Attock,125
Yamaha,YB 125Z-DX,2022,290000,29000,Kasur,125
Yamaha,YBR 125G,2020,350000,29000,Karachi,125
Yamaha,YBR 125,2019,240000,29000,Chaksawari,125
Yamaha,YBR 125,2018,265000,29000,Faisalabad,125
Honda,CB 125F,2021,260000,29000,Rawalpindi,125
Yamaha,YB 125Z-DX,2022,330000,29000,Karachi,125
Honda,CG 125,2021,150000,29000,Sialkot,125
Honda,CG 125,2022,153000,29000,Rahim Yar Khan,125
Yamaha,YB 125Z,2022,319000,29000,Islamabad,125
Yamaha,YB 125Z,2022,320000,29000,Islamabad,125
United,US 125 Deluxe,2020,170000,29000,Wah cantt,125
Yamaha,YBR 125,2016,225000,29000,Karachi,125
Honda,CG 125,2017,129000,29000,Faisalabad,125
Honda,CG 125,2021,160000,29000,Islamabad,125
Yamaha,YBR 125,2020,260000,29000,Attock,125
Yamaha,YBR 125,2021,340000,29000,Peshawar,125
Honda,CG 125,2021,185000,29000,Islamabad,125
Honda,CG 125,2016,123000,29000,Rawalpindi,125
Honda,CG 125 Special Edition,2021,210000,29000,Karachi,125
Honda,CG 125,2023,175000,29000,Karachi,125
Honda,CG 125,2021,165000,29000,Lahore,125
Honda,CG 125,2021,154000,29000,Multan,125
Honda,CG 125,2019,115000,29000,Faisalabad,125
Honda,CB 125F,2021,315000,29027,Islamabad,125
Honda,CG 125,2020,165000,29290,Islamabad,125
Honda,CG 125,2021,155000,29392,Islamabad,125
Honda,CG 125,2018,138000,29500,Attock,125
Yamaha,YBR 125,2020,245000,29500,Karachi,125
Honda,CG 125,2022,200000,29500,Lahore,125
Honda,CG 125,2021,165000,29690,Lahore,125
Honda,CG 125,2018,125000,29700,Sialkot,125
Honda,CG 125 Special Edition,2019,200000,29770,Islamabad,125
Yamaha,YBR 125,2017,205000,29999,Rawalpindi,125
Honda,CG 125,2022,160000,30000,Gujranwala,125
Honda,CG 125,2015,135000,30000,Rawalpindi,125
Chinese,Bikes 125,2008,50000,30000,Karachi,125
Yamaha,YBR 125,2019,270000,30000,Quetta,125
Honda,CG 125,2014,185000,30000,Karachi,125
Honda,CG 125,2016,135000,30000,Islamabad,125
Honda,CG 125,2022,155000,30000,Karachi,125
Honda,CG 125,2019,130000,30000,Multan,125
Honda,CG 125,2016,85000,30000,Lodhran,125
Honda,CG 125,2018,140000,30000,Islamabad,125
Honda,CG 125,2021,160000,30000,Kharian,125
Honda,CG 125,2020,130000,30000,Lahore,125
Honda,CG 125,2021,220000,30000,Islamabad,125
Honda,CG 125,2021,145000,30000,Rawalpindi,125
Yamaha,YBR 125G,2017,250000,30000,Multan,125
Yamaha,YBR 125G,2022,350000,30000,Lahore,125
Honda,CG 125,2010,150000,30000,Faisalabad,125
Honda,CG 125,2016,114000,30000,Lahore,125
Honda,CB 125F,2022,280000,30000,Karachi,125
Honda,CG 125,2020,155000,30000,Sargodha,125
Honda,CG 125,2021,128000,30000,Faisalabad,125
Yamaha,YBR 125,2017,229000,30000,Islamabad,125
United,US 125 Euro II,2020,62000,30000,Abbottabad,125
Honda,CG 125,2021,130000,30000,Faisalabad,125
Honda,CG 125,2023,175000,30000,Karachi,125
Honda,CG 125,2021,140000,30000,Chunian,125
Super,Power SP 125 Delux,2015,50000,30000,Karachi,125
Honda,CG 125,2021,170000,30000,Mardan,125
Honda,CG 125,2021,150000,30000,Toba Tek Singh,125
Honda,CG 125,2020,175000,30000,Rawalpindi,125
Honda,CG 125,2014,125000,30000,Rawalpindi,125
Honda,CG 125,2022,190000,30000,Rawalpindi,125
Yamaha,YBR 125,2022,365000,30000,Islamabad,125
Honda,CG 125,2017,120000,30000,Karachi,125
Honda,CG 125 Deluxe,2011,120000,30000,Rawalpindi,125
Honda,CG 125,2018,160000,30000,Faisalabad,125
Honda,CG 125,2022,155000,30000,Lahore,125
Honda,CG 125,2022,165000,30000,Renala khurd,125
Honda,CG 125,2023,200000,30000,Islamabad,125
Honda,CG 125,2019,135000,30000,Lahore,125
Honda,CB 125F,2020,280000,30000,Peshawar,125
Honda,CG 125,2020,158000,30000,Lahore,125
Honda,CG 125,2021,150000,30000,Gujrat,125
Honda,CG 125,2006,140000,30000,Gujranwala,125
Super,Power SP 125 Delux,2017,90000,30000,Hyderabad,125
Honda,CG 125,2020,150000,30000,Karachi,125
Honda,CG 125,2021,150000,30000,Sahiwal,125
Honda,CG 125,2017,98000,30000,Karachi,125
Honda,CG 125,2021,185000,30000,Islamabad,125
Yamaha,YBR 125,2016,220000,30000,Rawalpindi,125
Yamaha,YBR 125G,2021,350000,30000,Multan,125
Honda,CG 125,2017,130000,30000,Pir mahal,125
Honda,CG 125,2021,140000,30000,Lahore,125
Yamaha,YBR 125,2017,250000,30000,Rawalpindi,125
Honda,CG 125,2017,100000,30000,Lahore,125
Yamaha,YBR 125G,2018,290000,30000,Multan,125
Honda,CG 125,2020,200000,30000,Islamabad,125
Honda,CG 125,2017,140000,30000,Dera ismail khan,125
Honda,CG 125,2024,192000,30000,Lahore,125
Honda,CG 125,2021,200000,30000,Islamabad,125
Honda,CG 125,2022,212000,30000,Lahore,125
Honda,CG 125,2021,135000,30000,Sialkot,125
Honda,CG 125,2019,120000,30000,Multan,125
Yamaha,YBR 125,2018,240000,30000,Karachi,125
Honda,CG 125,2021,170000,30000,Islamabad,125
Honda,CG 125,2016,120000,30000,Lahore,125
Yamaha,YBR 125G,2019,238000,30000,Karachi,125
United,US 125 Euro II,2021,75000,30000,Karachi,125
Honda,CG 125 Special Edition,2021,185000,30000,Lahore,125
Yamaha,YB 125Z,2018,165000,30000,Daska,125
Honda,CG 125,2022,160000,30000,Lahore,125
Honda,CG 125,2020,145000,30000,Faisalabad,125
Honda,CG 125 Deluxe,2016,165000,30000,Gujar Khan,125
Honda,CG 125,2007,75000,30000,Faisalabad,125
Honda,CG 125,2021,151000,30000,Sargodha,125
Honda,CG 125 Deluxe,2014,130000,30000,Islamabad,125
Honda,CG 125,2021,140000,30000,Jhang,125
United,US 125 Euro II,2021,98000,30000,Karachi,125
Honda,CG 125,2018,200000,30000,Karachi,125
Yamaha,YBR 125,2017,260000,30000,Lahore,125
Honda,CG 125,2011,85000,30000,Peshawar,125
Honda,CG 125,2012,170000,30000,Hafizabad,125
Honda,CG 125,2018,135000,30000,Karachi,125
Yamaha,YBR 125G,2019,285000,30000,Attock,125
Honda,CG 125,2020,160000,30000,Rawalpindi,125
Honda,CG 125,2014,104000,30000,Lahore,125
Honda,CG 125,2020,148000,30000,Lahore,125
Honda,CG 125,2021,165000,30000,Karachi,125
Honda,CG 125,2016,130000,30000,Multan,125
Honda,CG 125,2020,135000,30000,Lahore,125
Yamaha,YB 125Z,2018,210000,30000,Lala musa,125
Honda,CG 125,2014,95000,30000,Bahawalpur,125
Honda,CG 125,2013,135000,30000,Rawalpindi,125
Honda,CG 125,2018,135000,30000,Faisalabad,125
Honda,CG 125,2019,150000,30000,Burewala,125
Yamaha,YBR 125,2019,238000,30000,Karachi,125
Honda,CG 125,2017,140000,30000,Sargodha,125
Honda,CG 125,2015,120000,30000,Lahore,125
Yamaha,YBR 125G,2019,255000,30000,Karachi,125
Honda,CG 125,2021,140000,30000,Karachi,125
Honda,CG 125,2011,150000,30000,Mansehra,125
Yamaha,YBR 125,2015,160000,30000,Lahore,125
Honda,CG 125,2021,150000,30000,Lahore,125
Honda,CG 125,2021,160000,30000,Kasur,125
Honda,CG 125,2010,120000,30000,Islamabad,125
United,US 125 Euro II,2022,97000,30000,Karachi,125
Yamaha,YBR 125,2017,180000,30000,Chenab Nagar,125
Honda,CG 125,2017,135000,30000,Rawalpindi,125
Yamaha,YB 125Z,2018,190000,30000,Multan,125
Honda,CG 125,2016,115000,30000,Islamabad,125
United,US 125 Euro II,2017,68000,30000,Karachi,125
Honda,CG 125,2018,145000,30000,Karachi,125
Honda,CG 125,2021,150000,30000,Multan,125
Road,Prince 125 Twister,2023,190000,30000,Rawalpindi,125
Yamaha,YBR 125,2021,275000,30000,Taxila,125
Honda,CG 125,2021,175000,30000,Islamabad,125
Unique,UD 125,2018,95000,30000,Karachi,125
Honda,CG 125,2017,160000,30000,Karachi,125
Honda,CG 125 Dream,2016,85000,30000,Lahore,125
Honda,CG 125,2019,135000,30000,Abbottabad,125
Honda,CG 125 Deluxe,2017,210000,30000,Swabi,125
Honda,CG 125,2019,135000,30000,Peshawar,125
Yamaha,YBR 125,2023,360000,30000,Islamabad,125
Honda,CG 125,2018,120000,30000,Faisalabad,125
Honda,CG 125,2018,300000,30000,Swabi,125
Honda,CG 125,2017,140000,30000,Lahore,125
Honda,CG 125,2011,145000,30000,Islamabad,125
United,US 125 Euro II,2021,125000,30000,Lahore,125
Honda,CG 125,2010,115000,30000,Wah cantt,125
Yamaha,YBR 125G,2018,265000,30000,Rawalpindi,125
Honda,CG 125,2021,180000,30000,Islamabad,125
Honda,CG 125,2018,130000,30000,Lahore,125
United,US 125 Euro II,2017,125000,30000,Rawalpindi,125
Honda,CG 125,2010,70000,30000,Abbottabad,125
Yamaha,YBR 125,2024,400000,30000,Bhakkar,125
Yamaha,YBR 125G,2024,400000,30000,Jhang,125
Honda,CG 125,2021,155000,30000,Taxila,125
Yamaha,YBR 125,2019,270000,30000,Sialkot,125
Honda,CG 125 Dream,2018,95000,30000,Islamabad,125
Honda,CG 125,2016,105000,30000,Hyderabad,125
Honda,CG 125,2017,135000,30000,Bahawalpur,125
Honda,CG 125,2017,135000,30000,Karachi,125
Honda,CG 125,2013,135000,30000,Karachi,125
Yamaha,YBR 125,2020,270000,30000,Kasur,125
Honda,CG 125,2012,135000,30000,Lahore,125
Yamaha,YBR 125G,2019,250000,30000,Rawalpindi,125
Honda,CG 125 Dream,2015,110000,30000,Lahore,125
Honda,CG 125,2024,210000,30000,Karachi,125
Honda,CG 125,2022,195000,30000,Sheikhupura,125
United,US 125 Euro II,2018,150000,30000,Karachi,125
Honda,CG 125,2022,200000,30000,Faisalabad,125
Honda,CG 125,2021,178000,30000,Rawalpindi,125
Yamaha,YBR 125G,2018,250000,30000,Karachi,125
Honda,CG 125,2016,140000,30000,Islamabad,125
Honda,CG 125,2023,205000,30000,Multan,125
Honda,CG 125,2015,118000,30000,Gujranwala,125
Honda,CG 125,2020,140000,30000,Faisalabad,125
Honda,CG 125,2013,95000,30000,Islamabad,125
United,US 125 Euro II,2020,73500,30000,Karachi,125
Yamaha,YBR 125,2020,275000,30000,Kasur,125
Yamaha,YB 125Z-DX,2022,260000,30000,Vehari,125
Honda,CG 125,2018,112000,30000,Multan,125
Crown,CR 125 Self Start Alloy Rim,2022,120000,30000,Karachi,125
Honda,CG 125,2018,130000,30000,Muzaffarabad,125
Honda,CG 125,2010,110000,30000,Hyderabad,125
Yamaha,YBR 125G,2022,370000,30000,Islamabad,125
United,US 125 Euro II,2021,125000,30000,Kohat,125
Honda,CG 125,2021,148000,30000,Lahore,125
Asia,Hero 125,2018,165000,30000,Kamalia,125
Honda,CG 125,2022,145000,30000,Faisalabad,125
Honda,CG 125,2018,98000,30000,Pak pattan sharif,125
Honda,CG 125,2023,200000,30000,Rawalpindi,125
Honda,CG 125,2023,220000,30000,Wah cantt,125
Honda,CG 125,1996,170000,30000,Abbottabad,125
Honda,CG 125,2024,195000,30000,Karachi,125
Honda,CG 125,2016,115000,30000,Karachi,125
Honda,CG 125,2019,140000,30000,Gujranwala,125
Honda,CG 125,2020,150000,30000,Sheikhupura,125
Honda,CG 125,2021,145000,30000,Lahore,125
Honda,CG 125,2019,110000,30000,Raiwind,125
Honda,CG 125,2017,111000,30000,Faisalabad,125
Honda,CG 125,2018,101000,30000,Lahore,125
Yamaha,YBR 125,2021,275000,30000,Karachi,125
Honda,CG 125,2023,185000,30003,Islamabad,125
Yamaha,YBR 125,2015,180000,30235,Karachi,125
Honda,CG 125,2010,90000,30333,Jhelum,125
Yamaha,YBR 125G,2018,300000,30342,Faisalabad,125
Honda,CG 125,2018,150000,30443,Lahore,125
Yamaha,YB 125Z,2021,220000,30500,Karachi,125
Honda,CG 125,2024,220000,30600,Lahore,125
Honda,CG 125,2010,130000,30680,Wah cantt,125
Honda,CG 125,2023,205000,30700,Islamabad,125
Yamaha,YB 125Z,2018,190000,30999,Layyah,125
Honda,CG 125,2022,200000,31000,Lahore,125
Yamaha,YBR 125G,2020,315000,31000,Karachi,125
Yamaha,YBR 125,2016,300000,31000,Nowshera,125
Honda,CG 125,2021,160000,31000,Karachi,125
Honda,CG 125,2018,135000,31000,Sialkot,125
Yamaha,YBR 125,2023,430000,31000,Karachi,125
Honda,CG 125,2005,190000,31000,Karachi,125
Yamaha,YBR 125G,2018,256000,31000,Karachi,125
Honda,CG 125,2021,130000,31000,Lahore,125
Honda,CG 125,2020,125000,31000,Okara,125
Honda,CG 125,2016,140000,31000,Islamabad,125
Honda,CG 125,2013,95000,31000,Gujranwala,125
Honda,CG 125,2022,148000,31000,Jhelum,125
Honda,CG 125,2022,175000,31000,Lahore,125
Honda,CG 125 Special Edition,2019,122000,31000,Lahore,125
Honda,CG 125,2021,155000,31000,Islamabad,125
Honda,CG 125,2017,115000,31000,Sargodha,125
Honda,CG 125 Deluxe,2014,120000,31066,Faisalabad,125
Unique,UD 125,2019,65000,31500,Karachi,125
Honda,CG 125,2022,190000,31628,Layyah,125
Honda,CG 125,2022,165000,31684,Multan,125
Honda,CG 125,2022,153000,31700,Okara,125
Honda,CG 125 Dream,2016,125000,31900,Lahore,125
Honda,CG 125,2018,175000,32000,Rawalpindi,125
Honda,CG 125,2016,160000,32000,Rawalpindi,125
Honda,CG 125 Special Edition,2020,179000,32000,Faisalabad,125
Yamaha,YB 125Z-DX,2022,310000,32000,Khanpur,125
Yamaha,YBR 125,2019,230000,32000,Gujranwala,125
Ravi,Piaggio Storm 125,2011,110000,32000,Karachi,125
Honda,CG 125,1995,180000,32000,Rawalpindi,125
Honda,CG 125,2020,140000,32000,Lahore,125
Honda,CG 125,2016,135000,32000,Abbottabad,125
Honda,CG 125,2018,115000,32000,Muridke,125
Yamaha,YBR 125,2018,265000,32000,Okara,125
Honda,CG 125,2020,172000,32000,Harappa,125
Honda,CG 125 Special Edition,2021,167000,32000,Lahore,125
Honda,CG 125 Special Edition,2019,151000,32000,Haripur,125
Yamaha,YBR 125G,2017,275000,32000,Islamabad,125
Honda,CG 125,2014,97000,32000,Lahore,125
Honda,CG 125,2022,175000,32000,Chakwal,125
Honda,CG 125,2016,155000,32000,Mansehra,125
Yamaha,YBR 125,2023,335000,32000,Mandi bahauddin,125
Yamaha,YB 125Z,2023,335000,32000,Bhakkar,125
Yamaha,YB 125Z,2020,260000,32000,Rawalpindi,125
Honda,CG 125,2021,158000,32000,Lahore,125
Yamaha,YBR 125,2019,250000,32000,Karachi,125
Honda,CG 125,2018,111000,32000,Mandi bahauddin,125
Honda,CG 125,2021,160000,32000,Lahore,125
Honda,CG 125,2020,170000,32000,Islamabad,125
Honda,CG 125,2021,175000,32000,Islamabad,125
Honda,CG 125 Special Edition,2019,175000,32000,Faisalabad,125
Yamaha,YBR 125,2017,279000,32300,Karachi,125
Honda,CG 125,2018,118000,32496,Faisalabad,125
Yamaha,YBR 125G,2017,280000,32500,Rawalpindi,125
Honda,CG 125,2022,160000,32500,Lahore,125
Yamaha,YBR 125,2018,260000,32500,Islamabad,125
Yamaha,YBR 125G,2018,315000,32500,Karachi,125
Honda,CG 125,2022,163000,32588,Depal pur,125
Honda,CG 125,2018,110000,32850,Lahore,125
Yamaha,YBR 125,2018,265000,32899,Rawalpindi,125
Yamaha,YBR 125G,2021,315000,33000,Layyah,125
Honda,CG 125,2021,135000,33000,Lahore,125
Honda,CG 125,2021,220000,33000,Lahore,125
Honda,CG 125 Special Edition,2022,229000,33000,Wah cantt,125
Yamaha,YBR 125,2020,290000,33000,Mehmood kot,125
Honda,CG 125,2022,155000,33000,Karachi,125
Honda,CG 125,2019,158000,33000,Islamabad,125
Yamaha,YBR 125G,2022,350000,33000,Lahore,125
Yamaha,YBR 125,2022,360000,33000,Lahore,125
Honda,CG 125,2018,140000,33000,Haripur,125
Honda,CG 125,2018,120000,33000,Khanewal,125
Honda,CG 125,2011,80000,33000,Khanewal,125
Yamaha,YBR 125,2021,360000,33049,Islamabad,125
Yamaha,YBR 125,2019,480000,33300,Rawalpindi,125
Honda,CG 125,2018,160000,33414,Gujranwala,125
Honda,CG 125,2018,161000,33500,Gujranwala,125
Honda,CG 125,2021,175000,33500,Faisalabad,125
Yamaha,YBR 125,2015,185000,33700,Vehari,125
Honda,CG 125,2018,150000,33779,Islamabad,125
Honda,CG 125,2021,150000,34000,Lahore,125
Yamaha,YBR 125,2019,239000,34000,Rawalpindi,125
Yamaha,YBR 125,2022,350000,34000,Peshawar,125
Yamaha,YBR 125G,2021,350000,34000,Gujar Khan,125
Yamaha,YBR 125,2021,265000,34000,Kamoke,125
Honda,CG 125,2010,77000,34000,Lahore,125
Yamaha,TT-R125E,2016,470000,34000,Rawalpindi,125
Yamaha,YBR 125G,2021,305000,34000,Lahore,125
Honda,CG 125,2009,110000,34000,Gujranwala,125
Yamaha,YB 125Z-DX,2020,275000,34000,Lahore,125
Honda,CB 125F,2021,280000,34000,Rawalpindi,125
Honda,CG 125 Special Edition,2021,199000,34000,Karachi,125
Honda,CG 125,2021,173000,34000,Islamabad,125
Honda,CG 125,2021,199000,34000,Karachi,125
Honda,CG 125 Deluxe,2018,230000,34000,Lahore,125
Honda,CG 125,2021,190000,34000,Lahore,125
Honda,CG 125,2021,135000,34000,Lahore,125
Honda,CG 125 Special Edition,2021,205000,34000,Lahore,125
Yamaha,YBR 125,2022,400000,34000,Islamabad,125
Yamaha,YBR 125,2023,410000,34000,Karachi,125
Honda,CG 125,2018,165000,34000,Rawalpindi,125
Yamaha,YBR 125G,2015,175000,34000,Haripur,125
Honda,CG 125,2019,80000,34000,Rawalpindi,125
Honda,CG 125,2020,138000,34050,Sialkot,125
Honda,CG 125,2021,170000,34119,Mansehra,125
Honda,CG 125,2023,185000,34233,Sahiwal,125
Yamaha,YBR 125,2021,375000,34400,Islamabad,125
Honda,CG 125,2022,170000,34400,Lahore,125
Honda,CG 125 Special Edition,2019,175000,34450,Faisalabad,125
Honda,CG 125,2017,145000,34500,Wah cantt,125
Yamaha,YBR 125,2019,275000,34500,Peshawar,125
Yamaha,YBR 125G,2019,285000,34900,Lahore,125
Yamaha,YBR 125,2020,315000,35000,Karachi,125
Honda,CG 125,2019,65500,35000,Rawalpindi,125
Honda,CG 125,2022,160000,35000,Lahore,125
Honda,CG 125,2022,165000,35000,Multan,125
Yamaha,YBR 125G,2021,350000,35000,Lahore,125
Honda,CG 125,2021,160000,35000,Sadiqabad,125
Honda,CG 125,2019,165000,35000,Lahore,125
Honda,CG 125,2022,170000,35000,Lahore,125
Yamaha,YB 125Z,2018,186000,35000,Islamabad,125
Yamaha,YBR 125G,2017,240000,35000,Layyah,125
Honda,CG 125,2023,190000,35000,Islamabad,125
Honda,CG 125,2020,155000,35000,Rawalpindi,125
Honda,CG 125,2018,150000,35000,Rawalakot,125
Honda,CG 125,2017,120000,35000,Faisalabad,125
Yamaha,YB 125Z-DX,2021,325000,35000,Lahore,125
Honda,CG 125,2021,169000,35000,Lahore,125
Honda,CG 125,2020,190000,35000,Faisalabad,125
Honda,CG 125,2014,80000,35000,Lahore,125
Honda,CG 125,2021,173000,35000,Rawalpindi,125
Yamaha,YB 125Z,2019,235000,35000,Islamabad,125
Honda,CG 125,2017,135000,35000,Gujar Khan,125
Honda,CB 125F,2019,225000,35000,Lahore,125
Honda,CG 125,2021,175000,35000,Rawalpindi,125
Yamaha,YBR 125G,2018,275000,35000,Lahore,125
Honda,CG 125,2014,77000,35000,Faisalabad,125
ZXMCO,ZX 125,2016,90000,35000,Lahore,125
Yamaha,YB 125Z,2018,160000,35000,Pak pattan sharif,125
Honda,CG 125 Deluxe,2016,200000,35000,Islamabad,125
Honda,CG 125,2022,185000,35000,Islamabad,125
Honda,CG 125,2015,155000,35000,Rawalpindi,125
Honda,CG 125,2021,180000,35000,Islamabad,125
Honda,CG 125,2019,150000,35000,Gujranwala,125
Honda,CG 125,2019,145000,35000,Sialkot,125
Yamaha,YBR 125G,2016,330000,35000,Lahore,125
Honda,CG 125,2020,125000,35000,Lahore,125
Honda,CG 125,2020,125000,35000,Karachi,125
Honda,CG 125 Deluxe,2009,100000,35000,Islamabad,125
Yamaha,YBR 125,2018,220000,35000,Multan,125
Yamaha,YBR 125,2021,310000,35000,Islamabad,125
United,US 125 Euro II,2019,95000,35000,Islamabad,125
Honda,CG 125,2012,70000,35000,Kasur,125
Yamaha,YBR 125,2020,295000,35000,Karachi,125
Honda,CG 125,2013,75000,35000,Kasur,125
Yamaha,YB 125Z,2019,210000,35000,Lahore,125
Yamaha,YBR 125,2020,295000,35000,Gujrat,125
Honda,CG 125,2013,105000,35000,Lahore,125
Honda,CG 125,2021,140000,35000,Sialkot,125
Honda,CG 125,2016,110000,35000,Lahore,125
Honda,CG 125,2021,155000,35000,Faisalabad,125
Honda,CG 125,2024,210000,35000,Lahore,125
Honda,CG 125 Special Edition,2021,180000,35000,Wazirabad,125
Honda,CG 125,2018,135000,35000,Rawalpindi,125
Honda,CG 125,2020,185000,35000,Gujar Khan,125
Honda,CB 125F,2019,245000,35000,Rawalpindi,125
Yamaha,YZ125,2020,225000,35000,Islamabad,125
Yamaha,YBR 125G,2018,220000,35000,Karachi,125
Honda,CG 125 Special Edition,2021,165000,35000,Multan,125
Honda,CG 125,2021,150000,35000,Mian Wali,125
Honda,CB 125F,2019,220000,35000,Islamabad,125
Honda,CG 125,2016,150000,35000,Rawalpindi,125
Yamaha,YBR 125,2021,320000,35000,Wah cantt,125
Honda,CG 125,2017,149000,35000,Rawalpindi,125
Yamaha,YBR 125G,2020,275000,35000,Lahore,125
Yamaha,YBR 125G,2016,210000,35000,Akora khattak,125
Honda,CG 125,2015,114000,35000,Multan,125
Honda,CG 125,2014,90000,35000,Bahawalpur,125
Honda,CB 125F,2021,290000,35000,Islamabad,125
Honda,CG 125,2020,160000,35000,Rawalpindi,125
Honda,CG 125,2021,165000,35000,Karachi,125
Honda,CB 125F,2021,280000,35000,Islamabad,125
Yamaha,YBR 125,2016,235000,35000,Lahore,125
Honda,CG 125 Dream,2015,160000,35000,Multan,125
Honda,CG 125,2019,135000,35000,Lahore,125
Yamaha,YBR 125,2016,185000,35000,Kashmir,125
Honda,CG 125 Deluxe,2013,125000,35000,Karachi,125
Honda,CG 125 Special Edition,2020,190000,35000,Lahore,125
Yamaha,YBR 125,2015,185000,35000,Lahore,125
Yamaha,YB 125Z,2021,254000,35000,Lahore,125
Honda,CG 125,2022,190000,35000,Islamabad,125
Honda,CG 125,2023,185000,35000,Chakwal,125
Yamaha,YBR 125,2021,285000,35000,Lahore,125
Honda,CG 125,2019,155000,35000,Karachi,125
Yamaha,YBR 125G,2018,250000,35000,Islamabad,125
Honda,CG 125,2020,140000,35000,Okara,125
Kawasaki,GTO 125,1992,325000,35000,Lahore,125
Honda,CG 125,2007,90000,35000,Lahore,125
Honda,CG 125,2021,145000,35000,Lahore,125
Yamaha,YBR 125,2020,300000,35000,Faisalabad,125
Honda,CG 125,2021,140000,35000,Lahore,125
Honda,CG 125,2019,125000,35000,Lahore,125
Honda,CG 125,2019,130000,35000,Lahore,125
Honda,CG 125,2022,155000,35109,Faisalabad,125
Honda,CG 125,2021,215000,35144,Wah cantt,125
Honda,CG 125,2018,150000,35215,Lahore,125
Honda,CG 125 Special Edition,2023,270000,35349,Rawalpindi,125
Honda,Deluxe,2016,170000,35380,Mian Wali,125
Yamaha,YBR 125,2021,300000,35550,Kala shah kaku,125
Honda,CG 125,2021,160000,35700,Nankana sahib,125
Yamaha,YB 125Z,2020,215000,35798,Lahore,125
Yamaha,YBR 125,2017,235000,35800,Islamabad,125
Honda,CG 125,2022,181000,35800,Abbottabad,125
Ravi,Piaggio Storm 125,2014,128000,35800,Lahore,125
Honda,CG 125,2018,126000,36000,Faisalabad,125
Yamaha,YBR 125,2017,235000,36000,Islamabad,125
Honda,CG 125,2020,155000,36000,Layyah,125
Honda,CG 125,2021,180000,36000,Rawalpindi,125
Yamaha,YBR 125,2018,245000,36000,Islamabad,125
Yamaha,YB 125Z-DX,2023,270000,36000,Karachi,125
Honda,CG 125,2020,175000,36000,Rawalpindi,125
Honda,CG 125,2021,155000,36000,Jacobabad,125
Yamaha,YB 125Z,2021,279000,36000,Okara,125
Yamaha,YBR 125,2019,250000,36000,Karachi,125
Yamaha,YBR 125,2019,285000,36000,Hassan abdal,125
Yamaha,YZ125,2020,280000,36000,Sheikhupura,125
Yamaha,YBR 125,2016,175000,36000,Chichawatni,125
Honda,CG 125,2021,175000,36054,Rawalpindi,125
Yamaha,YBR 125G,2022,315000,36184,Sargodha,125
Yamaha,YBR 125G,2019,285000,36280,Bahawalpur,125
Honda,CG 125,2021,140000,36429,Faisalabad,125
Yamaha,YBR 125,2016,210000,36500,Khushab,125
Honda,CG 125,2021,175000,36500,Lahore,125
Honda,CG 125,2022,180000,36560,Lahore,125
Honda,CG 125,2016,125000,36615,Lahore,125
Honda,CG 125,2022,160000,36759,Lahore,125
Yamaha,YBR 125G,2016,254000,36800,Bhalwal,125
Honda,CG 125,2019,135000,37000,Lahore,125
Honda,CG 125,2020,150000,37000,Lahore,125
Honda,CG 125,2025,273000,37000,Faisalabad,125
Yamaha,YBR 125,2020,265000,37000,Lahore,125
Honda,CG 125,2019,190000,37000,Hazro,125
Yamaha,YBR 125,2022,295000,37000,Islamabad,125
Honda,CG 125,2010,90000,37000,Mian Wali,125
Yamaha,YBR 125,2019,260000,37000,Talagang,125
Honda,CG 125,2017,140000,37000,Lahore,125
Honda,CG 125,2023,190000,37000,Lahore,125
Honda,CG 125,2021,150000,37000,Gujranwala,125
Honda,CG 125,2021,165000,37000,Islamabad,125
Yamaha,YBR 125,2017,210000,37000,Arifwala,125
Yamaha,YBR 125,2021,325000,37000,Gujar Khan,125
Yamaha,YBR 125G,2018,250000,37000,Karachi,125
Honda,CG 125,2020,118000,37000,Lala musa,125
Honda,CG 125,2017,110000,37000,Sargodha,125
Honda,CG 125,2021,145000,37302,Faisalabad,125
Yamaha,YB 125Z-DX,2020,300000,37365,Islamabad,125
Honda,CG 125,2021,190000,37380,Gujrat,125
Yamaha,YBR 125,2021,300000,37500,Lahore,125
Yamaha,YB 125Z-DX,2021,300000,37708,Melsi,125
Honda,CG 125,2018,175000,37800,Islamabad,125
Honda,CG 125,2019,130000,37852,Lahore,125
Yamaha,YB 125Z,2020,220000,37900,Rawalpindi,125
Honda,CG 125,2019,110000,38000,Dunia Pur,125
Yamaha,YBR 125,2023,318000,38000,Muzaffarabad,125
Yamaha,YBR 125,2017,255000,38000,Faisalabad,125
Honda,CG 125,2010,95000,38000,Rawalpindi,125
Honda,CG 125,2021,127000,38000,Multan,125
Honda,CG 125,2022,180000,38000,Rawalpindi,125
Honda,CG 125,2022,138000,38000,Lahore,125
Honda,CG 125,2018,190000,38000,Rawat,125
Yamaha,YBR 125,2020,340000,38000,Islamabad,125
Honda,CB 125F,2019,245000,38000,Rawalpindi,125
Yamaha,YBR 125,2018,235000,38000,Swabi,125
Honda,CG 125,2018,130000,38000,Lahore,125
Honda,CG 125,2022,150000,38000,Lahore,125
Honda,CG 125,2023,180000,38000,Lahore,125
Honda,CG 125,2019,150000,38000,Jhelum,125
Honda,CG 125,2019,130000,38000,Karachi,125
Honda,CG 125,2019,135000,38000,Lahore,125
Yamaha,YB 125Z,2019,215000,38000,Rawalpindi,125
Yamaha,YBR 125G,2018,310000,38000,Lahore,125
Yamaha,YBR 125,2018,260000,38000,Lahore,125
Honda,CG 125 Special Edition,2021,210000,38000,Sheikhupura,125
Yamaha,YBR 125,2016,220000,38000,Multan,125
Honda,CG 125,2020,140000,38083,Gujranwala,125
Honda,CG 125,2018,90000,38597,Haroonabad,125
Yamaha,YBR 125,2020,320000,39000,Karachi,125
Yamaha,YBR 125G,2020,227000,39000,Multan,125
Honda,CG 125 Deluxe,2015,260000,39000,Gujranwala,125
Honda,CG 125,2014,100000,39000,Faisalabad,125
Yamaha,YBR 125G,2019,330000,39000,Lahore,125
Yamaha,YBR 125,2019,230000,39000,Faisalabad,125
Honda,CG 125,2021,195000,39000,Islamabad,125
Honda,CG 125,2021,215000,39000,Karachi,125
Yamaha,YBR 125G,2020,300000,39000,Karachi,125
Honda,CG 125,2011,100000,39000,Haripur,125
Yamaha,YBR 125,2018,235000,39000,Swabi,125
United,US 125 Deluxe,2016,145000,39000,Karachi,125
Yamaha,YBR 125,2018,264000,39000,Wah cantt,125
Yamaha,YBR 125,2021,280000,39000,Karachi,125
Honda,CG 125 Dream,2016,130000,39000,Bahawalpur,125
Honda,CG 125,2011,125000,39099,Rawalpindi,125
Honda,CG 125,2022,180000,39333,Lahore,125
Honda,CG 125,2021,160000,39646,Lahore,125
Honda,CG 125,2012,95000,39824,Lahore,125
Yamaha,YBR 125,2015,255000,39837,Faisalabad,125
Honda,CG 125,2017,135000,40000,Karachi,125
Yamaha,YB 125Z,2019,225000,40000,Rawalpindi,125
Honda,CG 125,2020,140000,40000,Karachi,125
Honda,CG 125 Special Edition,2024,250000,40000,Faisalabad,125
Honda,CG 125,2022,155000,40000,Karachi,125
Honda,CG 125,2013,85000,40000,Lahore,125
Honda,CG 125,2018,165000,40000,Rawalpindi,125
Honda,CG 125,2021,150000,40000,Lahore,125
Honda,CG 125,2013,87500,40000,Lahore,125
Honda,CG 125,2012,175000,40000,Islamabad,125
Yamaha,YB 125Z,2019,220000,40000,Rawalpindi,125
Honda,CG 125,2022,200000,40000,Abbottabad,125
Honda,CG 125,2018,165000,40000,Islamabad,125
Honda,CG 125,2022,200000,40000,Lahore,125
Honda,CG 125,2015,114000,40000,Multan,125
Honda,CG 125,2018,100000,40000,Kharian,125
Yamaha,YBR 125,2019,270000,40000,Islamabad,125
Honda,CG 125 Special Edition,2021,180000,40000,Lahore,125
Honda,CG 125,2020,140000,40000,Lahore,125
Honda,CG 125,2019,122000,40000,Lahore,125
Yamaha,YB 125Z,2019,225000,40000,Gojra,125
Yamaha,YB 125Z,2017,185000,40000,Karachi,125
Honda,CG 125,2016,140000,40000,Nowshera,125
Honda,CG 125,2018,135000,40000,Lahore,125
Yamaha,YB 125Z,2018,204000,40000,Jhelum,125
Honda,CG 125,2020,145000,40000,Lahore,125
Honda,CG 125,2014,90000,40000,Multan,125
Honda,CG 125,2020,150000,40000,Faisalabad,125
Honda,CG 125,2012,77000,40000,Karachi,125
Honda,CG 125,2021,160000,40000,Lahore,125
Ravi,Piaggio Storm 125,2012,80000,40000,Mian Wali,125
Honda,CG 125,2021,130000,40000,Karachi,125
Honda,CG 125,2020,144000,40000,Kasur,125
Yamaha,YBR 125,2016,254000,40000,Jhelum,125
Honda,CG 125,2019,110000,40000,Lodhran,125
Honda,CG 125,2015,80000,40000,Wazirabad,125
Honda,CG 125,2000,180000,40000,Rawalpindi,125
Honda,CG 125,2018,140000,40000,Lahore,125
Honda,CG 125,2021,170000,40000,Karachi,125
Elfa,EV-125,2025,175000,40000,Swatmingora,0
Yamaha,YB 125Z,2020,200000,40000,Burewala,125
Honda,CG 125,2016,105000,40000,Abbottabad,125
Honda,CG 125,2016,114000,40000,Sarai alamgir,125
Honda,CG 125,2017,132000,40000,Islamabad,125
Honda,CG 125,2021,165000,40000,Karachi,125
Yamaha,YB 125Z,2018,220000,40000,Rawalpindi,125
Honda,CG 125,2015,70000,40000,Khanewal,125
Honda,CG 125,2016,100000,40000,Fateh Jang,125
Honda,CG 125,2020,150000,40000,Islamabad,125
Yamaha,YBR 125,2016,240000,40000,Wah cantt,125
United,US 125 Euro II,2023,150000,40000,Mirpur A.K.,125
Yamaha,YBR 125,2017,220000,40000,Bahawalpur,125
Yamaha,YBR 125,2019,260000,40000,D.G.Khan,125
Honda,CG 125,2020,160000,40000,Rawalpindi,125
Honda,CG 125,2022,185000,40000,Islamabad,125
Honda,CG 125,2019,145000,40000,Islamabad,125
Honda,CG 125,2018,160000,40000,Rawalpindi,125
Honda,CG 125,2020,130000,40000,Lahore,125
Yamaha,YB 125Z,2019,195000,40000,Sahiwal,125
Honda,CG 125,2018,140000,40000,Rawalpindi,125
Yamaha,YBR 125G,2016,195000,40000,Lahore,125
Honda,CG 125,2023,170000,40000,Lahore,125
Yamaha,YBR 125,2021,310000,40000,Kasur,125
Honda,CG 125,2019,160000,40000,Lahore,125
Honda,CG 125,2017,120000,40000,Karachi,125
Yamaha,YB 125Z,2022,270000,40000,Wah cantt,125
Honda,CG 125,2018,130000,40000,Lahore,125
Yamaha,YBR 125,2017,215000,40000,Gujranwala,125
Honda,CG 125,2021,145000,40000,Lahore,125
Honda,CG 125,2017,120000,40000,Lahore,125
Honda,CG 125,2003,90000,40000,Peshawar,125
Honda,CG 125,2020,140000,40000,Islamabad,125
Yamaha,YB 125Z-DX,2023,335000,40000,Lahore,125
Unique,UD 125,2017,89000,40000,Rawalpindi,125
Honda,CG 125,2021,130000,40000,Lahore,125
Honda,CG 125,2018,152000,40000,Islamabad,125
Honda,CG 125,2007,120000,40000,Karachi,125
Honda,CB 125F,2019,230000,40000,Lahore,125
Yamaha,YZ125,2019,280000,40000,Multan,125
Honda,CG 125,2020,160000,40000,Kharian,125
Honda,CG 125,2021,141000,40000,Karachi,125
Honda,CG 125,2020,135000,40000,Multan,125
Honda,CG 125,2014,135000,40000,Rawalpindi,125
Honda,CG 125,2017,110000,40000,Lahore,125
Honda,CG 125,2016,120000,40000,Rahim Yar Khan,125
United,US 125 Euro II,2024,140000,40000,Multan,125
Honda,CG 125,2021,138000,40000,Karachi,125
Honda,CG 125,2015,100000,40000,Lahore,125
Yamaha,YB 125Z,2019,180000,40000,Gujrat,125
Honda,CG 125,2011,175000,40000,Islamabad,125
Yamaha,YB 125Z,2019,190000,40000,Burewala,125
Honda,CG 125,2009,105000,40000,Karachi,125
Honda,CG 125,2025,225000,40000,Sargodha,125
Honda,CG 125 Special Edition,2019,145000,40000,Multan,125
Yamaha,YB 125Z,2020,275000,40500,Faisalabad,125
Yamaha,YBR 125,2017,235000,41000,Rawalpindi,125
Yamaha,YBR 125,2021,320000,41000,Lahore,125
Yamaha,YBR 125,2015,198000,41000,Wah cantt,125
Honda,CG 125S,2023,230000,41000,Okara,125
Yamaha,YBR 125G,2016,225000,41000,Islamabad,125
Yamaha,YBR 125,2023,380000,41000,Sargodha,125
Yamaha,YBR 125,2018,250000,41000,Lahore,125
Yamaha,YB 125Z-DX,2023,340000,41000,Pak pattan sharif,125
Yamaha,YBR 125,2018,280000,41000,Wah cantt,125
Yamaha,YBR 125,2003,45000,41000,Faisalabad,125
Honda,CG 125,2018,150000,41500,Karachi,125
Yamaha,YB 125Z,2020,244000,41800,Islamabad,125
Honda,CG 125,2023,230000,42000,Okara,125
Honda,CG 125,2021,170000,42000,Islamabad,125
Honda,CG 125 Special Edition,2022,185000,42000,Karachi,125
Yamaha,YBR 125,2019,250000,42000,Rawalpindi,125
Honda,CG 125,2011,85000,42000,Lahore,125
Honda,CG 125,2019,133000,42000,Faisalabad,125
Yamaha,YB 125Z-DX,2023,335000,42000,Lahore,125
Yamaha,YBR 125,2017,220000,42000,Rawalpindi,125
Honda,CG 125,2019,160000,42000,Lahore,125
Honda,CG 125,2020,145000,42000,Lahore,125
Honda,CG 125,2021,150000,42000,Lahore,125
Yamaha,YBR 125,2018,200000,42000,Bahawalnagar,125
Honda,CG 125,2011,120000,42000,Malakand Agency,125
Honda,CG 125,2011,99999,42000,Lahore,125
Honda,CG 125,2020,130000,42000,Lahore,125
Yamaha,YB 125Z,2022,275000,42400,Lahore,125
Honda,CG 125,2020,140000,42500,Lahore,125
Yamaha,YBR 125G,2018,240000,42800,Peshawar,125
Yamaha,YB 125Z-DX,2021,280000,42800,Pattoki,125
Honda,CG 125,2021,190000,43000,Bhera,125
Honda,CG 125,2019,128000,43000,Lahore,125
Yamaha,YBR 125G,2017,265000,43000,Rawalakot,125
Honda,CG 125,2022,165000,43000,Faisalabad,125
Honda,CG 125,2021,150000,43000,Lahore,125
Honda,CG 125 Special Edition,2020,180000,43000,Sargodha,125
Honda,CG 125,2018,120000,43000,Sialkot,125
Yamaha,YBR 125,2018,225000,43000,Khushab,125
Honda,CG 125,2018,145000,43000,Rawalpindi,125
Honda,CG 125S,2021,148000,43000,Islamabad,125
Honda,CG 125 Special Edition,2020,195000,43000,Sargodha,125
Yamaha,YBR 125,2016,215000,43000,Multan,125
Yamaha,YBR 125G,2019,295000,43200,Faisalabad,125
Yamaha,YB 125Z,2019,210000,43356,Kasur,125
Yamaha,YBR 125,2019,210000,43356,Kasur,125
Honda,CG 125,2016,125000,43500,Sahiwal,125
Honda,CG 125,2020,160000,43500,Lahore,125
Honda,CG 125,2019,145000,43768,Rawalpindi,125
Yamaha,YBR 125,2016,270000,44000,Lahore,125
Honda,CB 125F,2019,250000,44000,Islamabad,125
Honda,CG 125,2024,210000,44000,Buner,125
Honda,CG 125,2018,114000,44000,Lahore,125
Yamaha,YBR 125,2018,225000,44000,Lahore,125
Yamaha,YBR 125G,2020,280000,44000,Faisalabad,125
Honda,CG 125,2021,145000,44400,Lahore,125
Honda,CG 125,2023,250000,44667,Gojra,125
Honda,CG 125,2020,135000,44747,Lahore,125
Honda,CG 125,2020,190000,44760,Faisalabad,125
Honda,CG 125,2023,170000,45000,Lahore,125
Honda,CG 125 Deluxe,2012,155000,45000,Burewala,125
Honda,CG 125,2018,120000,45000,Faisalabad,125
Honda,CG 125,2015,110000,45000,Karachi,125
Suzuki,GS-125,2024,490000,45000,Faisalabad,125
Honda,CG 125 Special Edition,2021,171000,45000,Lahore,125
Honda,CG 125,2018,130000,45000,Wah cantt,125
Honda,CG 125,2022,220000,45000,Okara,125
Honda,CG 125,2023,67500,45000,Lahore,125
Honda,CG 125,2014,77000,45000,Faisalabad,125
Yamaha,YBR 125,2021,355000,45000,Rawalpindi,125
Honda,CG 125,2013,85000,45000,Karachi,125
Yamaha,YBR 125,2016,265000,45000,Jhelum,125
Yamaha,YBR 125G,2017,275000,45000,Rawalpindi,125
Yamaha,YBR 125G,2020,259000,45000,Lahore,125
Yamaha,YBR 125,2015,230000,45000,Rawalpindi,125
Honda,CG 125,2017,135000,45000,Attock,125
Honda,CG 125,2018,130000,45000,Lahore,125
Honda,CG 125,2019,121000,45000,Rawalpindi,125
Honda,CG 125,2010,78000,45000,Lahore,125
Yamaha,YBR 125G,2016,310000,45000,Lahore,125
Yamaha,YBR 125,2019,295000,45000,Rawalpindi,125
Honda,CG 125,2021,200000,45000,Multan,125
Honda,CG 125,2009,155000,45000,Lahore,125
Honda,CG 125,2022,135000,45000,Karachi,125
Yamaha,YBR 125,2018,180000,45000,Rahim Yar Khan,125
United,US 125 Euro II,2016,85000,45000,Chakwal,125
Honda,CG 125,2017,99000,45000,Lahore,125
Crown,CR 125 Euro II,2022,70000,45000,Karachi,125
Honda,CG 125,2008,70000,45000,Faisalabad,125
Yamaha,YBR 125,2017,250000,45000,Karachi,125
Yamaha,YBR 125G,2017,270000,45000,Karachi,125
Honda,CG 125,2023,180000,45000,Nankana sahib,125
Yamaha,YB 125Z,2019,250000,45000,Multan,125
Hi,Speed SR,2016,35000,45000,Gujar Khan,125
Honda,CB 125F,2019,215000,45000,Karachi,125
Honda,CG 125,2021,160000,45000,Islamabad,125
Honda,CG 125,2020,160000,45000,Islamabad,125
Honda,CG 125,2019,172000,45000,Wah cantt,125
Yamaha,YBR 125G,2017,250000,45000,Depal pur,125
Yamaha,YBR 125,2019,254000,45000,Sarai alamgir,125
Honda,CG 125,2017,95000,45000,Lahore,125
Pak,Hero PK125,2002,145000,45000,Multan,125
Yamaha,YBR 125,2019,250000,45000,Faisalabad,125
Yamaha,YBR 125G,2018,235000,45000,Karachi,125
Honda,CG 125,2021,180000,45000,Rawalpindi,125
Honda,CG 125,2010,95000,45000,Rawalpindi,125
Road,Prince 125 Twister,2003,200000,45236,Karachi,125
Honda,CG 125,2018,130000,45300,Lahore,125
Honda,CG 125,2018,115000,45308,Lahore,125
Honda,CG 125,2011,114000,45520,Lahore,125
Honda,CG 125,2014,134000,45558,Abbottabad,125
Yamaha,YB 125Z-DX,2023,335000,45619,Lahore,125
Honda,CG 125,2021,180000,45651,Karachi,125
Kawasaki,GTO 125,1986,220000,45666,Rawalpindi,125
Honda,CG 125,2017,130000,45758,Karachi,125
Honda,CG 125,2022,200000,45937,Lahore,125
Yamaha,YB 125Z,2017,170000,45965,Hyderabad,125
Yamaha,YBR 125,2020,245000,46000,Karachi,125
Honda,CG 125,2021,155000,46000,Lahore,125
Honda,CG 125,2014,114000,46000,Lahore,125
Honda,CG 125,2014,95000,46000,Lahore,125
Yamaha,YB 125Z,2018,210000,46000,Mian Wali,125
Yamaha,YBR 125,2019,285000,46000,Rawalpindi,125
Yamaha,YBR 125,2023,325000,46000,Lahore,125
Yamaha,YBR 125,2015,235000,46000,Karachi,125
Yamaha,YB 125Z-DX,2023,335000,46000,Lahore,125
Honda,CG 125,2019,140000,46300,Lahore,125
Ravi,Piaggio Storm 125,2010,78000,46484,Bahawalpur,125
Yamaha,YBR 125,2020,235000,46500,Karachi,125
Yamaha,YBR 125G,2016,210000,46862,Rahim Yar Khan,125
Honda,CG 125,2015,125000,47000,Karachi,125
Honda,CG 125,2007,65000,47000,Lahore,125
Honda,CG 125,2015,130000,47000,Karachi,125
Yamaha,YBR 125,2021,290000,47000,Lahore,125
Honda,CG 125,2018,105000,47000,Lahore,125
Honda,CG 125,2021,155000,47000,Lahore,125
Honda,CG 125,2019,165000,47247,Lahore,125
Honda,CG 125,2022,155000,47337,Dina,125
Yamaha,YBR 125,2022,375000,47500,Rawalpindi,125
Honda,CG 125 Special Edition,2019,145000,47800,Sahiwal,125
Honda,CG 125,2011,112000,48000,Multan,125
Yamaha,YBR 125G,2015,185000,48000,Okara,125
Honda,CG 125,2018,115000,48000,Karachi,125
Yamaha,YBR 125,2016,241000,48000,Lahore,125
Yamaha,YZ125,2022,229000,48000,Kasur,125
Honda,CG 125,2021,210000,48000,Rawalpindi,125
Honda,CG 125,2015,105000,48000,Islamabad,125
Yamaha,YBR 125,2019,250000,48000,Rawalpindi,125
Honda,CG 125,2017,110000,48000,Lahore,125
Yamaha,YBR 125,2016,230000,48000,Faisalabad,125
Honda,CG 125,2022,155000,48000,Faisalabad,125
Honda,CG 125,2022,160000,48000,Faisalabad,125
Yamaha,YBR 125G,2019,230000,48000,Sheikhupura,125
Honda,CG 125,2019,118000,48345,Multan,125
Honda,CG 125,2019,120000,48500,Faisalabad,125
Honda,CG 125,2014,150000,48500,Rawalpindi,125
Yamaha,YB 125Z,2018,185000,49000,Sargodha,125
Yamaha,YBR 125G,2017,240000,49000,Lahore,125
Yamaha,YB 125Z,2019,200000,49000,Dera Ghazi Khan,125
Yamaha,YBR 125,2021,330000,49000,Lahore,125
Yamaha,YB 125Z-DX,2022,350000,49000,Bahawalpur,125
Yamaha,YBR 125,2022,350000,49000,Bahawalpur,125
Yamaha,YBR 125,2017,230000,49000,Rawalpindi,125
Honda,CG 125 Dream,2015,95000,49000,Lahore,125
Yamaha,YB 125Z,2020,220000,49000,Mandi bahauddin,125
Honda,CG 125,2021,156000,49000,Faisalabad,125
Honda,CB 125F,2020,130000,49000,Lahore,125
Yamaha,YBR 125G,2020,265000,49000,Lahore,125
Honda,CG 125 Deluxe,2013,170000,49000,Mian Channu,125
Yamaha,YBR 125,2015,250000,49994,Lahore,125
Honda,CG 125,2016,135000,49999,Lahore,125
Honda,CG 125,2013,80000,50000,Layyah,125
Honda,CG 125,2017,100000,50000,Faisalabad,125
Honda,CG 125,2018,110000,50000,Multan,125
Honda,CG 125,2012,97000,50000,Karachi,125
Honda,CG 125,2019,125000,50000,Lodhran,125
Honda,CG 125,2019,103000,50000,Lodhran,125
Honda,CG 125 Deluxe,2013,65000,50000,Mian Wali,125
Honda,CG 125,2004,80000,50000,Haripur,125
Honda,CG 125,2013,90000,50000,Sargodha,125
Honda,CG 125,2005,41999,50000,Karachi,125
Honda,CG 125,2011,80000,50000,Kasur,125
Honda,CG 125,2021,135000,50000,Sahiwal,125
Yamaha,YBR 125,2019,275000,50000,Jhelum,125
Honda,CG 125,2021,160000,50000,Lahore,125
Honda,CG 125,2013,85000,50000,Karachi,125
Honda,CG 125,2001,100000,50000,Rawalpindi,125
Honda,CG 125,2022,185000,50000,Chakwal,125
Yamaha,YBR 125,2018,220000,50000,Bahawalpur,125
Super,Power SP 125,2018,74000,50000,Karachi,125
Honda,CG 125,2018,140000,50000,Gujrat,125
Honda,CG 125,2011,150000,50000,Mansehra,125
Honda,CG 125,2021,140000,50000,Lahore,125
Honda,CG 125,2023,210000,50000,Islamabad,125
United,US 125 Euro II,2021,98000,50000,Karachi,125
Honda,CG 125,2017,110000,50000,Lahore,125
Honda,CG 125,2016,135000,50000,Lahore,125
Honda,CG 125,2008,105000,50000,Sargodha,125
Super,Power SP 125 Delux,2017,75000,50000,Karachi,125
Honda,CG 125,2011,115000,50000,Peshawar,125
Honda,CG 125,2017,130000,50000,Karachi,125
Honda,CG 125,2013,140000,50000,Murree,125
Honda,CG 125,2012,95000,50000,Multan,125
Honda,CG 125,2019,160000,50000,Attock,125
Union,Star 125,2017,85000,50000,Karachi,125
Honda,CG 125,2017,85000,50000,Karachi,125
Yamaha,YBR 125G,2016,400000,50000,Islamabad,125
Honda,CG 125,2019,65000,50000,Karachi,125
Ravi,Piaggio Storm 125,2013,85000,50000,Karachi,125
Honda,CG 125,2000,120000,50000,Lahore,125
Honda,CG 125,2004,92500,50000,Faisalabad,125
Honda,CG 125,2016,85000,50000,Rawalpindi,125
Honda,CG 125,2011,85000,50000,Lahore,125
Honda,CG 125,2017,145000,50000,Rawalpindi,125
Yamaha,YBR 125,2020,330000,50000,Faisalabad,125
Honda,CB 125F,2017,110000,50000,Faisalabad,125
Honda,CG 125,2021,135000,50000,Sargodha,125
Honda,CG 125,2012,80000,50000,Mian Wali,125
Honda,CG 125,2010,110000,50000,Islamabad,125
Honda,CG 125,2011,110000,50000,Rawalpindi,125
Honda,CG 125,2016,120000,50000,Lahore,125
Honda,CG 125 Deluxe,2015,140000,50000,Swabi,125
Honda,CG 125,2013,110000,50000,Mansehra,125
Honda,CG 125,2015,90000,50000,Lahore,125
Honda,CG 125,2018,120000,50000,Lahore,125
Honda,CG 125,2022,170000,50000,Sargodha,125
Honda,CG 125,2007,100000,50000,Faisalabad,125
Honda,CG 125,2015,73000,50000,Lahore,125
Honda,CG 125,2021,168000,50000,Rawalpindi,125
Honda,CG 125,2017,150000,50000,Rawalpindi,125
Honda,CG 125,2016,120000,50000,Chakwal,125
Yamaha,YBR 125,2022,360000,50000,Rawalpindi,125
Honda,CG 125,2017,130000,50000,Rawalpindi,125
Honda,CG 125,2018,150000,50000,Taxila,125
Honda,CG 125,2018,130000,50000,Abbottabad,125
Honda,CG 125,2019,135000,50000,Islamabad,125
Honda,CG 125,2021,150000,50000,Lahore,125
Honda,CG 125,2011,120000,50000,Abbottabad,125
Honda,CG 125,2011,120000,50000,Jhelum,125
Honda,CG 125,2018,160000,50000,Rawalpindi,125
Honda,CG 125,2019,93000,50000,Karachi,125
Honda,CG 125,2021,165000,50000,Islamabad,125
Honda,CG 125,2007,76000,50000,Dera ismail khan,125
Yamaha,YB 125Z,2019,185000,50000,Lahore,125
Honda,CG 125,2023,160000,50000,Lahore,125
Yamaha,YBR 125G,2018,235000,50000,Peshawar,125
Honda,CG 125,2018,138000,50000,Lahore,125
Honda,CG 125,2019,148000,50000,Karachi,125
Honda,CG 125,2020,140000,50000,Islamabad,125
Honda,CG 125,2022,250000,50000,Sargodha,125
Honda,CG 125,1997,170000,50000,Islamabad,125
United,US 125 Euro II,2018,135000,50000,Islamabad,125
Honda,CG 125,2018,135000,50000,Lahore,125
United,US 125 Euro II,2014,80000,50000,Islamabad,125
Honda,CG 125,2012,140000,50000,Mansehra,125
Honda,CG 125,2003,95000,50000,Faisalabad,125
Honda,CG 125,2019,120000,50000,Karachi,125
Honda,CG 125,1997,110000,50000,Gharo,125
Honda,CG 125,2017,110000,50000,Rawalpindi,125
Honda,CG 125,2007,130000,50000,Faisalabad,125
Honda,CG 125,2013,114000,50000,Lahore,125
Honda,CG 125,2017,105000,50000,Karachi,125
Yamaha,YBR 125,2016,205000,50000,Chitral,125
Honda,CG 125,2016,65000,50000,Karachi,125
Honda,CG 125,2022,162000,50000,Karachi,125
Honda,CG 125,2005,95000,50000,Rawalpindi,125
Honda,CG 125,2016,110000,50000,Faisalabad,125
Crown,CR 125 Euro II,2016,60000,50000,Lahore,125
Yamaha,YBR 125G,2015,185000,50000,Lahore,125
Honda,CG 125,2018,200000,50000,Rawalpindi,125
Honda,CG 125,2018,120000,50000,Sialkot,125
Honda,CG 125,2014,90000,50000,Lahore,125
Honda,CG 125,2007,111000,50000,Lahore,125
Honda,CG 125,2011,115000,50000,Kahuta,125
Honda,CG 125,2017,85000,50000,Sahiwal,125
Honda,CG 125,2013,115000,50000,Faisalabad,125
Honda,CG 125,2004,105000,50000,Rawalpindi,125
Honda,CG 125,2018,145000,50000,Wah cantt,125
Honda,CG 125,2013,108000,50000,Bannu,125
Honda,CG 125 Special Edition,2021,195000,50000,Islamabad,125
Honda,CG 125,2022,160000,50000,Malakand Agency,125
Honda,CG 125,2015,110000,50000,Lahore,125
Honda,CG 125,2015,125000,50000,Lahore,125
Yamaha,YBR 125,2018,240000,50000,Karachi,125
Honda,CG 125,2017,100000,50000,Okara,125
Honda,CG 125,1989,99000,50000,Rawalpindi,125
Honda,CG 125,2014,140000,50000,Karachi,125
Honda,CG 125,2016,110000,50000,Lahore,125
Honda,CG 125,2016,120000,50000,Rawalpindi,125
Honda,CG 125,2022,105000,50000,Karachi,125
Yamaha,YB 125Z-DX,2023,380000,50000,Karachi,125
Honda,CG 125,2018,130000,50000,Faisalabad,125
Honda,CG 125,2018,160000,50000,Lahore,125
Honda,CG 125,2021,160000,50000,Multan,125
Honda,CG 125,2006,95000,50000,Islamabad,125
Honda,CG 125,2014,88000,50000,Hyderabad,125
Yamaha,YB 125Z,2019,220000,50000,Kamra,125
Honda,CB 125F,2021,230000,50000,Rawalpindi,125
Honda,CG 125,2003,68000,50000,Lahore,125
Unique,UD 125,2016,75000,50000,Karachi,125
Honda,CG 125 Dream,2017,110000,50000,Pir mahal,125
Honda,CG 125,2021,150000,50000,Multan,125
Honda,CG 125 Deluxe,2014,165000,50000,Lahore,125
Yamaha,YBR 125,2015,215000,50000,Bat khela,125
Honda,CG 125,1995,210000,50000,Fateh Jang,125
Honda,CG 125,2014,80000,50000,Jacobabad,125
Honda,CG 125,2021,175000,50000,Lahore,125
Honda,CG 125,2023,180000,50000,Mansehra,125
Honda,CG 125,2021,145000,50000,Rahim Yar Khan,125
Yamaha,YBR 125G,2021,295000,50000,Karachi,125
Yamaha,YBR 125G,2019,260000,50000,Buner,125
Honda,CG 125,2017,97000,50000,Karachi,125
Yamaha,YB 125Z,2018,175000,50000,Dera Ghazi Khan,125
Yamaha,YBR 125,2018,270000,50000,Rawalpindi,125
Unique,UD 125,2015,68000,50000,Karachi,125
Honda,CG 125,2010,99000,50000,Lahore,125
Honda,CG 125,2012,84500,50000,Faisalabad,125
Honda,CG 125,2021,155000,50000,Wah cantt,125
Honda,CG 125,2013,140000,50000,Rawalpindi,125
Yamaha,YBR 125,2015,235000,50000,Lahore,125
Honda,CG 125,2003,90000,50000,Abbottabad,125
Honda,CG 125,2022,155000,50000,Sahiwal,125
Honda,CG 125 Deluxe,2014,190000,50000,Faisalabad,125
Honda,CG 125,2020,180000,50000,Jhang,125
Honda,CG 125,2012,92000,50000,Karachi,125
Honda,CG 125 Deluxe,2015,110000,50000,Lahore,125
Honda,CG 125,2022,185000,50000,Swabi,125
United,US 125 Euro II,2018,85000,50000,Karachi,125
Honda,CG 125,2007,75000,50000,Peshawar,125
Yamaha,YBR 125G,2016,235000,50000,Islamabad,125
Yamaha,YBR 125,2018,245000,50000,Attock,125
Honda,CG 125,2017,140000,50000,Islamabad,125
Honda,CG 125,2017,120000,50000,Karachi,125
Honda,CG 125,2015,85000,50000,Faisalabad,125
Honda,CG 125,1988,500000,50000,Kohat,125
Honda,CG 125,2017,100000,50000,Lahore,125
Honda,CG 125,2021,148000,50000,Karachi,125
Honda,CG 125,2011,85000,50000,Abbottabad,125
Unique,UD 125,2012,60000,50000,Hyderabad,125
Honda,CG 125,2016,90000,50000,Karachi,125
Honda,CG 125,2014,85000,50000,Lahore,125
Honda,CG 125,2016,145000,50000,Swabi,125
Road,Prince 125,2016,65000,50000,Lahore,125
Honda,Deluxe,2008,70000,50000,Murree,125
Honda,CG 125,2013,90000,50000,Abbottabad,125
Honda,CG 125,2016,85000,50000,Multan,125
Honda,CG 125,2005,70000,50000,Karachi,125
Honda,CG 125,2017,140000,50000,Abbottabad,125
Yamaha,YBR 125G,2018,220000,50000,Karachi,125
Honda,CG 125,2012,115000,50000,Bahawalpur,125
Honda,CG 125,2002,78000,50000,Karachi,125
Honda,CG 125 Special Edition,2019,210000,50000,Kamalia,125
Honda,CG 125,2015,120000,50000,Lahore,125
Honda,CG 125,2015,88000,50000,Sialkot,125
Honda,CG 125,2014,190000,50000,Kot addu,125
Honda,CG 125,2012,140000,50000,Rawalpindi,125
Honda,CG 125,2014,99000,50000,Lahore,125
Yamaha,YB 125Z,2018,240000,50000,Islamabad,125
Honda,CG 125,2019,130000,50000,Karachi,125
United,US 125 Euro II,2018,75000,50000,Lahore,125
Honda,CG 125,2015,88000,50000,Sargodha,125
Honda,CG 125,2014,105000,50000,Rawalpindi,125
Honda,CG 125,2016,100000,50000,Karachi,125
Honda,CG 125,2002,110000,50000,Karachi,125
Honda,CG 125,2016,110000,50000,Rahim Yar Khan,125
Honda,CG 125,2021,165000,50000,Rawalpindi,125
Unique,UD 125,2012,62000,50000,Karachi,125
Honda,CG 125,2016,100000,50000,Lahore,125
Honda,CG 125,2010,130000,50000,Lahore,125
Honda,CG 125,2014,105000,50000,Abbottabad,125
Honda,CG 125,1994,80000,50000,Abbottabad,125
Honda,CG 125,2021,160000,50000,Islamabad,125
Honda,CG 125,2017,125000,50000,Jhelum,125
Honda,CG 125,2014,135000,50000,Lahore,125
Hero,RF 125,2003,110000,50000,Karachi,125
Honda,CG 125,2018,135000,50000,Karachi,125
Honda,CG 125,2018,132000,50000,Karachi,125
Honda,CG 125,2012,125000,50000,Islamabad,125
Honda,CG 125,2017,170000,50000,Rawalpindi,125
Ravi,Piaggio Storm 125,2011,140000,50000,Bahawalpur,125
Honda,CG 125,2006,89999,50000,Lahore,125
Yamaha,YBR 125,2016,210000,50000,Attock,125
Honda,CG 125,2015,78000,50000,Karachi,125
Yamaha,YBR 125,2017,247000,50000,Islamabad,125
Honda,CG 125,2011,152000,50000,Mirpur A.K.,125
Unique,UD 125,2010,55000,50000,Karachi,125
Chinese,Bikes 125,2016,70000,50000,Gujranwala,125
Honda,CG 125,2019,130000,50000,Skardu,125
Yamaha,YBR 125,2016,90000,50000,Gujranwala,125
Honda,CG 125,2006,105000,50000,Hazro,125
United,US 125 Euro II,2017,70000,50000,Karachi,125
Super,Power SP 125,2017,60000,50000,Karachi,125
Honda,CG 125,2014,110000,50000,Abbottabad,125
Yamaha,YB 125Z,2019,220000,50000,Karachi,125
Honda,CG 125,2010,130000,50000,Islamabad,125
Honda,CG 125,2010,85000,50000,Chakwal,125
Honda,CG 125,2015,107000,50000,Karachi,125
Yamaha,YBR 125G,2021,330000,50000,Kohat,125
Honda,CG 125,2020,130000,50000,Gujrat,125
Metro,MR 125,2013,60000,50000,Rawalpindi,125
Honda,CG 125,2011,105000,50000,Lahore,125
Yamaha,YBR 125,2016,170000,50000,Abbottabad,125
Honda,CG 125,2013,75000,50000,Lahore,125
Honda,CG 125,2014,85000,50000,Okara,125
Honda,CG 125,2017,97000,50000,Faisalabad,125
Honda,CG 125,2017,125000,50000,Abbottabad,125
Chinese,Bikes 125,2004,185000,50000,Karachi,125
Honda,CG 125,2012,110000,50000,Abbottabad,125
Honda,CG 125,2017,114000,50000,Rawalpindi,125
Honda,CG 125,2019,127000,50000,Pak pattan sharif,125
Honda,CG 125,2019,140000,50000,Faisalabad,125
Honda,CG 125,2013,122000,50000,Multan,125
Honda,CG 125,2019,146000,50000,Rawalpindi,125
Honda,CG 125,2015,95000,50000,Lahore,125
Honda,CG 125,2015,95000,50000,Muzaffar Gargh,125
Honda,CG 125,2019,115000,50000,Karachi,125
Honda,CG 125,2018,120000,50000,Gujranwala,125
Road,Prince 125,2018,95000,50000,Lahore,125
Yamaha,YBR 125G,2018,225000,50000,Bahawalpur,125
Honda,CG 125,2014,130000,50000,Islamabad,125
Honda,CG 125,2016,95000,50000,Lahore,125
United,US 125 Euro II,2019,90000,50000,Karachi,125
Honda,CG 125,2015,110000,50000,Swabi,125
Honda,CG 125,2018,180000,50000,Abbottabad,125
Honda,CG 125,2021,185000,50000,Islamabad,125
Yamaha,YBR 125G,2015,226000,50000,Karachi,125
Honda,CG 125,2011,140000,50000,Rawalpindi,125
Honda,CG 125,2012,105000,50000,Rawalpindi,125
Honda,CG 125,2020,160000,50000,Islamabad,125
Honda,CG 125,2016,130000,50000,Rawalpindi,125
Honda,CG 125,2017,170000,50000,Taxila,125
Honda,CG 125,2018,110000,50423,Multan,125
Honda,CG 125,2015,140000,50862,Rawalpindi,125
Honda,CG 125,2017,115000,50880,Rawalpindi,125
Honda,CG 125,2018,130000,50900,Bhimber,125
Honda,CG 125,2018,115000,51000,Faisalabad,125
Yamaha,YBR 125G,2017,250000,51000,Rawalpindi,125
Honda,CG 125,2021,171000,51000,Bahawalpur,125
Honda,CG 125,2020,150000,51000,Karachi,125
Honda,CG 125,2016,220000,51050,Rawalpindi,125
Honda,CG 125,2020,230000,51250,Lahore,125
Honda,CG 125 Deluxe,2015,210000,51555,Islamabad,125
Honda,CG 125,2016,130000,52000,Rawalpindi,125
Yamaha,YBR 125,2016,200000,52000,Lahore,125
Yamaha,YBR 125G,2019,275000,52000,Haripur,125
Honda,CG 125,2019,125000,52000,Bahawalpur,125
Honda,CG 125,2020,138000,52000,Lahore,125
Yamaha,YBR 125,2018,250000,52000,Islamabad,125
Yamaha,YBR 125G,2019,180000,52621,Faisalabad,125
Honda,CG 125,2020,150000,52717,Karachi,125
Yamaha,YBR 125,2016,300000,52728,Gujranwala,125
Honda,CG 125,2018,120000,53000,Lahore,125
Honda,CG 125,2020,125000,53000,Gujrat,125
Honda,CG 125,2022,175000,53000,Mandi bahauddin,125
Honda,CG 125,2018,138000,53000,Khushab,125
Yamaha,YBR 125,2019,288000,53500,Peshawar,125
Honda,CG 125,2016,120000,53698,Rawalpindi,125
Honda,CG 125 Deluxe,2015,185000,53755,Islamabad,125
Yamaha,YBR 125,2018,235000,54000,Hangu,125
Yamaha,YB 125Z,2020,220000,54000,Bahawalnagar,125
Yamaha,YB 125Z,2018,225000,54000,Gujrat,125
Honda,CG 125,2014,130000,54000,Rawalpindi,125
Yamaha,YB 125Z,2020,229000,54000,Faisalabad,125
Yamaha,YBR 125,2017,258000,54000,Islamabad,125
Honda,CG 125,2012,125000,54000,Islamabad,125
Honda,CG 125,2018,115000,54000,Multan,125
Honda,Deluxe,1988,110000,54006,Lahore,125
Honda,CG 125,2017,145000,54363,Dina,125
Honda,CG 125,2018,90000,54546,Pasrur,125
Honda,CG 125,2017,132000,55000,Islamabad,125
Yamaha,YB 125Z,2018,215000,55000,Gujrat,125
Honda,CG 125,2020,160000,55000,Karachi,125
Honda,CG 125,2015,110000,55000,Karachi,125
Honda,CG 125,2002,120000,55000,Lahore,125
Honda,CG 125,2017,136000,55000,Rawalpindi,125
Yamaha,YBR 125,2017,230000,55000,Karachi,125
Honda,CG 125,2018,123000,55000,Sialkot,125
Honda,CG 125,2018,140000,55000,Lahore,125
Honda,CG 125,2013,110000,55000,Lahore,125
Honda,CG 125,2017,140000,55000,Rawalpindi,125
Honda,CG 125,2018,110000,55000,Kotli Ak,125
Honda,CG 125,2018,112000,55000,Multan,125
Honda,CG 125,2016,150000,55000,Taxila,125
Honda,CG 125,2019,100000,55000,Karachi,125
Honda,CB 125F,2019,230000,55000,Wah cantt,125
Yamaha,YBR 125,2017,210000,55000,Islamabad,125
Honda,CG 125,2018,125000,55000,Lahore,125
Honda,CG 125,2012,92000,55213,Lahore,125
Honda,CG 125,2019,120000,55555,Sialkot,125
Honda,CG 125,2017,105000,55555,Balakot,125
Honda,CG 125,2009,120000,55556,Attock,125
Honda,CG 125,2016,155000,55819,Rawalpindi,125
Honda,CG 125 Dream,2015,120000,55900,Swabi,125
Honda,CG 125,1994,78000,56000,Abbottabad,125
Honda,CG 125,2017,125000,56000,Rawalpindi,125
Yamaha,YBR 125,2021,330000,56000,Karachi,125
Honda,CG 125,2018,120000,56000,Lahore,125
Honda,CB 125F,2019,240000,56000,Attock,125
Honda,CG 125,2023,190000,56000,Lahore,125
Honda,CG 125,2013,120000,56000,Okara,125
Honda,CG 125 Deluxe,2011,140000,56000,Rawalpindi,125
Honda,CG 125,2014,150000,56384,Islamabad,125
Honda,CG 125,2013,105000,56533,Faisalabad,125
Honda,CG 125,2019,160000,56633,Lahore,125
Honda,CG 125,2021,150000,56900,Lahore,125
Honda,CG 125,2016,110000,57000,Lahore,125
Yamaha,YBR 125,2016,210000,57000,Karachi,125
Honda,CG 125,2021,175000,57000,Lahore,125
Yamaha,YBR 125,2015,250000,57000,Islamabad,125
Honda,CG 125,2023,185000,57000,Lahore,125
Yamaha,YB 125Z,2020,210000,57000,Lahore,125
Honda,CG 125 Special Edition,2019,170000,58000,Multan,125
Honda,CG 125,2016,90000,58000,Lahore,125
Yamaha,YBR 125,2018,280000,58000,Rawalpindi,125
Honda,CG 125,2014,110000,58000,Abbottabad,125
Honda,CG 125,2003,98000,58000,Taxila,125
Yamaha,YBR 125G,2016,225000,58000,Wah cantt,125
Yamaha,YBR 125G,2016,200000,58000,Hyderabad,125
Honda,CG 125,2018,135000,58000,Lahore,125
Honda,CG 125,2012,140000,58000,Chunian,125
Honda,CG 125,2017,150000,58000,Islamabad,125
Honda,CG 125,2007,157000,58400,Islamabad,125
Honda,CG 125,2020,145000,58632,Faisalabad,125
Honda,CG 125,2018,125000,58655,Karachi,125
Yamaha,YBR 125,2015,65000,58754,Lahore,125
Honda,CG 125,2014,120000,58888,Murree,125
Yamaha,YBR 125,2016,220000,59000,Karachi,125
Yamaha,YB 125Z,2018,185000,59000,Arifwala,125
Honda,CG 125,2018,140000,59291,Lahore,125
Honda,CG 125,2017,145000,59977,Islamabad,125
Honda,CG 125,2020,146000,60000,Rawalpindi,125
Honda,CG 125,2020,250000,60000,Karachi,125
Honda,CG 125,2003,80000,60000,Lahore,125
Yamaha,YBR 125,2018,260000,60000,Islamabad,125
Honda,CG 125,2014,90000,60000,Lahore,125
Honda,CG 125,2014,85000,60000,Karachi,125
Yamaha,YBR 125,2016,200000,60000,Lahore,125
Honda,CG 125,2000,65000,60000,Okara,125
Honda,CG 125,2016,140000,60000,Rawalpindi,125
Honda,CG 125,1991,120000,60000,Lahore,125
Honda,CG 125,2001,90000,60000,Sargodha,125
Yamaha,YBR 125,2015,185000,60000,Gujrat,125
Honda,CG 125,2006,68000,60000,Karachi,125
Honda,CG 125,2012,110000,60000,Yazman mandi,125
Honda,CG 125,2022,180000,60000,Lahore,125
Honda,CG 125,2014,150000,60000,Bahawalnagar,125
Yamaha,YBR 125G,2019,300000,60000,Karachi,125
Yamaha,YBR 125G,2018,270000,60000,Rawalpindi,125
Honda,CG 125,2019,150000,60000,Peshawar,125
Honda,CG 125,2022,142000,60000,Islamabad,125
Honda,CG 125,2024,220000,60000,Karachi,125
Yamaha,YBR 125,2015,230000,60000,Gujrat,125
Yamaha,YBR 125,2019,300000,60000,Karachi,125
Honda,CG 125,2023,190000,60000,Rawalakot,125
Yamaha,YB 125Z,2021,310000,60000,Islamabad,125
Yamaha,YBR 125,2021,310000,60000,Islamabad,125
Yamaha,YBR 125G,2019,225000,60000,Lahore,125
Yamaha,YB 125Z,2021,340000,60000,Islamabad,125
Honda,CG 125,2015,85000,60000,Burewala,125
Honda,CG 125,2008,90000,60000,Lahore,125
Kawasaki,GTO 125,1990,30000,60000,Pir mahal,125
Honda,CG 125,2020,145000,60000,Karachi,125
Honda,CG 125,2020,140000,60000,Multan,125
Yamaha,YBR 125,2019,260000,60000,Lahore,125
Honda,CB 125F,2021,280000,60000,Islamabad,125
Honda,CG 125,2017,115000,60000,Lahore,125
Honda,CG 125 Deluxe,2018,220000,60000,Rawalpindi,125
Honda,CG 125,2022,169000,60000,Lahore,125
Yamaha,YB 125Z,2019,220000,60000,Wah cantt,125
Yamaha,YB 125Z,2018,285000,60000,Karachi,125
Honda,CG 125,2003,100000,60000,Abbottabad,125
Honda,CG 125,2021,162000,60000,Muzaffarabad,125
Honda,CG 125,2005,75000,60000,Bhimber,125
Honda,CG 125,2018,150000,60000,Wah cantt,125
Yamaha,YBR 125,2017,190000,60000,Wah cantt,125
Yamaha,YBR 125G,2019,280000,60000,Karachi,125
Honda,CG 125,2010,165000,60000,Rawalpindi,125
Honda,CG 125,2021,165000,60000,Rawalpindi,125
Honda,CG 125,2017,108000,60000,Rawalpindi,125
Suzuki,GS-125,2007,85000,60000,Lahore,125
Super,Power SP 125 Delux,2009,130000,60000,Karachi,125
Honda,CG 125 Deluxe,2014,200000,60000,Khushab,125
Honda,CG 125,2018,136000,60000,Abbottabad,125
Honda,CG 125 Deluxe,2008,70000,60000,Islamabad,125
Yamaha,YB 125Z-DX,2021,285000,60000,Rawalpindi,125
Honda,CG 125,2017,110000,60000,Okara,125
Honda,CG 125,2001,75000,60000,Okara,125
Honda,CG 125,2014,80000,60000,Faisalabad,125
Honda,CG 125,2005,85000,60000,Mansehra,125
Yamaha,YBR 125,2016,280000,60000,Lahore,125
Honda,CG 125,2008,130000,60000,Faisalabad,125
Yamaha,YBR 125,2015,185000,61000,Sheikhupura,125
Honda,CG 125,2017,130000,61000,Islamabad,125
Yamaha,YBR 125,2018,220000,61000,Lahore,125
Yamaha,YBR 125,2016,300000,61000,Islamabad,125
Honda,CG 125,2017,127000,61085,Islamabad,125
Honda,CG 125,2020,160000,61375,Rawalpindi,125
Yamaha,YBR 125,2019,220000,62000,Lahore,125
Yamaha,YBR 125,2018,225000,62000,Lahore,125
Honda,CG 125,2021,145000,62000,Faisalabad,125
Honda,CG 125,2024,220000,62000,Rawalpindi,125
Honda,CG 125,2021,170000,63261,Rawalpindi,125
Honda,CG 125,2018,170000,63500,Attock,125
Ravi,Piaggio Storm 125,2014,80000,64000,Lahore,125
Honda,CG 125,2010,153000,64220,Shakargarh,125
Honda,CG 125,2016,120000,64827,Karachi,125
Honda,CG 125,2023,195000,65000,Faisalabad,125
Yamaha,YB 125Z,2019,235000,65000,Gujranwala,125
Honda,CG 125,2016,130000,65000,Islamabad,125
Honda,CG 125,2022,195000,65000,Faisalabad,125
Yamaha,YBR 125,2017,210000,65000,Karachi,125
Honda,CG 125 Special Edition,2021,210000,65000,Rawalpindi,125
Honda,CG 125,2011,80000,65000,Pak pattan sharif,125
Honda,CG 125,2021,185000,65000,Rawalpindi,125
Yamaha,YBR 125G,2017,229000,65000,Karachi,125
Honda,CG 125,2014,125000,65000,Pattoki,125
Honda,CG 125,2014,100000,65000,Karachi,125
Honda,CG 125,2014,90000,65000,Karachi,125
Honda,CG 125,2013,72000,65000,Faisalabad,125
Honda,CG 125,2023,165000,65000,Lahore,125
Honda,CG 125,2009,85000,65000,Islamabad,125
Yamaha,YBR 125G,2017,210000,65000,Karachi,125
Honda,CG 125,2019,126000,65398,Okara,125
Honda,CG 125,2015,89000,65688,Faisalabad,125
Yamaha,YBR 125,2017,200000,66000,Dina,125
Yamaha,YBR 125,2019,245000,66000,Karachi,125
Yamaha,YB 125Z,2020,235000,67500,Lahore,125
Honda,CB 125F,2019,250000,68000,Sialkot,125
Yamaha,YB 125Z-DX,2021,240000,68000,Lahore,125
Honda,CG 125,2022,178000,68000,Karachi,125
Honda,CG 125,2021,140000,68427,Rajanpur,125
Honda,CG 125,2021,145000,68428,Rajanpur,125
Yamaha,YB 125Z-DX,2021,250000,69000,Lahore,125
Yamaha,YBR 125,2021,250000,69000,Lahore,125
Honda,CG 125,1987,257000,69286,Karachi,125
United,US 125 Euro II,2023,140000,69560,Rawalpindi,125
Honda,CG 125,2020,140000,70000,Lahore,125
Yamaha,YBR 125G,2018,285000,70000,Islamabad,125
Honda,CG 125,2010,148000,70000,Lahore,125
Honda,CG 125,1981,100000,70000,Karachi,125
Honda,CG 125,2016,130000,70000,Islamabad,125
Honda,CG 125,2015,114000,70000,Chakwal,125
Hero,RF 125,2002,180000,70000,Faisalabad,125
Honda,CG 125,2017,105000,70000,Lahore,125
Yamaha,YBR 125G,2018,225000,70000,Sialkot,125
Yamaha,YBR 125,2017,275000,70000,Rawalpindi,125
Yamaha,YBR 125,2016,229000,70000,Peshawar,125
Honda,CG 125,2010,100000,70000,Islamabad,125
Yamaha,YBR 125,2009,75000,70000,Gujrat,125
Ravi,Piaggio Storm 125,2011,195000,70000,Faisalabad,125
Honda,CG 125,2017,115000,70000,Mansehra,125
Honda,CG 125,2015,114000,70000,Taxila,125
Honda,CG 125,2015,95000,70000,Lahore,125
Yamaha,YBR 125,2021,200000,70000,Chunian,125
Honda,CG 125 Deluxe,2014,86000,70000,Faisalabad,125
Honda,CG 125,1990,75000,70000,Wah cantt,125
Honda,CG 125,2010,79000,70000,Abbottabad,125
Honda,CG 125,2021,140000,70000,Lahore,125
Yamaha,YBR 125,2015,220000,70000,Rawalpindi,125
Honda,CG 125,2020,160000,70000,Lahore,125
Yamaha,YB 125Z,2020,205000,70000,Vehari,125
Honda,CG 125,2022,185000,70000,Lahore,125
Honda,CG 125,2018,145000,70000,Kotli Ak,125
Honda,CG 125,2019,133000,70007,Islamabad,125
Honda,CG 125,2021,160000,70096,Islamabad,125
Ravi,Piaggio Storm 125,2013,100000,72000,Lahore,125
United,US 125 Euro II,2024,150000,72000,Islamabad,125
Honda,CG 125,2020,180000,72000,Lahore,125
Honda,CG 125,2018,110000,72000,Lahore,125
Honda,CG 125,2013,92000,73000,Faisalabad,125
Yamaha,YBR 125G,2018,225000,73000,Rawalpindi,125
Honda,CG 125,2015,130000,75000,Lahore,125
Yamaha,YB 125Z,2018,170000,75000,Gujrat,125
Honda,CG 125,2021,195000,75000,Islamabad,125
Yamaha,YB 125Z,2019,210000,75000,Karachi,125
Honda,CG 125,2019,153000,75000,Karachi,125
Yamaha,YBR 125,2022,325000,75000,Lahore,125
Yamaha,YBR 125,2022,330000,75000,Lahore,125
Honda,CG 125,2019,150000,75000,Umer Kot,125
Yamaha,YB 125Z-DX,2021,280000,75000,Lahore,125
Honda,CG 125,2010,130000,75000,Faisalabad,125
Honda,CG 125,2018,115000,75000,Multan,125
Honda,CG 125,2023,175000,75000,Lala musa,125
Metro,MR 125,2021,75000,75235,Multan,125
Yamaha,YBR 125,2017,237000,76000,Mian Wali,125
Honda,CG 125,2015,107000,76000,Islamabad,125
Honda,CG 125 Deluxe,2012,114000,76000,Layyah,125
Honda,CG 125,2013,120000,76000,Kasur,125
Honda,CG 125,2020,175000,77000,Rawalpindi,125
Honda,CB 125F,2022,305000,77000,Mansehra,125
Honda,CG 125,2020,145000,77412,Karachi,125
Honda,CG 125,2018,145000,78560,Rawalpindi,125
Honda,CG 125,2024,177000,78900,Mirpur khas,125
Yamaha,YBR 125G,2016,285000,79000,Rawalpindi,125
Honda,CG 125,2009,140000,80000,Rawalpindi,125
Asia,Hero 125,2013,120000,80000,Jhelum,125
Honda,CG 125,2013,150000,80000,Islamabad,125
Honda,CG 125,2008,235000,80000,Lahore,125
Honda,CG 125,2016,125000,80000,Lahore,125
Honda,CG 125,2014,92000,80000,Abbottabad,125
Honda,CG 125,2022,175000,80000,Islamabad,125
Honda,CG 125,2014,130000,80000,Rawalpindi,125
Honda,CG 125,2013,95000,80000,Bahawalpur,125
Yamaha,YBR 125,2019,280000,80000,Islamabad,125
Honda,CG 125,2013,90000,80000,Bahawalpur,125
Yamaha,YBR 125,2018,240000,80000,Karachi,125
Honda,CG 125,2022,165000,80000,Rawalpindi,125
Honda,CG 125,2018,105000,80000,Lahore,125
Honda,CG 125,2018,130000,80000,Lahore,125
Honda,CG 125,2018,99000,80000,Rahim Yar Khan,125
Honda,CG 125,2014,120000,80000,Sargodha,125
Honda,CG 125,2016,85000,80000,Lahore,125
Yamaha,YB 125Z,2017,168000,80000,Lahore,125
Honda,CG 125,2006,170000,80000,Karachi,125
Honda,CG 125,2017,165000,80000,Islamabad,125
Yamaha,YBR 125,2019,345000,80000,Rawalpindi,125
Honda,CG 125,2012,120000,80000,Kasur,125
Honda,CG 125,2011,120000,80000,Peshawar,125
Honda,CG 125,2020,140000,80000,Lahore,125
Yamaha,YBR 125G,2016,248000,80499,Taxila,125
Honda,CG 125,2012,100000,82000,Lahore,125
Honda,CG 125,2015,71500,82200,Harappa,125
Honda,CG 125,2017,110000,82396,Islamabad,125
Honda,CG 125,2015,110000,84000,Rawalpindi,125
Yamaha,YBR 125G,2018,290000,84000,Karachi,125
Honda,CG 125,2001,175000,84000,Lahore,125
Honda,CG 125,2013,100000,85000,Lahore,125
Yamaha,YBR 125G,2015,210000,85000,Karachi,125
Honda,CG 125,2016,85000,85000,Karachi,125
Yamaha,YB 125Z,2017,150000,85000,Sargodha,125
Honda,CG 125,2012,150000,86000,Lahore,125
Honda,CG 125,2018,140000,86000,Lahore,125
Yamaha,YBR 125,2016,185000,86000,Layyah,125
Honda,CG 125,2017,112000,86686,Islamabad,125
Yamaha,YBR 125,2015,260000,87000,Multan,125
Honda,CG 125,2017,100000,88000,Jhang,125
Honda,CG 125,2013,78000,89000,Lahore,125
Honda,CG 125,2002,95000,89995,Lahore,125
Honda,CG 125,2017,114000,90000,Karachi,125
Yamaha,YBR 125,2017,165000,90000,Islamabad,125
Honda,CG 125,2012,100000,90000,Karachi,125
Yamaha,YBR 125,2016,215000,90000,Islamabad,125
Honda,CG 125,2007,85000,90000,Lahore,125
Honda,CG 125 Deluxe,2010,180000,90000,Rawalpindi,125
Honda,CG 125,2012,78000,90000,Karachi,125
Yamaha,YBR 125G,2017,225000,90000,Lahore,125
Honda,CG 125,2014,135000,90000,Haripur,125
Honda,CG 125,2018,125000,90000,Pattoki,125
Honda,CG 125,2019,115000,90000,Karachi,125
Road,Prince 125,2017,60000,90000,Karachi,125
Honda,CG 125,2013,125000,90000,Islamabad,125
Honda,CG 125,2004,78000,90000,Faisalabad,125
Honda,CG 125,2009,100000,90000,Narowal,125
Honda,CG 125,2013,100000,90456,Gujranwala,125
Honda,CG 125,2023,160000,92000,Gujrat,125
Honda,CG 125,2023,165000,92000,Gujrat,125
Honda,CG 125,2012,105000,92000,Islamabad,125
Honda,CG 125,2021,210000,93600,Rawalpindi,125
Honda,CG 125,2010,130000,95000,Rawalpindi,125
Yamaha,YBR 125,2017,240000,95573,Rawalpindi,125
Honda,CG 125,2014,85000,98000,Faisalabad,125
Honda,CG 125,2016,120000,98999,Lahore,125
Honda,CG 125,2014,125000,99000,Karachi,125
Honda,CG 125 Deluxe,2013,155000,99000,Islamabad,125
Honda,CG 125,2004,97000,99999,Islamabad,125
Yamaha,YBR 125,2016,225000,99999,Rawalpindi,125
Honda,Deluxe,2006,130000,99999,Abbottabad,125
Yamaha,YB 125Z,2020,235000,99999,Karachi,125
Honda,CG 125 Deluxe,2011,125000,99999,Lahore,125
Honda,CG 125,2014,92000,99999,Sialkot,125
Honda,CG 125,2011,132000,100000,Islamabad,125
Yamaha,YBR 125,2017,300000,100000,Karachi,125
Honda,CG 125,2018,62000,100000,Karachi,125
Honda,CG 125,2007,95000,100000,Rawalpindi,125
Yamaha,YBR 125,2015,170000,100000,Gujranwala,125
Yamaha,YBR 125,2018,285000,100000,Islamabad,125
Honda,CG 125,2004,123000,100000,Rawalpindi,125
United,US 125 Euro II,2016,90000,100000,Kotli Loharan,125
Honda,CG 125,2011,100000,100000,Rawalpindi,125
Honda,CG 125,2015,110000,100000,Islamabad,125
Honda,CG 125,1990,100000,100000,Karachi,125
Honda,CG 125,2004,65000,100000,Islamabad,125
Honda,CG 125,2016,80000,100000,Karachi,125
Honda,CG 125 Deluxe,2016,130000,100000,Lahore,125
Honda,CB 125F,2025,340000,100000,Peshawar,125
Honda,CG 125,2014,95000,100000,Lahore,125
Unique,UD 125,2013,75000,100000,Karachi,125
Honda,CG 125,2008,80000,100000,Rawalpindi,125
Honda,CG 125,2017,109000,100000,Lahore,125
Honda,CG 125,2021,165000,100000,Islamabad,125
Honda,CG 125 Deluxe,2013,145000,100000,Peshawar,125
Yamaha,YBR 125G,2016,220000,100000,Hyderabad,125
Honda,CG 125,2011,95000,100000,Karachi,125
Honda,CG 125 Deluxe,2017,230000,100000,Muzaffarabad,125
Honda,CG 125,2012,85000,100000,Karachi,125
Honda,CG 125,2015,100000,100000,Karachi,125
Honda,CG 125,2018,85000,100000,Rawalpindi,125
Honda,CG 125,2016,110000,100000,Karachi,125
Honda,CG 125,2014,85000,100000,Karachi,125
Honda,CG 125,2002,90000,100000,Murree,125
Honda,CG 125,2002,120000,100000,Rawalpindi,125
Honda,CG 125,2018,138000,100000,Karachi,125
Honda,CG 125,2005,95000,100000,Abbottabad,125
Honda,CG 125,2004,105000,100000,Islamabad,125
Honda,CG 125,2015,110000,100000,Gujrat,125
Honda,CG 125,2017,125000,100000,Karachi,125
United,US 125 Euro II,2019,70000,100000,Lahore,125
Honda,CG 125,2010,150000,100000,Mirpur A.K.,125
Yamaha,YBR 125,2016,175000,100000,Abbottabad,125
Honda,CG 125,2016,135000,100000,Islamabad,125
Honda,CG 125,2014,65000,100000,Pattoki,125
Honda,CG 125,2010,85000,100000,Rawalpindi,125
Kawasaki,GTO 125,1988,150000,100000,Rawalpindi,125
Honda,CG 125,2017,130000,100000,Lahore,125
Honda,CG 125,2012,80000,100000,Islamabad,125
Honda,CG 125,2006,100000,100000,Karachi,125
Honda,CG 125,2017,101000,100000,Faisalabad,125
Honda,CG 125,2017,105000,100000,Hyderabad,125
Honda,CG 125,2021,130000,100000,Lahore,125
Honda,CG 125,2010,101000,100000,Lahore,125
Honda,CG 125,2020,210000,100000,Gujranwala,125
Yamaha,YBR 125,2015,215000,100000,Peshawar,125
Honda,CG 125,2010,103000,100000,Sarai alamgir,125
Honda,CG 125,1990,65000,100000,Karachi,125
Honda,CG 125,1997,70000,100000,Haripur,125
Honda,CG 125,2022,195000,100000,Islamabad,125
United,US 125 Euro II,2022,110000,100000,Quetta,125
Honda,CG 125,2011,190000,100000,Kot addu,125
Super,Power SP 125,2019,55000,100000,Karachi,125
Honda,CG 125,2015,125000,100000,Islamabad,125
Honda,CG 125,2004,72500,100000,Karachi,125
Honda,CG 125,2021,145000,100000,Lahore,125
Honda,CG 125,2020,168000,100000,Attock,125
Honda,CG 125,2010,142000,100000,Taxila,125
Honda,CG 125,2014,135000,100000,Abbottabad,125
Honda,CG 125,2008,90000,100000,Rawalpindi,125
Honda,CG 125,2013,85000,100000,Mian Wali,125
Honda,CG 125,2016,115000,100000,Islamabad,125
Honda,CG 125,2016,100000,100000,Karachi,125
Honda,CG 125,2014,80000,100000,Islamabad,125
Honda,CG 125,2012,65000,100000,Karachi,125
Honda,CG 125,2017,140000,100000,Karachi,125
Honda,CG 125,2018,139000,100000,Islamabad,125
Honda,CG 125,2015,100000,100000,Lahore,125
Honda,CG 125,2018,118000,100000,Lahore,125
Honda,CG 125,2016,120000,100000,Rawalpindi,125
Honda,CG 125,2017,120000,100000,Lahore,125
Honda,CG 125,2003,100000,100000,Lahore,125
Honda,CG 125,2001,135000,100000,Wah cantt,125
Honda,CG 125,2015,105000,100000,Islamabad,125
Chinese,Bikes 125,2004,110000,100000,Rawalpindi,125
Honda,CG 125,2020,120000,100646,Karachi,125
Honda,CG 125,2012,89500,101010,Rawalpindi,125
Honda,CG 125,2009,105000,101010,Karachi,125
Yamaha,YB 125Z,2018,180000,102000,Bahawalpur,125
Yamaha,YBR 125,2017,250000,103400,Faisalabad,125
Honda,CG 125,2018,135000,108110,Mandi bahauddin,125
Yamaha,YBR 125,2015,215000,111111,Attock,125
Honda,CG 125,2005,190000,111111,Lahore,125
Honda,CG 125,2016,100000,111111,Lahore,125
Yamaha,YBR 125G,2015,198000,111111,Islamabad,125
Ravi,Piaggio Storm 125,2013,138000,111136,Rawalpindi,125
Honda,CG 125,2021,140000,111138,Lahore,125
Honda,CG 125,2022,150000,115000,Lahore,125
Honda,CG 125,2012,95000,120000,Karachi,125
United,US 125 Euro II,2018,97000,120000,Islamabad,125
Yamaha,YBR 125,2016,175000,120000,Faisalabad,125
Honda,CG 125,2022,170000,120561,Karachi,125
Honda,CG 125,2022,170000,120617,Karachi,125
Honda,CG 125,2013,125000,121212,Hyderabad,125
Honda,CG 125,2013,110000,121213,Rawalpindi,125
Yamaha,YBR 125,2015,200000,122000,Lahore,125
Honda,CG 125,2021,155000,123450,Rawalpindi,125
Honda,CG 125,2020,120000,123456,Rawalpindi,125
Honda,CG 125,2013,90000,123456,Haripur,125
Honda,CG 125,2012,114000,123456,Karachi,125
Honda,CG 125,2022,170000,123456,Faisalabad,125
Honda,CG 125,2005,65000,123456,Karachi,125
Honda,CG 125,2008,75000,123456,Jhang,125
Honda,CG 125,2006,75000,123456,Lahore,125
Honda,CG 125,2015,101000,123456,Chakwal,125
Honda,CG 125,2017,100000,123456,Sialkot,125
Honda,CG 125,2017,85000,123456,Lahore,125
Honda,CG 125,2018,135000,123456,Lahore,125
Honda,CG 125,2022,175000,123456,Rawalpindi,125
Kawasaki,GTO 125,1987,200000,123456,Lahore,125
Honda,CG 125,2022,185000,123456,Islamabad,125
Honda,CG 125,2017,125000,123456,Hyderabad,125
Honda,CG 125,2022,145000,123456,Sargodha,125
Yamaha,YBR 125G,2019,290000,123456,Abbottabad,125
Honda,CG 125,2021,180000,123456,Islamabad,125
Honda,CG 125,2011,70000,123456,Karachi,125
Honda,CG 125,2014,73000,123456,Okara,125
Honda,CG 125,2021,165000,123456,Karachi,125
Honda,CG 125,2018,115000,123456,Sukkur,125
Honda,CG 125,2022,170000,123456,Mian Wali,125
Honda,CG 125,2021,170000,123456,Rawalpindi,125
Honda,CG 125,2021,175000,123456,Rawalpindi,125
Honda,CG 125,2010,95000,123456,Islamabad,125
Honda,CG 125,2015,120000,123456,Islamabad,125
Honda,CG 125,2023,180000,123456,Mandi bahauddin,125
Honda,CG 125,2020,139000,123456,Okara,125
Honda,CG 125,2017,140000,123456,Karachi,125
Super,Power SP 125 Delux,2019,130000,123456,Mardan,125
Honda,CG 125,2015,110000,123456,Rawalpindi,125
Honda,CG 125,2015,85000,123456,Burewala,125
Honda,CG 125,2014,90000,123456,Gujranwala,125
Honda,CG 125,2019,138000,123456,Islamabad,125
Honda,CG 125,2019,110000,123456,Lahore,125
Unique,UD 125,2018,80000,123456,Karachi,125
Honda,CG 125,2021,160000,123456,Rawalpindi,125
Honda,CG 125,2022,200000,123456,Lahore,125
Honda,CG 125,2021,155000,123456,Taxila,125
Yamaha,YBR 125,2022,275000,123456,Dera Ghazi Khan,125
Honda,CG 125,2020,150000,123456,Muzaffarabad,125
Honda,CG 125,2015,135000,123456,Abbottabad,125
Honda,CG 125,2018,130000,123456,Sargodha,125
Unique,UD 125,2018,75000,123456,Karachi,125
Honda,CG 125,2018,120000,123456,Lahore,125
Honda,CG 125,2019,130000,123456,Lahore,125
Honda,CG 125,2017,150000,123456,Rawalpindi,125
Honda,CG 125,2020,165000,123456,Jhelum,125
Honda,CG 125,2020,120000,123456,Nankana sahib,125
Honda,CG 125,2015,96000,123456,Karachi,125
Honda,CG 125,2022,185000,123456,Nowshera,125
Honda,CG 125,2016,110000,123456,Karachi,125
Honda,CG 125,2016,145000,123456,Haripur,125
Honda,CG 125,2023,183000,123456,Abbottabad,125
Honda,CG 125,2021,155000,123456,Mansehra,125
Honda,CG 125,2016,130000,123456,Charsadda,125
United,US 125 Euro II,2018,73000,123456,Peshawar,125
Honda,CG 125,2016,160000,123456,Islamabad,125
Honda,CG 125,2019,235000,123456,Lahore,125
Honda,CG 125,2020,150000,123456,Karachi,125
Honda,CG 125,2014,114000,123456,Islamabad,125
Yamaha,YBR 125G,2017,230000,123456,Karachi,125
Honda,CG 125,2019,160000,123456,Pak pattan sharif,125
Honda,CG 125,2018,145000,123456,Islamabad,125
Honda,CG 125,2021,165000,123456,Islamabad,125
Yamaha,YBR 125,2018,235000,123456,Rawalpindi,125
Honda,CG 125,2022,166000,123456,Gujrat,125
Yamaha,YBR 125G,2018,280000,123456,Lahore,125
Honda,CG 125,2003,75200,123458,Sargodha,125
Honda,CG 125,2021,160000,123459,Islamabad,125
Honda,CG 125,2020,180000,124567,Sargodha,125
Honda,CG 125,2020,160000,128108,Islamabad,125
Yamaha,YBR 125,2015,239000,130000,Lahore,125
Honda,CG 125,2022,160000,130000,Faisalabad,125
Metro,MR 125,2016,65500,130001,Sahiwal,125
Honda,CG 125,2018,110000,133976,Faisalabad,125
Honda,CG 125,2021,145000,138000,Faisalabad,125
Honda,CG 125,2014,125000,140000,Haripur,125
Honda,CG 125,2022,175000,140000,Multan,125
Honda,CB 125F,2021,300000,140000,Peshawar,125
Honda,CG 125,2022,155000,150000,Sargodha,125
Honda,CG 125,2012,85000,150000,Okara,125
Honda,CG 125,2011,70000,150000,Karachi,125
Honda,CG 125,2015,105000,150000,Kala bagh,125
Yamaha,YBR 125G,2016,210000,150000,Kasur,125
Yamaha,YB 125Z,2008,85000,150000,Islamabad,125
Honda,CG 125,1993,80000,150000,Faisalabad,125
Honda,CG 125,2005,100000,155848,Abbottabad,125
Honda,CG 125,2020,158000,157900,Islamabad,125
Yamaha,YBR 125,2020,300000,158428,Karachi,125
Yamaha,YBR 125,2017,190000,160000,Rawalpindi,125
Yamaha,YBR 125,2015,220000,163992,Okara,125
Honda,CG 125 Deluxe,2013,145000,166870,Peshawar,125
Honda,CG 125,2007,90000,180000,Islamabad,125
Honda,CG 125,2017,125000,180000,Lahore,125
Honda,CG 125 Special Edition,2021,180000,180000,Lahore,125
Honda,CG 125,2022,156000,180000,Rawalpindi,125
Honda,CB 125F,2019,270000,186859,Rawalpindi,125
Yamaha,YBR 125,2017,235000,189180,Karachi,125
Honda,CG 125,2011,110000,190000,Karachi,125
Honda,CG 125,2022,190000,190000,Rawalakot,125
Honda,CG 125,2014,72000,199999,Lahore,125
Honda,CG 125,2023,178000,199999,Mardan,125
Asia,Hero Self Start,2002,350000,200000,Hyderabad,125
United,US 125 Euro II,2018,100000,200000,Karachi,125
United,US 125 Euro II,2020,90000,200000,Mansehra,125
Honda,CG 125,2015,96000,200000,Karachi,125
Honda,CG 125,2017,65000,200000,Lahore,125
Honda,CG 125,2013,70000,200000,Karachi,125
Honda,CG 125,2018,155000,200000,Rawalpindi,125
Asia,Hero 125,1988,70000,200000,Pindi Bhattian,125
Honda,CG 125,2015,150000,200000,Islamabad,125
United,US 125 Deluxe,2019,125000,200000,Islamabad,125
Honda,CG 125,2010,99000,200000,Lahore,125
Honda,CG 125,2023,185000,200000,Rawalpindi,125
Honda,CG 125,1981,85000,200000,Karachi,125
Super,Power SP 125,2022,72000,200000,Karachi,125
Honda,CG 125,2021,145000,205689,Karachi,125
Honda,CG 125,2018,120000,212121,Lahore,125
Yamaha,YBR 125G,2016,280000,218075,Lahore,125
Honda,CG 125,2007,68000,222220,Karachi,125
Honda,CG 125,2009,85000,223388,Rawalpindi,125
Honda,CG 125,2020,155000,226358,Faisalabad,125
Yamaha,YBR 125,2017,280000,226854,Lahore,125
United,US 125 Euro II,2021,90000,230000,Karachi,125
Honda,CG 125,2020,210000,234370,Lahore,125
Honda,CG 125,2013,120000,240000,Islamabad,125
Honda,CG 125,2020,138000,240000,Karachi,125
Honda,CG 125 Special Edition,2022,210000,243985,Lahore,125
Toyo,TG-125,2019,68000,249483,Rawalpindi,125
Honda,CG 125,2022,190000,250000,Lahore,125
Honda,CG 125,2010,90000,250000,Faisalabad,125
Yamaha,YBR 125,2017,200000,250000,Lahore,125
Honda,CG 125,1993,95000,250000,Karachi,125
Honda,CG 125 Special Edition,2022,250000,250000,Swabi,125
Honda,CG 125,2013,82000,258025,Narowal,125
Honda,CG 125,2021,155000,260058,Karachi,125
Honda,CG 125,2018,145000,266320,Lahore,125
Honda,CG 125,2022,180000,270000,Lahore,125
Yamaha,YBR 125G,2017,268000,270000,Taxila,125
Honda,CG 125,2020,140000,270323,Khanewal,125
Honda,CG 125,2018,110000,278222,Vehari,125
Honda,CG 125,2022,150000,282279,Lahore,125
Super,Power SP 125 Delux,2016,65000,285793,Karachi,125
Honda,CG 125,1999,80000,300000,Karachi,125
Honda,CG 125,2014,96000,300004,Lahore,125
Honda,CG 125,2022,170000,306040,Karachi,125
Honda,CG 125,2022,170000,306042,Karachi,125
Honda,CG 125,2021,138000,320000,Multan,125
Honda,CG 125,2003,47000,331060,Sargodha,125
Honda,CG 125,2022,180000,334370,Lahore,125
Honda,CG 125,2019,170000,335460,Karachi,125
Yamaha,YBR 125G,2019,250000,340155,Islamabad,125
Honda,CG 125,2025,245000,347120,Sargodha,125
Honda,CG 125,2022,175000,350000,Karachi,125
Honda,CG 125,1986,130000,360000,Haripur,125
Honda,CG 125 Deluxe,2016,195000,370994,Rawalpindi,125
Honda,CG 125,2019,180000,392546,Wah cantt,125
Honda,CG 125,2016,72000,400000,Hyderabad,125
Honda,CG 125,2021,150000,420009,Lahore,125
Ravi,Piaggio Storm 125,2009,80000,450000,Mirpur A.K.,125
Honda,CG 125,2003,65000,454546,Faisalabad,125
Yamaha,YBR 125,2018,220000,457786,Multan,125
Honda,CG 125,1990,130000,500000,Mansehra,125
Honda,CG 125,2008,70000,500000,Karachi,125
Honda,CG 125,2016,120000,500000,Abbottabad,125
Honda,CG 125,2015,130000,500001,Kashmir,125
Honda,CG 125,2018,120000,502667,Gujranwala,125
Yamaha,YB 125Z,2018,250000,547783,Lahore,125
Honda,CG 125,2013,65000,555555,Okara,125
United,US 125 Euro II,2018,72000,559677,Islamabad,125
Honda,CG 125,2013,160000,570000,Islamabad,125
Honda,CG 125,2012,90000,585858,Karachi,125
Honda,CG 125,2011,125000,586494,Rawalpindi,125
Super,Power SP 125,2017,60000,600000,Karachi,125
Honda,CG 125,2022,160000,666666,Arifwala,125
Honda,CG 125,2022,140000,712329,Renala khurd,125
Honda,CG 125,2015,75000,786786,Sahiwal,125
Honda,CG 125,2013,82000,786786,Narowal,125
Honda,CG 125 Deluxe,2012,99000,850000,Faisalabad,125
Honda,CG 125,2017,145000,885000,Islamabad,125
Honda,CG 125,2014,80000,900000,Lahore,125
Honda,CG 125,2012,75000,900000,Karachi,125
Honda,CG 125,2001,65000,900000,Faisalabad,125
Honda,CG 125,2023,120000,928085,Faisalabad,125
Honda,CG 125,2017,110000,999854,Karachi,125
Honda,CG 125,2015,120000,999999,Kohat,125
Honda,CG 125,2016,105000,999999,Layyah,125
Honda,CG 125,2015,85000,1000000,Sargodha,125
Crown,CR 125 Euro II,2018,85000,1000000,Karachi,125
Road,Prince 150 Wego,2025,450000,1,Rawalpindi,150
Hi,Speed Infinity 150,2025,420000,1,Rawalpindi,150
Hi,Speed Infinity 150,2025,420000,1,Lahore,150
Suzuki,GS 150,2025,393000,1,Rawalpindi,150
Honda,CB 150F,2025,525000,1,Abbottabad,150
Hi,Speed Infinity 150,2025,430000,1,Gujranwala,150
United,Auto and Motorsports ATV,2023,205000,1,Lahore,150
Honda,CBR 150R,2018,450000,1,Karachi,150
Suzuki,GS 150,2012,350000,1,Karachi,150
Suzuki,GS 150,2025,420000,1,Karachi,150
Suzuki,GS 150,2025,393000,1,Islamabad,150
Suzuki,GS 150,2012,160000,1,Sialkot,150
Kawasaki,Ninja RR,2024,130000,1,Karachi,150
Suzuki,GS 150,2019,265000,1,Karachi,150
Benelli,TNT 150i,2025,850000,1,Islamabad,150
Suzuki,GS 150,2018,270000,1,Karachi,150
Suzuki,GS 150,2011,150000,1,Gujrat,150
Suzuki,GS 150,2019,230000,1,Karachi,150
Suzuki,GS 150,2024,400000,1,Karachi,150
QINGQI,Electric bike sporty,2025,215000,1,Islamabad,0
QINGQI,Electric bike sporty,2025,165000,1,Islamabad,0
Super,Star Falcon,2025,420000,1,Karachi,150
Honda,CB 150F,2019,370000,1,Rawalpindi,150
Honda,CB 150F,2025,494000,1,Gujranwala,150
Hi,Speed Infinity 150,2025,420000,1,Hyderabad,150
Suzuki,GS 150,2022,350000,1,Rawalpindi,150
Suzuki,GS 150,2021,340000,2,Karachi,150
QINGQI,Electric bike sporty,2025,210000,2,Karachi,0
Suzuki,GS 150,2016,130000,8,Gujranwala,150
Honda,CB 150F,2024,440000,13,Karachi,150
Suzuki,GS 150,2017,185000,20,Karachi,150
Crown,FIT 150 Fighter,2019,150000,30,Karachi,150
Suzuki,GS 150,2018,255000,30,Taxila,150
QINGQI,Electric bike sporty,2023,50000,40,Multan,0
United,Auto and Motorsports ATV,2024,255000,50,Lahore,150
Road,Prince 150 Wego,2025,480000,50,Sukkur,150
Suzuki,GS 150,2015,210000,55,Lahore,150
Honda,CB 150F,2020,330000,70,Karachi,150
Honda,CB 150F,2025,490000,97,Islamabad,150
Vespa,,1979,130000,99,Karachi,150
United,Auto and Motorsports ATV,2023,60000,100,Sheikhupura,150
Suzuki,GS 150,2009,210000,100,Rawalpindi,150
Suzuki,GS 150 SE,2018,248000,123,Karachi,150
Suzuki,GS 150,2015,150000,123,Mansehra,150
Super,Power SP 150 Archi,2017,176000,123,Karachi,150
Suzuki,GR 150,2023,495000,124,Lahore,150
Honda,CB 150F,2025,510000,150,Lahore,150
United,Auto and Motorsports ATV,2019,98000,150,Rawalpindi,150
Suzuki,GS 150,2025,200000,180,Karachi,150
Honda,CB 150F,2025,506000,199,Haripur,150
Honda,CB 150F,2024,480000,200,Lower Dir,150
Suzuki,GS 150,2014,250000,250,Islamabad,150
Suzuki,GS 150,2025,380000,300,Faisalabad,150
Honda,CB 150F,2024,485000,300,Lahore,150
Suzuki,Gixxer 150,2019,1200000,300,Lahore,150
Hi,Speed Infinity 150,2024,380000,300,Lahore,150
Honda,CB 150F,2025,525000,300,Mansehra,150
Honda,CB 150F,2024,500000,300,Faisalabad,150
Chinese,Bikes,2018,350000,400,Sargodha,150
QINGQI,Electric bike sporty,2025,210000,400,Islamabad,0
Suzuki,GS 150,2025,410000,400,Rawalpindi,150
Honda,CB 150F,2024,480000,400,Kamra,150
Suzuki,GS 150,2024,395000,402,Rawalpindi,150
Honda,CB 150F,2025,465000,500,Sadiqabad,150
Suzuki,GS 150,2013,180000,500,Islamabad,150
Suzuki,GS 150,1961,350000,550,Sahiwal,150
Honda,CB 150F,2025,470000,560,Karachi,150
Suzuki,GS 150,2015,150000,564,Rawalpindi,150
Suzuki,GR 150,2025,545000,589,Rawalpindi,150
Hi,Speed Infinity 150,2023,300000,600,Sargodha,150
QINGQI,Electric bike sporty,2025,155000,600,Peshawar,0
Honda,CB 150F,2025,490000,600,Karachi,150
Honda,CB 150F,2024,475000,644,Lahore,150
Suzuki,GS 150 SE,2022,440000,700,Lahore,150
Honda,CB 150F,2024,455000,700,Faisalabad,150
QINGQI,Electric bike sporty,2025,140000,750,Gujranwala,0
Honda,CB 150F,2023,425000,778,Karachi,150
Suzuki,GS 150 SE,2022,530000,800,Rawalpindi,150
Honda,CB 150F,2023,485000,811,Quetta,150
Hi,Speed Infinity 150,2024,395000,900,Islamabad,150
Honda,CB 150F,2022,490000,950,Lahore,150
Suzuki,Gixxer 150,2022,525000,975,Rawalpindi,150
Honda,CB 150F,2025,495000,998,Karachi,150
United,Auto and Motorsports ATV,2024,220000,1000,Karachi,150
Suzuki,GS 150,2015,220000,1000,Karachi,150
Suzuki,GS 150,2005,155000,1000,Islamabad,150
Suzuki,GS 150,2005,240000,1000,Karachi,150
Zongshen,150,2019,124000,1000,Karachi,150
Hi,Speed Infinity 150,2022,350000,1000,Islamabad,150
Suzuki,GS 150,2017,195000,1000,Karachi,150
Vespa,,1981,150000,1000,Islamabad,150
Honda,CB 150F,2025,484000,1000,Karachi,150
Hi,Speed Infinity 150,2025,395000,1100,Islamabad,150
Suzuki,GR 150,2021,490000,1100,Wah cantt,150
Unique,Crazer UD-150,2018,210000,1111,Karachi,150
Honda,CB 150F,2025,495000,1166,Peshawar,150
Vespa,,1970,120000,1234,Peshawar,150
Hi,Speed Infinity 150,2021,380000,1241,Sialkot,150
Suzuki,GS 150,2022,210000,1258,Mansehra,150
Honda,CB 150F,2024,480000,1300,Karachi,150
Honda,CB 150F,2025,482000,1300,Rahim Yar Khan,150
Honda,CB 150F,2024,480000,1336,Jauharabad,150
Suzuki,GS 150,2024,480000,1350,Jauharabad,150
Super,Power SP 150 Archi,2019,190000,1376,Karachi,150
Suzuki,GS 150 SE,2022,450000,1450,Sialkot,150
Honda,CB 150F,2021,420000,1500,Rawalpindi,150
Super,Star Falcon,2016,180000,1500,Hazro,150
Suzuki,GS 150 SE,2022,430000,1500,Karachi,150
Vespa,,1972,120000,1500,Bahawalpur,150
Hi,Speed Infinity 150,2024,380000,1500,Islamabad,150
Suzuki,GS 150,2025,389000,1500,Rawalpindi,150
Suzuki,GS 150,2023,320000,1533,Islamabad,150
Suzuki,GR 150,2024,550000,1545,Karachi,150
Hi,Speed Infinity 150,2024,380000,1600,Multan,150
Honda,CB 150F,2021,400000,1600,Okara,150
QINGQI,Electric bike sporty,2025,145000,1700,Rawalpindi,0
Kawasaki,Ninja RR,2021,500000,1700,Islamabad,150
Suzuki,GS 150,2023,360000,1800,Karachi,150
Honda,CB 150F,2025,485000,1800,Kharian,150
Vespa,,1972,88000,1800,Bahawalpur,150
Benelli,TNT 150i,2024,779000,1800,Faisalabad,150
Honda,CB 150F,2025,475000,1800,Islamabad,150
Suzuki,Gixxer 150,2022,795000,1800,Lahore,150
Honda,CB 150F,2024,420000,1900,Larkana,150
Suzuki,GS 150,2025,375000,2000,Rawalpindi,150
Suzuki,GS 150 SE,2021,360000,2000,Islamabad,150
Hi,Speed Infinity 150,2023,340000,2000,Rawalpindi,150
QINGQI,Electric bike sporty,2025,182000,2000,Sara-E-Alamgir,0
Derbi,ETX 150,2017,360000,2000,Sahiwal,150
Honda,CBR 150R,2018,300000,2018,Bahawalnagar,150
Honda,CB 150F,2020,290000,2020,Hyderabad,150
Honda,CB 150F,2023,423000,2100,Rawalpindi,150
Honda,CB 150F,2022,380000,2100,Gujranwala,150
Honda,CB 150F,2025,495000,2127,Renala khurd,150
Suzuki,GS 150 SE,2022,380000,2200,Peshawar,150
Honda,CB 150F,2024,480000,2200,Islamabad,150
Honda,CB 150F,2024,450000,2200,Sargodha,150
Suzuki,GR 150,2023,520000,2300,Karachi,150
Honda,CB 150F,2023,435000,2300,Islamabad,150
Suzuki,GS 150,2023,370000,2300,Karachi,150
Honda,CB 150F,2023,440000,2300,Rawalpindi,150
Honda,CB 150F,2025,525000,2300,Karachi,150
Hi,Speed Infinity 150,2018,270000,2332,Karachi,150
Suzuki,GR 150,2023,520000,2360,Haripur,150
Honda,CB 150F,2024,455000,2380,Islamabad,150
Suzuki,Gixxer 150,2022,765000,2400,Kallar Saddiyian,150
Suzuki,GS 150 SE,2013,310000,2400,Karachi,150
Hi,Speed Infinity 150,2023,350000,2400,Islamabad,150
Honda,CB 150F,2024,434000,2460,Kharian,150
Suzuki,GS 150,2023,385000,2465,Islamabad,150
Suzuki,GS 150,2017,250000,2470,Karachi,150
Honda,CB 150F,2022,500000,2500,Lahore,150
Hi,Speed Infinity 150,2022,367000,2580,Mandi bahauddin,150
Honda,CB 150F,2021,395000,2700,Faisalabad,150
Honda,CB 150F,2025,485000,2900,Bahawalpur,150
Suzuki,GS 150,2022,595000,2900,Karachi,150
Suzuki,GR 150,2021,480000,3000,Karachi,150
Honda,CB 150F,2024,460000,3000,Dera ismail khan,150
Suzuki,GS 150,2013,170000,3000,Karachi,150
Suzuki,GS 150,2025,300000,3000,Lahore,150
Honda,CB 150F,2021,450000,3000,Islamabad,150
Hi,Speed Infinity 150,2023,325000,3000,Faisalabad,150
Honda,CBR 150R,2018,265000,3000,Peshawar,150
Honda,CB 150F,2022,385000,3000,Rawalpindi,150
Super,Star Falcon,2021,350000,3000,Hyderabad,150
Suzuki,GR 150,2022,525000,3000,Sadiqabad,150
Honda,CB 150F,2025,490000,3000,Lower Dir,150
Hi,Speed Infinity 150,2024,380000,3000,Islamabad,150
Honda,CB 150F,2023,405000,3028,Kohat,150
Suzuki,GS 150 SE,2023,435000,3100,D.G.Khan,150
Honda,CB 150F,2021,450000,3100,Islamabad,150
Suzuki,GS 150,2017,235000,3200,Karachi,150
Hi,Speed Infinity 150,2019,250000,3200,Sahiwal,150
Honda,CB 150F,2024,450000,3273,Jauharabad,150
Hi,Speed Infinity 150,2024,355000,3300,Chakwal,150
Suzuki,GS 150,2014,165000,3328,Rawalpindi,150
United,US 150 Ultimate Thrill,2025,270000,3400,Lahore,150
United,US 150 Ultimate Thrill,2024,310000,3400,Rawalpindi,150
Hi,Speed Infinity 150,2024,380000,3450,Kotri,150
Honda,CB 150F,2024,460000,3500,Faisalabad,150
Suzuki,GR 150,2024,530000,3500,Karachi,150
Suzuki,GS 150,2022,370000,3500,Rawalpindi,150
Honda,CB 150F,2022,417000,3600,Lahore,150
Honda,CB 150F,2022,459000,3700,Multan,150
Honda,CB 150F,2023,455000,3800,Lahore,150
Suzuki,GS 150 SE,2022,410000,3804,Karachi,150
Hi,Speed Infinity 150,2023,340000,3850,Islamabad,150
Honda,CB 150F,2024,480000,3855,Karachi,150
Suzuki,GR 150,2022,440000,3900,Karachi,150
Hi,Speed Infinity 150,2024,370000,3900,Islamabad,150
Honda,CB 150F,2024,460000,3925,Karachi,150
Honda,CB 150F,2024,480000,4000,Mardan,150
QINGQI,Electric bike sporty,2025,65000,4000,Sukkur,0
Honda,CB 150F,2024,437000,4000,Lala musa,150
QINGQI,Electric bike sporty,2025,160000,4000,Lahore,0
Suzuki,GS 150,2014,130000,4000,Gujranwala,150
Super,Star Falcon,2024,300000,4000,Karachi,150
Honda,CB 150F,2025,490000,4094,Lahore,150
Super,Star Falcon,2024,375000,4200,Lahore,150
Super,Star Falcon,2025,420000,4200,Rawalpindi,150
Honda,CB 150F,2022,420000,4300,Abbottabad,150
Honda,CB 150F,2023,435000,4380,Karachi,150
Suzuki,GS 150,2022,270000,4500,Hyderabad,150
Suzuki,Gixxer 150,2019,675000,4500,Vehari,150
Suzuki,GS 150,2022,420000,4500,Rawalpindi,150
Super,Star Falcon,2024,375000,4500,Islamabad,150
Suzuki,GS 150,2024,380000,4500,Karachi,150
Suzuki,GR 150,2023,560000,4500,Thatta,150
Suzuki,GS 150,2023,360000,4700,Lahore,150
Honda,CBR 150R,2024,138000,4800,Larkana,150
Honda,CBR 150R,2018,395000,4800,Lahore,150
Honda,CB 150F,2024,455000,4800,Lahore,150
Honda,CB 150F,2024,470000,4974,Lala musa,150
Hi,Speed Infinity 150,2024,370000,5000,Islamabad,150
Suzuki,GS 150 SE,2016,180000,5000,Islamabad,150
Suzuki,GS 150,2011,137000,5000,Rawalpindi,150
Suzuki,GS 150,2024,350000,5000,Multan,150
Super,Star Falcon,2024,350000,5000,Islamabad,150
United,US 150 Ultimate Thrill,2016,350000,5000,Rawalpindi,150
Suzuki,GS 150,2025,375000,5000,Lahore,150
Suzuki,GS 150,2014,195000,5000,Faisalabad,150
Suzuki,GR 150,2020,330000,5000,Lahore,150
Suzuki,GS 150,2024,395000,5000,Islamabad,150
Suzuki,GR 150,2022,450000,5000,Rawalpindi,150
Suzuki,GS 150,2023,335000,5000,Lahore,150
Suzuki,Gixxer 150,2019,350000,5000,Islamabad,150
Hi,Speed Infinity 150,2021,330000,5000,Lahore,150
Hi,Speed Infinity 150,2024,350000,5000,Rawalpindi,150
Suzuki,GS 150 SE,2020,340000,5000,Lahore,150
Honda,CB 150F,2024,375000,5000,Rawalakot,150
Honda,CB 150F,2024,475000,5000,Haripur,150
Honda,CB 150F,2024,485000,5000,Islamabad,150
Honda,CB 150F,2024,475000,5000,Chakwal,150
Honda,CB 150F,2024,430000,5000,Kotli Ak,150
Suzuki,GR 150,2022,450000,5000,Karachi,150
Honda,CB 150F,2025,470000,5030,Muridke,150
Suzuki,GR 150,2019,380000,5050,Wah cantt,150
Super,Power SP 150 Archi,2023,350000,5082,Karachi,150
Honda,CBR 150R,2018,250000,5267,Rawalpindi,150
Hi,Speed Infinity 150,2024,340000,5300,Faisalabad,150
Hi,Speed Infinity 150,2022,365000,5400,Lahore,150
Super,Star Falcon,2023,320000,5400,Karachi,150
Suzuki,GR 150,2004,465000,5400,Lahore,150
Honda,CB 150F,2022,396000,5400,Rawalpindi,150
Hi,Speed Infinity 150,2025,380000,5500,Islamabad,150
Hi,Speed Infinity 150,2023,310000,5500,Rawalpindi,150
Suzuki,GS 150,2022,435000,5500,Swabi,150
Suzuki,GS 150,2020,300000,5500,Karachi,150
Honda,CBR 150R,2024,4600000,5552,Gojra,150
Honda,CB 150F,2024,420000,5600,Lahore,150
Suzuki,GR 150,2024,490000,5676,Lahore,150
Suzuki,GR 150,2024,550000,5959,Karachi,150
Suzuki,GS 150 SE,2019,345000,6000,Karachi,150
Suzuki,GS 150,2024,375000,6000,Lahore,150
Honda,CB 150F,2024,482000,6000,Lahore,150
Suzuki,GS 150 SE,2022,445000,6000,Lahore,150
Hi,Speed Infinity 150,2023,345000,6000,Karachi,150
Honda,CB 150F,2017,385000,6000,Karachi,150
Honda,CB 150F,2024,430000,6000,Islamabad,150
Suzuki,GS 150,2024,330000,6000,Islamabad,150
Suzuki,GS 150,2024,345000,6000,Rawalpindi,150
Suzuki,Gixxer 150,2022,800000,6000,Lahore,150
Hi,Speed Infinity 150,2021,255000,6000,Sargodha,150
Honda,CB 150F,2022,380000,6000,Islamabad,150
Road,Prince 150 Wego,2016,240000,6000,Gujranwala,150
Honda,CB 150F,2024,500000,6000,Karachi,150
Honda,CB 150F,2019,275000,6000,Swabi,150
Suzuki,GS 150,2016,210000,6000,Karachi,150
Suzuki,GS 150 SE,2022,405000,6000,Karachi,150
Suzuki,GR 150,2024,520000,6000,Multan,150
Honda,CB 150F,2025,455000,6150,Lahore,150
Super,Star Falcon,2024,390000,6200,Islamabad,150
Honda,CB 150F,2024,450000,6400,Faisalabad,150
Honda,CBR 150R,2022,300000,6500,Karachi,150
Suzuki,GR 150,2023,480000,6500,Haripur,150
Honda,CB 150F,2023,439000,6500,Islamabad,150
Suzuki,Gixxer 150,2022,700000,6500,Hyderabad,150
Hi,Speed Infinity 150,2022,295000,6600,Lahore,150
Honda,CB 150F,2024,480000,6700,Karachi,150
Honda,CB 150F,2022,420000,6700,Karachi,150
Suzuki,GS 150,2023,330000,6845,Kot Momin,150
Honda,CB 150F,2024,460000,6863,Lahore,150
Honda,CB 150F,2024,449000,7000,Taxila,150
Super,Star Falcon,2023,385000,7000,Islamabad,150
Hi,Speed Infinity 150,2018,220000,7000,Abbottabad,150
Honda,CBR 150R,2024,470000,7000,Swatmingora,150
Honda,CB 150F,2024,440000,7000,Rawalpindi,150
Super,Power PK 150 Archi,2020,330000,7000,Lahore,150
Suzuki,GS 150,2025,650000,7000,Shahdad kot,150
Honda,CB 150F,2022,460000,7000,Karachi,150
Suzuki,GR 150,2018,330000,7000,Lahore,150
Suzuki,GR 150,2024,500000,7000,Karachi,150
Honda,CB 150F,2024,450000,7000,Okara,150
Suzuki,GS 150,2022,373000,7045,Karachi,150
Honda,CB 150F,2022,410000,7120,Islamabad,150
Hi,Speed Infinity 150,2021,242000,7200,Faisalabad,150
Suzuki,GS 150,2022,325000,7251,Multan,150
Honda,CB 150F,2024,470000,7300,Lahore,150
Hi,Speed Infinity 150,2024,340000,7422,Multan,150
Suzuki,GR 150,2024,480000,7500,Lahore,150
Honda,CB 150F,2024,335000,7500,Faisalabad,150
Suzuki,GS 150,2018,248000,7500,Lahore,150
Honda,CBR 150R,2014,635000,7600,Lahore,150
Hi,Speed Infinity 150,2022,250000,7700,Lahore,150
Hi,Speed Infinity 150,2022,300000,7700,Hyderabad,150
Suzuki,Gixxer 150,2022,410000,7700,Karachi,150
Honda,CB 150F,2019,290000,7800,Kamalia,150
Suzuki,GS 150,2024,420000,7802,Karachi,150
Hi,Speed Infinity 150,2025,420000,7860,Jhelum,150
Suzuki,Gixxer 150,2021,700000,7900,Multan,150
Hi,Speed Infinity 150,2022,270000,8000,Sahiwal,150
Suzuki,GS 150,2022,400000,8000,Bahawalpur,150
Honda,CB 150F,2022,450000,8000,Sialkot,150
Suzuki,GS 150,2023,395000,8000,Karachi,150
Suzuki,GS 150 SE,2024,350000,8000,Karachi,150
Suzuki,GR 150,2022,399000,8000,Lahore,150
QINGQI,Electric bike sporty,2022,325000,8000,Lahore,0
Suzuki,GS 150,2023,360000,8000,Dina,150
Zongshen,150,2018,210000,8000,Rawalpindi,150
Suzuki,GS 150 SE,2019,280000,8000,Lahore,150
Honda,CB 150F,2024,430000,8000,Sialkot,150
Suzuki,Gixxer 150,2020,600000,8000,Lahore,150
Suzuki,GS 150,2022,385000,8000,Karachi,150
Hi,Speed Infinity 150,2023,320000,8158,Sialkot,150
Hi,Speed Infinity 150,2023,350000,8158,Sialkot,150
Suzuki,GR 150,2023,480000,8200,Karachi,150
Honda,CB 150F,2023,365000,8250,Okara,150
Honda,CB 150F,2023,430000,8367,Gujranwala,150
Honda,CBR 150R,2023,430000,8380,Gujranwala,150
Honda,CB 150F,2023,390000,8400,Lahore,150
Road,Prince 150 Wego,2018,285000,8500,Lahore,150
Suzuki,GR 150,2023,485000,8500,Islamabad,150
Suzuki,GS 150,2023,350000,8500,Lahore,150
Honda,CB 150F,2024,429000,8500,Karachi,150
Suzuki,GS 150,2024,370000,8500,Karachi,150
Suzuki,GS 150,2024,345000,8500,Haripur,150
Suzuki,GR 150,2024,510000,8751,Karachi,150
Suzuki,GR 150,2019,345000,8800,Karachi,150
Suzuki,GR 150,2019,340000,8800,Karachi,150
Suzuki,Gixxer 150,2021,650000,9000,Lahore,150
Honda,CB 150F,2019,370000,9000,Sukkur,150
Honda,CB 150F,2018,350000,9000,Abbottabad,150
Suzuki,GR 150,2022,425000,9000,Swatmingora,150
Honda,CB 150F,2023,440000,9000,Karachi,150
Honda,CB 150F,2024,415000,9000,Nankana sahib,150
Honda,CB 150F,2021,365000,9000,Karachi,150
Suzuki,GS 150,2023,360000,9000,Multan,150
Suzuki,GS 150,2024,365000,9000,Karachi,150
Suzuki,GR 150,2023,450000,9000,Lahore,150
Suzuki,GR 150,2023,445000,9000,Lahore,150
Hi,Speed Infinity 150,2022,315000,9000,Chishtian,150
Honda,CB 150F,2023,380000,9000,Chawinda,150
Hi,Speed Infinity 150,2022,270000,9000,Islamabad,150
Suzuki,GR 150,2022,387000,9100,Gujranwala,150
Crown,FIT 150 Fighter,2020,275000,9400,Islamabad,150
Suzuki,Gixxer 150,2017,320000,9450,Lahore,150
Honda,CB 150F,2021,330000,9500,Karachi,150
Suzuki,GS 150,2022,382000,9500,Lahore,150
Honda,CB 150F,2024,425000,9540,Lahore,150
Suzuki,GS 150,2019,400000,9700,Kahuta,150
Suzuki,GS 150 SE,2022,390000,9985,Karachi,150
Suzuki,GS 150,2012,155000,9999,Faisalabad,150
Vespa,,1982,70000,9999,Lahore,150
Honda,CB 150F,2024,460000,10000,Sargodha,150
Suzuki,GS 150,2013,160000,10000,Karachi,150
Suzuki,GS 150,2020,270000,10000,Karachi,150
Suzuki,GS 150,2015,199000,10000,Abbottabad,150
Honda,CB 150F,2024,470000,10000,Islamabad,150
Suzuki,GS 150 SE,2017,225000,10000,Karachi,150
Honda,CB 150F,2022,352000,10000,Gujar Khan,150
Hi,Speed Infinity 150,2019,250000,10000,Karachi,150
Honda,CB 150F,2017,240000,10000,Lahore,150
Super,Power PK 150 Archi,2017,160000,10000,Lower Dir,150
Hi,Speed Infinity 150,2018,197000,10000,Karachi,150
Honda,CB 150F,2018,420000,10000,Rawalpindi,150
Suzuki,GS 150,2011,140000,10000,Karachi,150
Suzuki,GS 150,2005,135000,10000,Karachi,150
Suzuki,GS 150,2014,128000,10000,Karachi,150
Honda,CB 150F,2018,285000,10000,Faisalabad,150
Honda,CB 150F,2020,280000,10000,Shakargarh,150
Honda,CB 150F,2024,465000,10000,Karachi,150
Suzuki,GR 150,2020,330000,10000,Lahore,150
Suzuki,GS 150,2023,450000,10000,Lahore,150
Suzuki,GS 150,2015,200000,10000,Karachi,150
Hi,Speed Infinity 150,2018,190000,10000,Karachi,150
Suzuki,GS 150,2008,325000,10000,Islamabad,150
Benelli,TNT 150i,2019,685000,10000,Lahore,150
Honda,CB 150F,2020,350000,10000,Karachi,150
Honda,CB 150F,2019,310000,10000,Quetta,150
Suzuki,GS 150,2014,165000,10000,Karachi,150
Suzuki,GS 150,2022,370000,10000,Hassan abdal,150
Chinese,Bikes,2003,200000,10000,Islamabad,150
Suzuki,GS 150 SE,2020,275000,10000,Karachi,150
Suzuki,GS 150,2023,300000,10000,Karachi,150
Super,Star Falcon,2018,80500,10000,Peshawar,150
Suzuki,GS 150,2011,290000,10000,Lahore,150
Suzuki,GS 150 SE,2021,350000,10000,Rawalpindi,150
Suzuki,GS 150,2017,250000,10000,Karachi,150
Suzuki,GS 150 SE,2020,265000,10000,Wazirabad,150
Suzuki,GR 150,2018,290000,10000,Gojra,150
Suzuki,GR 150,2019,310000,10000,Lahore,150
Suzuki,GS 150,2017,210000,10000,Karachi,150
Honda,CB 150F,2018,250000,10000,Karachi,150
Suzuki,GS 150,2016,130000,10000,Gujranwala,150
Honda,CB 150F,2018,220000,10000,Mirpur A.K.,150
Honda,CB 150F,2024,420000,10000,Lahore,150
Suzuki,GS 150,2015,280000,10000,Lahore,150
Honda,CB 150F,2019,325000,10000,Rawalpindi,150
Honda,CB 150F,2019,374000,10000,Karachi,150
Suzuki,GS 150,2012,180000,10000,Rawalpindi,150
Suzuki,GS 150,2020,250000,10000,Jahaniya,150
Suzuki,GS 150,2012,120000,10000,Karachi,150
Suzuki,GS 150,2023,350000,10000,Lahore,150
Super,Star Falcon,2024,370000,10000,Lahore,150
Honda,CB 150F,2022,370000,10000,Rawalpindi,150
Super,Power SP 150 Archi,2018,240000,10000,Karachi,150
Honda,CB 150F,2019,255000,10000,Hyderabad,150
Hi,Speed Infinity 150,2001,375000,10000,Faisalabad,150
Suzuki,GS 150 SE,2020,325000,10000,Karachi,150
Suzuki,GS 150,2013,535000,10000,Karachi,150
Crown,FIT 150 Fighter,2020,145000,10000,Karachi,150
Suzuki,GS 150,2016,180000,10000,Hyderabad,150
Unique,Crazer UD-150,2018,210000,10000,Karachi,150
Honda,CB 150F,2018,250000,10000,Mansehra,150
Suzuki,GS 150,2015,180000,10000,Lahore,150
Road,Prince 150 Wego,2020,230000,10000,Karachi,150
Unique,Crazer UD-150,2019,210000,10000,Karachi,150
Suzuki,GR 150,2022,450000,10081,Lahore,150
Suzuki,GR 150,2022,450000,10200,Islamabad,150
Honda,CB 150F,2025,484000,10351,Rawalpindi,150
Suzuki,GS 150,2022,340000,10440,Islamabad,150
Honda,CB 150F,2023,425000,10500,Karachi,150
Suzuki,Gixxer 150,2020,620000,10500,Lahore,150
Honda,CB 150F,2021,398000,10500,Lahore,150
Suzuki,GS 150,2017,220000,10632,Faisalabad,150
Suzuki,GS 150 SE,2022,356000,11000,Karachi,150
Honda,CB 150F,2023,390000,11000,Peshawar,150
Honda,CB 150F,2024,430000,11000,Vehari,150
Hi,Speed Infinity 150,2022,285000,11000,Mardan,150
Suzuki,GR 150,2023,460000,11000,Islamabad,150
Suzuki,GS 150 SE,2018,235000,11000,Karachi,150
Honda,CB 150F,2024,450000,11000,Rahim Yar Khan,150
Honda,CB 150F,2023,430000,11000,Islamabad,150
Suzuki,GS 150,2023,375000,11000,Rawalpindi,150
Suzuki,GS 150,2023,320000,11000,Lahore,150
Suzuki,GS 150,2022,380000,11000,Rawalpindi,150
Honda,CB 150F,2025,465000,11000,Rawalpindi,150
Suzuki,GS 150,2023,365000,11000,Lahore,150
Honda,CB 150F,2021,380000,11000,Rawalpindi,150
Honda,CB 150F,2019,320000,11000,Rawalpindi,150
Suzuki,GR 150,2022,410000,11000,Karachi,150
Suzuki,GS 150,2017,230000,11000,Karachi,150
Suzuki,GS 150,2022,370000,11000,Lahore,150
Suzuki,Gixxer 150,2021,639000,11000,Gujrat,150
Suzuki,GR 150,2019,390000,11000,Bahawalpur,150
Suzuki,GS 150 SE,2020,350000,11000,Karachi,150
Honda,CB 150F,2022,415000,11067,Lahore,150
Honda,CB 150F,2022,285000,11400,Karachi,150
Benelli,TNT 150i,2021,630000,11500,Karachi,150
Honda,CBR 150R,2017,260000,12000,Karachi,150
Honda,CB 150F,2021,410000,12000,Lahore,150
Honda,CB 150F,2018,275000,12000,Karachi,150
Suzuki,GS 150,2017,260000,12000,Karachi,150
Honda,CB 150F,2021,410000,12000,Karachi,150
Suzuki,Gixxer 150,2024,425000,12000,Sialkot,150
Suzuki,GS 150 SE,2022,360000,12000,Karachi,150
Suzuki,GS 150,2017,250000,12000,Islamabad,150
Suzuki,GS 150,2024,370000,12000,Islamabad,150
Hi,Speed Infinity 150,2022,255000,12000,Lahore,150
Hi,Speed Infinity 150,2018,225000,12000,Multan,150
Benelli,TNT 150i,2021,625000,12000,Karachi,150
Honda,CB 150F,2024,485000,12000,Karachi,150
Super,Power PK 150 Archi,2018,190000,12000,Islamabad,150
Honda,CB 150F,2022,380000,12000,Rawalpindi,150
Suzuki,GS 150,2017,200000,12000,Bannu,150
Suzuki,GR 150,2023,525000,12000,Karachi,150
Super,Power SP 150 Archi,2017,195000,12000,Karachi,150
Suzuki,GR 150,2022,425000,12000,Okara,150
Honda,CB 150F,2022,420000,12000,Islamabad,150
Honda,CB 150F,2023,420000,12100,Mirpur A.K.,150
Honda,CB 150F,2022,345000,12153,Okara,150
Suzuki,GR 150,2024,455000,12180,Lahore,150
Suzuki,GS 150,2022,360000,12315,Lahore,150
Suzuki,GS 150,2014,140000,12345,Rawalpindi,150
Suzuki,GS 150,2014,200000,12345,Swabi,150
Honda,CB 150F,2019,290000,12345,Dera Ghazi Khan,150
Honda,CB 150F,2022,400000,12345,Lahore,150
Honda,CB 150F,2025,480000,12345,Muzaffarabad,150
Honda,CB 150F,2019,250000,12345,Sialkot,150
Hi,Speed Infinity 150,2018,195000,12345,Sialkot,150
Vespa,P150x,1982,145000,12350,Rawalpindi,150
Honda,CB 150F,2025,470000,12359,Nowshera,150
Suzuki,GR 150,2022,409000,12400,Chichawatni,150
Hi,Speed Infinity 150,2022,380000,12415,Sialkot,150
Road,Prince 150 Wego,2019,225000,12500,Rawalpindi,150
Suzuki,GR 150,2022,420000,12500,Rawalpindi,150
Honda,CBR 150R,2022,390000,13000,Karachi,150
Benelli,TNT 150i,2023,700000,13000,Lahore,150
Suzuki,GS 150,2022,340000,13000,Bannu,150
Honda,CB 150F,2023,410000,13000,Sargodha,150
Honda,CB 150F,2022,400000,13000,Faisalabad,150
Honda,CB 150F,2021,345000,13000,Lahore,150
Suzuki,GS 150,2022,365000,13000,Rawalpindi,150
Honda,CB 150F,2022,380000,13000,Faisalabad,150
Honda,CB 150F,2024,440000,13000,Lahore,150
Suzuki,GR 150,2022,435000,13000,Karachi,150
Suzuki,GS 150 SE,2017,210000,13000,Karachi,150
Suzuki,GS 150,2024,365000,13000,Islamabad,150
Suzuki,GS 150,2024,345000,13000,Mandi bahauddin,150
Hi,Speed Infinity 150,2020,285000,13000,Lahore,150
Honda,CB 150F,2022,415000,13000,Renala khurd,150
Suzuki,GS 150 SE,2022,365000,13000,Karachi,150
Suzuki,GR 150,2022,420000,13400,Multan,150
Suzuki,GS 150,2024,330000,13449,Gujrat,150
Honda,CB 150F,2022,410000,13500,Faisalabad,150
Honda,CB 150F,2023,445000,13500,Karachi,150
Hi,Speed Infinity 150,2021,320000,13600,Islamabad,150
Honda,CB 150F,2022,365000,13700,Jhang,150
Suzuki,GR 150,2022,475000,13763,Rawalpindi,150
Hi,Speed Infinity 150,2021,285000,13899,Pattoki,150
Suzuki,GS 150,2020,300000,13900,Quetta,150
Suzuki,GR 150,2023,470000,14000,Lahore,150
Suzuki,GS 150 SE,2020,325000,14000,Peshawar,150
Suzuki,GR 150,2023,425000,14000,Havali Lakhan,150
Crown,FIT 150 Fighter,2020,110000,14000,Karachi,150
Suzuki,GS 150,2021,350000,14000,Karachi,150
Suzuki,GR 150,2024,460000,14000,Sargodha,150
Honda,CB 150F,2022,350000,14000,Karachi,150
Suzuki,GS 150,2022,450000,14000,Karachi,150
Suzuki,GS 150,2022,375000,14000,Karachi,150
Honda,CB 150F,2024,450000,14000,Rawalpindi,150
Suzuki,GS 150,2024,365000,14000,Faisalabad,150
Honda,CB 150F,2023,390000,14000,Lahore,150
Harley,Davidson Sportster Forty-Eight,2015,3855000,14500,Karachi,150
Honda,CB 150F,2018,365000,14500,Lahore,150
Suzuki,GS 150 SE,2022,385000,14567,Lahore,150
Suzuki,GS 150 SE,2017,250000,14750,Hyderabad,150
Hi,Speed Infinity 150,2020,260000,14792,Islamabad,150
Suzuki,GR 150,2022,415000,14800,Lahore,150
Honda,CB 150F,2018,250000,15000,Larkana,150
Honda,CB 150F,2018,275000,15000,Karachi,150
Super,Star Falcon,2025,340000,15000,Rawalpindi,150
Suzuki,GS 150,2022,370000,15000,Lahore,150
Hi,Speed Infinity 150,2019,310000,15000,Rawalpindi,150
Hi,Speed Infinity 150,2019,265000,15000,Islamabad,150
Honda,CB 150F,2024,450000,15000,Islamabad,150
Unique,Crazer UD-150,2022,290000,15000,Swabi,150
Suzuki,GS 150,2021,320000,15000,Karachi,150
Suzuki,GS 150 SE,2021,375000,15000,Islamabad,150
Honda,CB 150F,2020,395000,15000,Islamabad,150
Suzuki,GS 150,2021,375000,15000,Lahore,150
Suzuki,GS 150,2012,200000,15000,Abbottabad,150
Hi,Speed Infinity 150,2021,280000,15000,Rawalpindi,150
Suzuki,GS 150 SE,2021,335000,15000,Karachi,150
Road,Prince 150 Wego,2017,210000,15000,Karachi,150
Honda,CB 150F,2023,450000,15000,Karachi,150
Suzuki,GR 150,2018,299000,15000,Lahore,150
Honda,CB 150F,2018,270000,15000,Lahore,150
Honda,CB 150F,2024,430000,15000,Gujranwala,150
Super,Star Falcon,2004,80000,15000,Bhalwal,150
Super,Star Falcon,2025,350000,15000,Rawalpindi,150
Suzuki,GS 150,2022,355000,15000,Rawalpindi,150
Suzuki,GR 150,2020,380000,15025,Karachi,150
Suzuki,GS 150 SE,2022,385000,15035,Lahore,150
Suzuki,GS 150 SE,2022,375000,15093,Lahore,150
Suzuki,GR 150,2021,425000,15200,Karachi,150
Suzuki,GS 150 SE,2021,335000,15400,Karachi,150
Honda,CB 150F,2024,380000,15500,Multan,150
Suzuki,GR 150,2024,498000,15500,Lahore,150
Suzuki,GS 150,2021,360000,15800,Lahore,150
Hi,Speed Infinity 150,2019,245000,15800,Hyderabad,150
Suzuki,GS 150,2015,135000,15800,Burewala,150
Hi,Speed Infinity 150,2021,300000,15800,Karachi,150
Suzuki,GS 150 SE,2022,435000,16000,Rawalpindi,150
Suzuki,GS 150 SE,2022,340000,16000,Islamabad,150
Super,Power SP 150 Archi,2021,340000,16000,Kohat,150
Suzuki,GS 150,2013,148000,16000,Karachi,150
Super,Power SP 150 Archi,2019,180000,16000,Karachi,150
Honda,CB 150F,2020,380000,16000,Karachi,150
Honda,CB 150F,2020,310000,16000,Lahore,150
Suzuki,GR 150,2020,437000,16000,Karachi,150
Suzuki,GS 150 SE,2022,345000,16000,Islamabad,150
Suzuki,GS 150 SE,2016,210000,16000,Karachi,150
Suzuki,GR 150,2023,410000,16000,Mandi bahauddin,150
Suzuki,GS 150,2020,330000,16000,Rawalpindi,150
Suzuki,GS 150,2020,298000,16000,Karachi,150
Suzuki,GS 150,2012,185000,16000,Lahore,150
Suzuki,Gixxer 150,2022,666000,16000,Islamabad,150
Suzuki,GS 150,2021,290000,16000,Sialkot,150
Suzuki,GS 150 SE,2022,350000,16000,Karachi,150
Super,Power SP 150 Archi,2023,280000,16000,Karachi,150
Honda,CB 150F,2024,470000,16000,Haripur,150
Suzuki,GR 150,2021,420000,16000,Karachi,150
Honda,CB 150F,2022,400000,16000,Lahore,150
Suzuki,GR 150,2022,425000,16000,Islamabad,150
Suzuki,GR 150,2021,405000,16000,Karachi,150
Suzuki,GR 150,2024,545000,16000,Rawalpindi,150
Honda,CB 150F,2021,375000,16000,Islamabad,150
Hi,Speed Infinity 150,2018,375000,16000,Islamabad,150
Honda,CB 150F,2023,410000,16000,Karachi,150
Suzuki,GS 150 SE,2021,365000,16500,Rawalpindi,150
Suzuki,GR 150,2023,410000,16500,Lahore,150
Honda,CB 150F,2022,409000,16500,Karachi,150
Suzuki,GS 150 SE,2020,310000,16500,Karachi,150
Honda,CB 150F,2018,245000,16668,Karachi,150
Honda,CB 150F,2018,245000,16678,Karachi,150
Suzuki,GS 150,2024,390000,16700,Karachi,150
Honda,CB 150F,2018,400000,16800,Kallar Kahar,150
Suzuki,GS 150,2022,335000,17000,Lahore,150
Suzuki,GR 150,2022,415000,17000,Mandi bahauddin,150
Suzuki,GS 150 SE,2021,315000,17000,Karachi,150
Suzuki,GS 150,2021,315000,17000,Rawalpindi,150
Suzuki,GR 150,2021,380000,17000,Karachi,150
Suzuki,GS 150,2021,320000,17000,Multan,150
Suzuki,GS 150,2024,360000,17000,Multan,150
Honda,CBR 150R,2020,320000,17000,Multan,150
Hi,Speed Infinity 150,2019,200000,17000,Rawalpindi,150
Hi,Speed Infinity 150,2019,270000,17000,Mandi bahauddin,150
Honda,CB 150F,2021,360000,17000,Karachi,150
Suzuki,GR 150,2020,385000,17000,Sialkot,150
Suzuki,GS 150 SE,2021,305000,17000,Lahore,150
Suzuki,GR 150,2022,400000,17000,Sadiqabad,150
Honda,CBR 150R,2014,700000,17300,Sukkur,150
Suzuki,GS 150,2022,425000,17300,Islamabad,150
Suzuki,GS 150,2020,310000,17500,Karachi,150
Suzuki,GR 150,2022,400000,17600,Faisalabad,150
Suzuki,GS 150,2019,265000,18000,Islamabad,150
Suzuki,GS 150,2022,320000,18000,Multan,150
Honda,CB 150F,2020,385000,18000,Mian Wali,150
Suzuki,GS 150 SE,2022,335000,18000,Karore lalisan,150
Honda,CB 150F,2018,280000,18000,Lahore,150
Honda,CBR 150R,2018,265000,18000,Raiwind,150
Honda,CB 150F,2018,200000,18000,Raiwind,150
Suzuki,GS 150,2023,470000,18000,Karachi,150
Suzuki,GS 150,2022,318000,18000,Lahore,150
Suzuki,GS 150,2022,390000,18000,Lahore,150
Suzuki,GR 150,2022,420000,18000,Rawalpindi,150
Derbi,ETX 150,2018,375000,18000,Islamabad,150
Suzuki,Gixxer 150,2019,650000,18000,Sadiqabad,150
Suzuki,GS 150,2021,436000,18000,Karachi,150
Derbi,ETX 150,2018,375000,18000,Karachi,150
Suzuki,GS 150,2022,360000,18000,Karachi,150
Suzuki,Gixxer 150,2021,720000,18000,Lahore,150
Suzuki,GR 150,2024,450000,18000,Lahore,150
Hi,Speed Infinity 150,2018,365000,18000,Rawalpindi,150
Suzuki,GR 150,2021,330000,18000,Karachi,150
Road,Prince 150 Wego,2017,190000,18000,Rawalpindi,150
Hi,Speed Infinity 150,2021,290000,18000,Islamabad,150
Suzuki,GS 150,2021,340000,18000,Rawalpindi,150
Suzuki,GS 150,2022,380000,18500,Lahore,150
Suzuki,GS 150,2022,365000,18500,Karachi,150
Suzuki,GR 150,2019,295000,18800,Lahore,150
Honda,CB 150F,2022,370000,18800,Lala musa,150
Unique,Crazer UD-150,2020,230000,19000,Karachi,150
Suzuki,GR 150,2023,450000,19000,Karachi,150
Suzuki,GS 150 SE,2022,365000,19000,Karachi,150
Crown,FIT 150 Fighter,2019,200000,19000,Karachi,150
Honda,CBR 150R,2020,300000,19000,Karachi,150
Suzuki,GS 150 SE,2021,285000,19000,Peshawar,150
Suzuki,GS 150 SE,2021,330000,19000,Karachi,150
Hi,Speed Infinity 150,2022,285000,19000,Islamabad,150
Suzuki,GR 150,2020,409000,19000,Kot addu,150
Suzuki,GS 150,2023,390000,19000,Karachi,150
Honda,CB 150F,2021,355000,19500,Multan,150
Suzuki,GR 150,2021,470000,19500,Lahore,150
Suzuki,GS 150,2018,150000,19666,Karachi,150
Honda,CB 150F,2023,425000,19800,Lahore,150
Suzuki,GR 150,2018,265000,20000,Karachi,150
Suzuki,GS 150 SE,2022,360000,20000,Karachi,150
Suzuki,GS 150,2015,130000,20000,Karachi,150
Suzuki,GS 150,2024,280000,20000,Islamabad,150
Honda,CB 150F,2018,225000,20000,Okara,150
Honda,CB 150F,2021,358000,20000,Rawalpindi,150
Suzuki,GS 150,2014,254000,20000,Karachi,150
Suzuki,GS 150,2012,175000,20000,Karachi,150
Suzuki,GS 150,2022,290000,20000,Rahim Yar Khan,150
Suzuki,GS 150,2021,330000,20000,Abbottabad,150
Suzuki,GS 150,2021,300000,20000,Abbottabad,150
Suzuki,GR 150,2022,465000,20000,Karachi,150
Suzuki,GS 150,2020,350000,20000,Lahore,150
Honda,CB 150F,2024,460000,20000,Islamabad,150
Suzuki,Gixxer 150,2019,600000,20000,Islamabad,150
Suzuki,GS 150,2021,330000,20000,Islamabad,150
Suzuki,GS 150,2016,195000,20000,Rawalpindi,150
Suzuki,Gixxer 150,2020,645000,20000,Faisalabad,150
Suzuki,GS 150 SE,2020,325000,20000,Gujranwala,150
Derbi,STX 150,2018,350000,20000,Khushab,150
Super,Power SP 150 Archi,2018,220000,20000,Karachi,150
Suzuki,GS 150,2022,320000,20000,Lahore,150
Zongshen,150,2019,310000,20000,Peshawar,150
Suzuki,GR 150,2018,290000,20000,Gojra,150
Suzuki,GS 150 SE,2017,335000,20000,Karachi,150
Suzuki,GS 150,2023,350000,20000,Islamabad,150
Suzuki,GS 150 SE,2021,335000,20000,Bahawalpur,150
Honda,CB 150F,2023,420000,20000,Islamabad,150
Suzuki,GS 150 SE,2022,360000,20000,Attock,150
Suzuki,GS 150,2017,400000,20000,Rawalpindi,150
Suzuki,GS 150,2018,260000,20000,Karachi,150
Suzuki,GS 150 SE,2021,380000,20000,Multan,150
Suzuki,GS 150 SE,2021,375000,20000,Wah cantt,150
Suzuki,GS 150,2015,175000,20000,Rawalpindi,150
Suzuki,GS 150,2018,235000,20000,Kamoke,150
Road,Prince 150 Wego,2017,320000,20000,Islamabad,150
Honda,CBR 150R,2024,260000,20255,Mardan,150
Suzuki,GS 150,2023,300000,20560,Karachi,150
Suzuki,GS 150 SE,2022,350000,20751,Karachi,150
Honda,CB 150F,2024,475000,21000,Gujrat,150
Suzuki,GR 150,2022,438000,21000,Karachi,150
Honda,CB 150F,2022,390000,21000,Multan,150
Suzuki,GS 150 SE,2022,350000,21000,Karachi,150
Honda,CB 150F,2023,435000,21000,Nowshera,150
Suzuki,GS 150,2021,315000,21000,Sialkot,150
Suzuki,GS 150,2022,350000,21000,Rawalpindi,150
Suzuki,GS 150 SE,2022,335000,21000,Karachi,150
Suzuki,GR 150,2022,415000,21000,Karachi,150
Honda,CB 150F,2018,285000,21000,Lahore,150
Suzuki,GR 150,2021,389000,21000,Karachi,150
Suzuki,GS 150,2019,315000,21000,Karachi,150
Suzuki,GS 150,2021,330000,21000,Lahore,150
Hi,Speed Infinity 150,2022,210000,21000,Lahore,150
Suzuki,GR 150,2018,300000,21000,Lahore,150
Suzuki,Gixxer 150,2022,450000,21000,Lahore,150
Suzuki,GR 150,2021,450000,21000,Karachi,150
Honda,CB 150F,2019,290000,21000,Karachi,150
Honda,CB 150F,2021,460000,21345,Rawalpindi,150
Suzuki,GS 150 SE,2022,350000,21500,Jhelum,150
Suzuki,GR 150,2020,345000,21950,Bahawalpur,150
Road,Prince 150 Wego,2022,295000,22000,Faisalabad,150
Honda,CB 150F,2023,390000,22000,Karachi,150
Benelli,TNT 150i,2023,680000,22000,Faisalabad,150
Honda,CB 150F,2022,375000,22000,Sahiwal,150
Suzuki,GS 150 SE,2022,370000,22000,Karachi,150
Suzuki,GS 150 SE,2021,340000,22000,Mansehra,150
Suzuki,GS 150 SE,2022,320000,22000,Dera Ghazi Khan,150
Honda,CB 150F,2021,359000,22000,Karachi,150
Honda,CB 150F,2021,390000,22000,Islamabad,150
Road,Prince 150 Wego,2016,275000,22000,Gujrat,150
Suzuki,GS 150,2015,190000,22000,Karachi,150
Suzuki,GS 150 SE,2022,350000,22000,Karachi,150
Suzuki,GS 150,2021,285000,22000,Sara e naurang,150
Suzuki,GS 150 SE,2020,279000,22000,Karachi,150
Vespa,,2018,1100000,22000,Lahore,150
Suzuki,Gixxer 150,2022,675000,22000,Islamabad,150
Suzuki,GS 150,2022,320000,22300,Lahore,150
Suzuki,GS 150,2023,330000,22345,Lahore,150
Suzuki,GS 150 SE,2022,360000,22353,Karachi,150
Honda,CB 150F,2022,375000,22500,Karachi,150
Suzuki,GS 150 SE,2022,335000,22500,Attock,150
Hi,Speed Infinity 150,2019,230000,22521,Lahore,150
Suzuki,GS 150 SE,2022,345000,22570,Rawalpindi,150
Suzuki,GS 150 SE,2022,329000,22700,Peshawar,150
Suzuki,GS 150,2021,295000,22828,Rawalpindi,150
Suzuki,GS 150 SE,2017,250000,22860,Karachi,150
Suzuki,GS 150,2017,190000,23000,Karachi,150
Suzuki,GS 150 SE,2020,385000,23000,Islamabad,150
Suzuki,GS 150,2022,230000,23000,Rawalpindi,150
Suzuki,GS 150 SE,2022,350000,23000,Lahore,150
Honda,CB 150F,2021,350000,23000,Islamabad,150
Suzuki,GS 150 SE,2021,320000,23000,Rawalpindi,150
Super,Power PK 150 Archi,2019,190000,23000,Karachi,150
Suzuki,GS 150 SE,2022,375000,23000,Karachi,150
Honda,CB 150F,2017,230000,23000,Lahore,150
Honda,CBR 150R,2017,229000,23000,Sargodha,150
Suzuki,GS 150,2015,220000,23500,Karachi,150
Suzuki,Gixxer 150,2020,575000,23500,Islamabad,150
Suzuki,GS 150,2019,260000,23800,Rawalpindi,150
Suzuki,GS 150,2020,290000,24000,Wah cantt,150
Honda,CB 150F,2018,275000,24000,Gujrat,150
Honda,CB 150F,2022,375000,24000,Layyah,150
Honda,CB 150F,2022,360000,24000,Islamabad,150
Suzuki,GR 150,2018,330000,24000,Mian Wali,150
Honda,CB 150F,2022,390000,24000,Lahore,150
Suzuki,GR 150,2018,400000,24000,Multan,150
Honda,CB 150F,2018,236000,24000,Karachi,150
Suzuki,GS 150,2022,385000,24000,Karachi,150
Suzuki,GR 150,2021,420000,24000,Lahore,150
Suzuki,GS 150 SE,2022,369000,24000,Islamabad,150
Suzuki,GS 150,2021,330000,24000,Rawalpindi,150
Suzuki,GS 150,2020,265000,24000,Islamabad,150
Suzuki,GS 150,2022,400000,24000,Karachi,150
Suzuki,GS 150,2021,310000,24160,Karachi,150
Honda,CB 150F,2022,365000,24500,Islamabad,150
Suzuki,GS 150,2023,330000,24600,Islamabad,150
Honda,CB 150F,2018,299000,24778,Karachi,150
Suzuki,GS 150 SE,2020,290000,25000,Multan,150
Hi,Speed Infinity 150,2021,220000,25000,Islamabad,150
Suzuki,GR 150,2023,390000,25000,Jampur,150
Suzuki,GR 150,2023,520000,25000,Wah cantt,150
Super,Power SP 150 Archi,2020,235000,25000,Karachi,150
Suzuki,GS 150,2018,265000,25000,Islamabad,150
Suzuki,GS 150,2016,195000,25000,Karachi,150
Suzuki,GR 150,2023,450000,25000,Lahore,150
Honda,CB 150F,2021,395000,25000,Karachi,150
Suzuki,GS 150,2021,325000,25000,Lahore,150
Suzuki,GS 150,2024,365000,25000,Karachi,150
Honda,CB 150F,2021,330000,25000,Karachi,150
Suzuki,GS 150,2021,310000,25000,Karachi,150
Suzuki,GS 150,2023,300000,25000,Lahore,150
Suzuki,GS 150,2013,260000,25000,Shakargarh,150
Road,Prince 150 Wego,2018,245000,25000,Lahore,150
Benelli,TNT 150i,2019,600000,25000,Karachi,150
Suzuki,GS 150,2021,350000,25000,Rawalpindi,150
Unique,Crazer UD-150,2020,300000,25000,Chenab Nagar,150
Suzuki,GS 150,2018,240000,25000,Karachi,150
Super,Power SP 150 Archi,2020,210000,25000,Karachi,150
Suzuki,GS 150,2022,360000,25000,Okara,150
Super,Power PK 150 Archi,2019,172000,25000,Depal pur,150
Honda,CB 150F,2018,270000,25000,Khushab,150
Suzuki,GS 150,2018,220000,25000,Karachi,150
Suzuki,GS 150,2018,210000,25000,Karachi,150
Honda,CB 150F,2022,390000,25000,Karachi,150
Crown,FIT 150 Fighter,2019,199000,25000,Sara-E-Alamgir,150
Suzuki,GS 150,2016,175000,25000,Gujranwala,150
Suzuki,GS 150,2022,365000,25000,Karachi,150
Suzuki,GS 150,2021,350000,25000,Lahore,150
Suzuki,GS 150 SE,2019,290000,25000,Bahawalpur,150
Suzuki,GS 150 SE,2021,330000,25000,Islamabad,150
Hi,Speed Infinity 150,2019,260000,25000,Gujranwala,150
Suzuki,GS 150,2015,250000,25171,Lahore,150
Suzuki,GS 150,2018,175000,25260,Karachi,150
Honda,CB 150F,2023,490000,25450,Karachi,150
Suzuki,GS 150 SE,2021,330000,25475,Karachi,150
Honda,CB 150F,2022,400000,25500,Abbottabad,150
Suzuki,GS 150,2021,310000,25500,Islamabad,150
Suzuki,GS 150,2016,215000,25641,Islamabad,150
Suzuki,GS 150 SE,2020,300000,25977,Karachi,150
Crown,FIT 150 Fighter,2020,150000,26000,Karachi,150
Suzuki,GS 150,2015,290000,26000,Lahore,150
Honda,CB 150F,2018,360000,26000,Rawalpindi,150
Suzuki,GS 150,2024,365000,26000,Karachi,150
Hi,Speed Infinity 150,2022,295000,26000,Islamabad,150
Suzuki,GS 150,2018,250000,26000,Islamabad,150
Honda,CB 150F,2019,320000,26000,Rawalpindi,150
Honda,CB 150F,2018,320000,26000,Faisalabad,150
Honda,CB 150F,2019,330000,26000,Rawalpindi,150
Honda,CB 150F,2019,300000,26000,Karachi,150
Hi,Speed Infinity 150,2022,300000,26000,Islamabad,150
Hi,Speed Infinity 150,2022,310000,26000,Rawalpindi,150
Hi,Speed Infinity 150,2022,310000,26000,Islamabad,150
Suzuki,GR 150,2022,395000,26000,Multan,150
Suzuki,GS 150 SE,2021,320000,26000,Karachi,150
Suzuki,GS 150,2019,300000,26000,Karachi,150
Suzuki,GS 150,2013,160000,26000,Karachi,150
Suzuki,GS 150,2022,310000,26000,Lahore,150
Suzuki,GS 150,2022,385000,26200,Islamabad,150
Honda,CB 150F,2019,320000,26500,Quetta,150
Honda,CB 150F,2022,365000,26500,Karachi,150
Suzuki,GS 150 SE,2021,340000,26500,Haripur,150
Hi,Speed Infinity 150,2023,415000,26500,Peshawar,150
Road,Prince 150 Wego,2018,300000,27000,Quetta,150
Suzuki,GS 150 SE,2020,285000,27000,Rawalpindi,150
Suzuki,GR 150,2023,447000,27000,Larkana,150
Suzuki,GS 150 SE,2021,350000,27000,Karachi,150
Honda,CB 150F,2022,360000,27000,Karachi,150
Hi,Speed Infinity 150,2022,290000,27000,Rawalpindi,150
Suzuki,GR 150,2021,400000,27000,Depal pur,150
Suzuki,GS 150,2022,375000,27000,Karachi,150
Super,Star Falcon,2011,95000,27200,Dera ismail khan,150
Suzuki,GS 150 SE,2022,345000,27200,Karachi,150
Suzuki,GS 150 SE,2022,295000,27500,Lahore,150
Honda,CB 150F,2022,450000,27562,Mirpur A.K.,150
Honda,CB 150F,2018,280000,28000,Karachi,150
Suzuki,GS 150 SE,2021,280000,28000,Lahore,150
Suzuki,GS 150 SE,2020,375000,28000,Rawalpindi,150
Honda,CB 150F,2018,270000,28000,Islamabad,150
Suzuki,GS 150 SE,2022,290000,28000,Lahore,150
Hi,Speed Infinity 150,2020,315000,28000,Rawalpindi,150
Honda,CBR 150R,2018,280000,28000,Abbottabad,150
Hi,Speed Infinity 150,2021,240000,28000,Islamabad,150
Honda,CB 150F,2020,365000,28000,Karachi,150
Honda,CB 150F,2023,415000,28000,Karachi,150
Suzuki,Gixxer 150,2021,350000,28000,Karachi,150
Suzuki,GS 150 SE,2020,380000,28000,Islamabad,150
Suzuki,GS 150 SE,2022,380000,28000,Gujar Khan,150
Honda,CB 150F,2022,399000,28000,Peshawar,150
Suzuki,GS 150,2017,260000,28000,Karachi,150
Suzuki,GS 150,2023,440000,28000,Lahore,150
Suzuki,GS 150 SE,2021,315000,28500,Bhimber,150
Honda,CB 150F,2022,350000,28500,Mirpur A.K.,150
Suzuki,GS 150 SE,2022,320000,28500,Lahore,150
Honda,CBR 150R,2023,370000,28548,Mansehra,150
Honda,CB 150F,2021,350000,28745,Karachi,150
Suzuki,GS 150 SE,2022,380000,29000,Lahore,150
Suzuki,GS 150,2020,270000,29000,Rawalpindi,150
Suzuki,GR 150,2018,285000,29000,Multan,150
Suzuki,GR 150,2020,305000,29000,Lahore,150
Suzuki,GS 150,2022,300000,29000,Karachi,150
Honda,CB 150F,2021,370000,29000,Lahore,150
Honda,CB 150F,2022,375000,29165,Lahore,150
Suzuki,GS 150,2021,340000,29791,Karachi,150
Honda,CB 150F,2017,225000,30000,Karachi,150
Suzuki,Gixxer 150,1983,225000,30000,Karachi,150
Benelli,TNT 150i,2021,570000,30000,Karachi,150
Hi,Speed Infinity 150,2018,195000,30000,Rawalpindi,150
Suzuki,GS 150,2015,190000,30000,Karachi,150
Hi,Speed Infinity 150,2019,275000,30000,Lahore,150
Super,Power SP 150 Archi,2020,220000,30000,Karachi,150
Suzuki,GS 150,2017,200000,30000,Gujar Khan,150
Honda,CB 150F,2022,385000,30000,Rawalpindi,150
Suzuki,GS 150,2016,195000,30000,Karachi,150
Suzuki,GS 150 SE,2019,260000,30000,Rawalpindi,150
Suzuki,GS 150,2019,250000,30000,Karachi,150
Suzuki,GS 150,2012,190000,30000,Karachi,150
Suzuki,GS 150 SE,2018,242000,30000,Karachi,150
Derbi,ETX 150,2018,400000,30000,Karachi,150
Suzuki,GS 150,2018,250000,30000,Kotli Ak,150
Honda,CB 150F,2022,410000,30000,Mansehra,150
Honda,CB 150F,2022,409000,30000,Khyber,150
Honda,CB 150F,2017,230000,30000,Sargodha,150
Suzuki,GS 150 SE,2023,370000,30000,Islamabad,150
Road,Prince 150 Wego,2018,300000,30000,Gojra,150
Derbi,STX 150,2017,320000,30000,Lahore,150
Suzuki,GS 150,2018,280000,30000,Karachi,150
Suzuki,GS 150 SE,2021,325000,30000,Karachi,150
Suzuki,GR 150,2021,380000,30000,Faisalabad,150
Suzuki,GR 150,2022,380000,30000,Multan,150
Suzuki,GS 150 SE,2020,345000,30000,Karachi,150
Honda,CB 150F,2021,350000,30000,Bahawalpur,150
Suzuki,GS 150,2022,340000,30000,Lahore,150
Suzuki,GS 150,2023,400000,30000,Lahore,150
Road,Prince 150 Wego,2017,225000,30000,Karachi,150
Suzuki,GS 150 SE,2019,265000,30000,Karachi,150
Honda,CB 150F,2020,420000,30000,Peshawar,150
Suzuki,GS 150,2021,395000,30000,Gujranwala,150
Suzuki,GS 150,2020,250000,30000,Gujranwala,150
Suzuki,GS 150 SE,2022,365000,30000,Karachi,150
Honda,CB 150F,2018,240000,30000,Lahore,150
Suzuki,GS 150,2013,250000,30000,Karachi,150
Suzuki,GS 150,2012,170000,30030,Karachi,150
Suzuki,GS 150,2019,285000,30140,Lahore,150
United,US 150 Ultimate Thrill,2016,150000,30480,Attock,150
Suzuki,GS 150,2021,340000,31000,Gujranwala,150
Suzuki,GS 150 SE,2021,325000,31000,Karachi,150
Suzuki,GS 150,2022,340000,31000,Karachi,150
Suzuki,GS 150,2017,245000,31000,Karachi,150
Suzuki,GS 150,2022,335000,31000,Gakhar mandi,150
Suzuki,GR 150,2019,325000,31000,Mansehra,150
Suzuki,GS 150,2022,450000,31000,Lahore,150
Suzuki,GS 150 SE,2021,360000,31000,Karachi,150
Honda,CB 150F,2022,360000,31000,Jhelum,150
Derbi,STX 150,2018,290000,31000,Lahore,150
Suzuki,GS 150,2021,340000,31000,Lahore,150
Hi,Speed Infinity 150,2023,415000,31000,Peshawar,150
Suzuki,GS 150,2018,250000,31000,Lahore,150
Suzuki,GS 150 SE,2021,350000,31000,Lahore,150
Suzuki,GS 150,2021,340000,31000,Wazirabad,150
Suzuki,GS 150 SE,2022,350000,31000,Karachi,150
Suzuki,Gixxer 150,2021,610000,31000,Rawalpindi,150
Suzuki,GS 150 SE,2022,345000,31000,Karachi,150
Suzuki,GS 150 SE,2021,325000,31000,Islamabad,150
Hi,Speed Infinity 150,2022,415000,31000,Peshawar,150
Honda,CB 150F,2018,225000,31230,Lahore,150
Suzuki,GS 150,2021,328000,31258,Lahore,150
Suzuki,GS 150,2021,360000,31800,Kharian,150
Suzuki,GS 150,2021,299000,31976,Okara,150
Suzuki,GS 150 SE,2021,299000,31976,Okara,150
Suzuki,GS 150,2021,320000,32000,Karachi,150
Suzuki,GS 150 SE,2021,360000,32000,Karachi,150
Suzuki,GS 150,2021,330000,32000,Lahore,150
Suzuki,GS 150,2020,260000,32000,Gujranwala,150
Suzuki,GS 150,2018,300000,32000,Karachi,150
Honda,CB 150F,2022,380000,32000,Bahawalnagar,150
Honda,CB 150F,2022,370000,32000,Bahawalnagar,150
Suzuki,GS 150 SE,2021,320000,32000,Karachi,150
Suzuki,GS 150,2021,375000,32000,Wah cantt,150
Suzuki,GS 150 SE,2022,360000,32000,Karachi,150
Suzuki,GS 150,2018,290000,32300,Islamabad,150
Honda,CBR 150R,2018,330000,32460,Lahore,150
Suzuki,GS 150,2022,320000,32500,Lahore,150
Suzuki,GS 150 SE,2020,310000,32700,Lahore,150
Suzuki,GR 150,2022,409000,33000,Lahore,150
Suzuki,GS 150,2023,290000,33000,Lahore,150
Suzuki,GS 150,2018,250000,33000,Rawalpindi,150
Suzuki,GR 150,2019,349000,33000,Karachi,150
Honda,CB 150F,2018,290000,33000,Abbottabad,150
Suzuki,GS 150 SE,2022,320000,33000,Lahore,150
Suzuki,GS 150,2018,315000,33000,Wah cantt,150
Suzuki,GR 150,2018,325000,33400,Bahawalpur,150
Suzuki,GS 150,2017,280000,33500,Karachi,150
Suzuki,GS 150 SE,2022,298000,33743,Rawalpindi,150
Suzuki,GS 150,2022,298000,33743,Rawalpindi,150
Honda,CB 150F,2018,250000,34000,Bahawalpur,150
Benelli,TNT 150i,2020,480000,34000,Karachi,150
Suzuki,GS 150,2017,260000,34000,Rawalpindi,150
Suzuki,GS 150 SE,2020,269000,34000,Multan,150
Suzuki,GS 150,2017,260000,34000,Islamabad,150
Suzuki,GR 150,2019,340000,34000,Gujranwala,150
Suzuki,GS 150 SE,2021,345000,34000,Karachi,150
Honda,CB 150F,2020,380000,34483,Nankana sahib,150
Suzuki,GS 150,2019,245000,34500,Lahore,150
Derbi,ETX 150,2014,275000,35000,Islamabad,150
Suzuki,GR 150,2020,370000,35000,Karachi,150
Suzuki,GS 150,2016,175000,35000,Karachi,150
Derbi,STX 150,2018,350000,35000,Rawalpindi,150
Super,Star Falcon,2017,158000,35000,Karachi,150
Suzuki,GS 150,2022,315000,35000,Multan,150
Suzuki,GS 150,2013,210000,35000,Nawabshah,150
Derbi,ETX 150,2018,350000,35000,Karachi,150
Suzuki,GS 150,2017,180000,35000,Rawalpindi,150
Suzuki,GS 150,2005,240000,35000,Karachi,150
Suzuki,GR 150,2023,495000,35000,Lahore,150
Honda,CB 150F,2020,360000,35000,Rawalpindi,150
Suzuki,GS 150,2016,167000,35000,Karachi,150
Suzuki,GS 150 SE,2018,235000,35000,Karachi,150
Suzuki,GS 150 SE,2021,335000,35000,Daska,150
Suzuki,GS 150,2021,350000,35200,Lahore,150
Suzuki,GS 150 SE,2020,280000,36000,Karachi,150
Suzuki,GS 150,2023,315000,36000,Karachi,150
Honda,CB 150F,2020,345000,36000,Rawalpindi,150
Suzuki,GS 150,2021,265000,36000,Lahore,150
Suzuki,GS 150,2022,360000,36000,Kharian,150
Suzuki,GS 150 SE,2021,350000,36000,Karachi,150
Suzuki,GR 150,2021,370000,36000,Karachi,150
Suzuki,GS 150,2015,190000,36000,Gujar Khan,150
Suzuki,GS 150,2022,295000,36500,Lahore,150
Suzuki,GS 150,2020,750000,36570,Multan,150
Honda,CB 150F,2022,355000,36711,Bahawalpur,150
Suzuki,GS 150,2021,285000,37000,Lahore,150
Suzuki,GR 150,2021,355000,37000,Karachi,150
Suzuki,GS 150,2020,285000,37000,Lahore,150
Suzuki,GS 150 SE,2018,254000,37000,Hyderabad,150
Suzuki,GS 150 SE,2020,325000,37000,Sheikhupura,150
Suzuki,GS 150 SE,2022,385000,37000,Lahore,150
Suzuki,GS 150 SE,2016,210000,37000,Multan,150
Suzuki,GS 150,2021,295000,37736,Rahim Yar Khan,150
Suzuki,GS 150 SE,2021,310000,37862,Islamabad,150
Suzuki,GS 150,2016,220000,38000,Islamabad,150
Suzuki,GS 150,2012,65000,38000,Faisalabad,150
Suzuki,GS 150 SE,2020,245000,38000,Lahore,150
Hi,Speed Infinity 150,2018,250000,38000,Rawalpindi,150
Suzuki,GS 150,2020,320000,38000,Lahore,150
Benelli,TNT 150i,2019,490000,38000,Sargodha,150
Suzuki,GS 150 SE,2021,325000,38000,Lahore,150
Suzuki,GS 150,2022,380000,38000,Rawalpindi,150
Suzuki,Gixxer 150,2019,670000,38481,Karachi,150
Suzuki,GS 150,2020,295000,39000,Karachi,150
Suzuki,GR 150,2018,280000,39000,Faisalabad,150
Suzuki,GS 150,2021,335000,39000,Karachi,150
Suzuki,GS 150 SE,2021,350000,39000,Karachi,150
Suzuki,GS 150,2019,225000,39000,Okara,150
Suzuki,GS 150,2016,185000,39000,Lahore,150
Suzuki,GS 150,2016,180000,39000,Hyderabad,150
Suzuki,GS 150 SE,2022,380000,39600,Gujranwala,150
Derbi,ETX 150,2018,240000,40000,Karachi,150
Honda,CB 150F,2018,270000,40000,Karachi,150
Honda,CB 150F,2021,332000,40000,Karachi,150
Honda,CB 150F,2020,325000,40000,Karachi,150
Suzuki,GS 150 SE,2021,300000,40000,Kohat,150
Suzuki,GS 150,2009,130000,40000,Gujranwala,150
Suzuki,GS 150,2021,365000,40000,Islamabad,150
Honda,CB 150F,2017,25500,40000,Khanewal,150
Honda,CB 150F,2018,236000,40000,Karachi,150
Suzuki,GS 150,2021,330000,40000,Islamabad,150
Benelli,TNT 150i,2020,630000,40000,Lahore,150
Honda,CB 150F,2018,280000,40000,Karachi,150
Suzuki,GS 150,2014,200000,40000,Rawalpindi,150
Suzuki,GS 150,2016,300000,40000,Rawalpindi,150
Suzuki,GR 150,2022,398000,40000,Lahore,150
Road,Prince 150 Wego,2018,90000,40000,Lahore,150
Suzuki,GS 150,2016,165000,40000,Islamabad,150
Suzuki,GS 150 SE,2020,310000,40000,Karachi,150
Suzuki,GS 150,2015,115000,40000,Gujranwala,150
Honda,CB 150F,2018,235000,40000,Karachi,150
Suzuki,GS 150 SE,2021,315000,40000,Karachi,150
Suzuki,GS 150,2019,230000,40000,Islamabad,150
Vespa,,1978,250000,40000,Peshawar,150
Suzuki,GS 150,2020,250000,40008,Rawalpindi,150
Honda,CB 150F,2020,375000,40715,Faisalabad,150
Suzuki,GS 150,2018,260000,41000,Karachi,150
Suzuki,GS 150,2022,360000,41000,Rawalpindi,150
Suzuki,GS 150 SE,2020,280000,41000,Faisalabad,150
Suzuki,GS 150 SE,2020,265000,41000,Rawalpindi,150
Suzuki,GS 150,2018,280000,41000,Karachi,150
Suzuki,Gixxer 150,2019,550000,41000,Gujranwala,150
Suzuki,GS 150,2019,290000,41700,Rawalpindi,150
Honda,CB 150F,2021,335000,42000,Faisalabad,150
Suzuki,GS 150,2018,250000,42000,Taxila,150
Suzuki,GS 150,2018,240000,42000,Taxila,150
Suzuki,GS 150,2020,350000,42000,Islamabad,150
Suzuki,GS 150,2017,235000,42000,Lahore,150
Suzuki,GS 150 SE,2021,325000,42000,Karachi,150
Suzuki,GR 150,2018,350000,42000,Karachi,150
Road,Prince 150 Wego,2018,250000,42000,Karachi,150
Suzuki,GS 150,2021,275000,42000,Murree,150
Suzuki,GS 150,2019,260000,42153,Islamabad,150
Honda,CB 150F,2020,320000,42482,Kashmore,150
Suzuki,GR 150,2018,280000,42500,Faisalabad,150
Suzuki,GR 150,2019,340000,43000,Lahore,150
Suzuki,GS 150,2021,320000,43000,Karachi,150
Honda,CB 150F,2018,298000,43634,Rawalpindi,150
Suzuki,GS 150 SE,2021,265000,43982,Lahore,150
Suzuki,GR 150,2020,350000,44000,Faisalabad,150
Suzuki,GS 150,2022,300000,44000,Lahore,150
Suzuki,GS 150,2015,155000,44000,Bhakkar,150
Suzuki,GS 150 SE,2021,350000,44500,Lahore,150
Suzuki,GR 150,2021,410000,44800,Karachi,150
Suzuki,GS 150,2014,165000,45000,Karachi,150
Suzuki,GS 150 SE,2017,210000,45000,Karachi,150
Suzuki,GS 150,2017,230000,45000,Islamabad,150
Suzuki,GS 150 SE,2019,295000,45000,Karachi,150
Suzuki,GS 150,2015,190000,45000,Karachi,150
Suzuki,GS 150,2017,280000,45000,Hyderabad,150
Suzuki,GS 150 SE,2020,264000,45000,Karachi,150
Derbi,STX 150,2020,250000,45000,Rawalpindi,150
Honda,CB 150F,2022,409000,45000,Karachi,150
Suzuki,GS 150 SE,2021,270000,45000,Lahore,150
Honda,CB 150F,2018,355000,45302,Islamabad,150
Suzuki,GS 150 SE,2021,350000,46000,Lahore,150
Suzuki,GS 150 SE,2018,275000,46000,Karachi,150
Benelli,TNT 150i,2021,575000,46000,Islamabad,150
Suzuki,GS 150,2022,330000,46000,Islamabad,150
Honda,CB 150F,2019,290000,46000,Karachi,150
Suzuki,GS 150 SE,2022,350000,46500,Karachi,150
Suzuki,GS 150 SE,2020,280000,46970,Karachi,150
Suzuki,GS 150,2020,285000,46970,Karachi,150
Suzuki,GS 150 SE,2018,308000,47000,Karachi,150
Suzuki,GS 150,2015,195000,47000,Rawalpindi,150
Suzuki,GS 150,2019,250000,48000,Karachi,150
Suzuki,GS 150,2018,200000,48000,Sargodha,150
Suzuki,GS 150 SE,2019,260000,48000,Islamabad,150
Honda,CB 150F,2019,285000,48000,Karachi,150
Suzuki,GS 150 SE,2021,320000,48000,Wah cantt,150
Suzuki,GR 150,2020,325000,48000,Lahore,150
Suzuki,GS 150 SE,2018,260000,48500,Karachi,150
Hi,Speed Infinity 150,2025,400000,48596,Islamabad,150
Suzuki,GS 150,2020,320000,49000,Multan,150
Suzuki,GS 150 SE,2019,285000,49000,Karachi,150
Suzuki,GS 150,2017,230000,49000,Islamabad,150
Honda,CB 150F,2018,330000,49499,Faisalabad,150
Suzuki,GS 150,2021,325000,49888,Islamabad,150
Suzuki,GS 150,2015,160000,50000,Sadiqabad,150
Honda,CB 150F,2018,240000,50000,Karachi,150
Suzuki,GS 150,2019,230000,50000,Lala musa,150
Suzuki,GS 150,2010,200000,50000,Multan,150
Suzuki,GS 150,2012,180000,50000,Islamabad,150
Suzuki,GS 150,2016,190000,50000,Lahore,150
Suzuki,GS 150,2015,190000,50000,Lahore,150
Suzuki,GS 150 SE,2017,195000,50000,D.G.Khan,150
Suzuki,GS 150,2006,130000,50000,Karachi,150
Suzuki,GS 150 SE,2019,254000,50000,Karachi,150
Suzuki,GS 150,2017,230000,50000,Karachi,150
Suzuki,GS 150,2014,148000,50000,Karachi,150
Suzuki,GS 150,2020,265000,50000,Karachi,150
Suzuki,GS 150,2017,250000,50000,Muzaffarabad,150
Suzuki,GS 150,2017,250000,50000,Karachi,150
Suzuki,GR 150,2021,350000,50000,Islamabad,150
Suzuki,GS 150,2016,205000,50000,Karachi,150
Suzuki,GR 150,2019,230000,50000,Karachi,150
Vespa,,1991,70000,50000,Peshawar,150
Suzuki,GS 150,2019,290000,50000,Murree,150
Honda,CB 150F,2019,270000,50000,Lahore,150
Suzuki,GS 150,2015,160000,50000,Bahawalpur,150
Suzuki,GS 150,2017,195000,50000,Karachi,150
Road,Prince 150 Wego,2017,240000,50000,Haripur,150
Suzuki,GS 150,2005,120000,50000,Sargodha,150
Suzuki,GS 150,2017,210000,50000,Karachi,150
Suzuki,GS 150,2016,190000,50000,Karachi,150
Honda,CB 150F,2019,330000,50000,Rawalpindi,150
Suzuki,GS 150 SE,2018,280000,50000,Karachi,150
Suzuki,GS 150,2017,235000,50000,Rawalpindi,150
Suzuki,GS 150,2018,255000,50000,Islamabad,150
Honda,CB 150F,2022,396000,50000,Rawalpindi,150
Suzuki,GS 150,2014,302000,50000,Multan,150
Suzuki,GS 150,2014,150000,50000,Lahore,150
Suzuki,GS 150,2017,300000,50000,Rawalpindi,150
Suzuki,GS 150 SE,2014,175000,50000,Karachi,150
Honda,CB 150F,2018,265000,51000,Lahore,150
Suzuki,GS 150,2016,200000,52000,Karachi,150
Suzuki,GS 150 SE,2018,280000,52000,Karachi,150
Suzuki,GS 150,2014,180000,52000,Karachi,150
Suzuki,GS 150,2018,295000,52000,Kahuta,150
Suzuki,GS 150 SE,2019,190000,52000,Karachi,150
Suzuki,GS 150 SE,2018,260000,53000,Multan,150
Suzuki,GS 150,2021,320000,53000,Lahore,150
Suzuki,GS 150,2022,365000,53000,Faisalabad,150
Suzuki,GS 150 SE,2021,330000,53348,Lahore,150
Honda,CB 150F,2019,270000,53800,Karachi,150
Suzuki,GS 150,2021,330000,54000,Karachi,150
Honda,CB 150F,2019,340000,54000,Rawalpindi,150
Suzuki,GS 150 SE,2019,210000,55000,Lahore,150
Suzuki,GS 150,2020,285000,55000,Lahore,150
Suzuki,GS 150,2016,195000,55000,Rawalpindi,150
Suzuki,GS 150,2020,285000,55000,Taxila,150
Suzuki,GS 150,2017,235000,55000,Rawalpindi,150
Suzuki,GS 150 SE,2020,300000,55000,Gujranwala,150
Honda,CB 150F,2019,325000,55000,Faisalabad,150
Suzuki,GS 150,2012,189000,55000,Rawalpindi,150
Suzuki,GR 150,2021,450000,55000,Rawalpindi,150
Suzuki,GS 150,2014,110000,55000,Bahawalpur,150
Suzuki,GS 150,2019,300000,55399,Karachi,150
Suzuki,GR 150,2020,360000,55580,Karachi,150
Honda,CB 150F,2018,260000,56000,Jhang,150
Suzuki,GS 150,2018,200000,56213,Sargodha,150
Suzuki,GS 150,2020,300000,57000,Lahore,150
Suzuki,GS 150 SE,2015,190000,58000,Karachi,150
Suzuki,GS 150,2012,145000,58000,Taxila,150
Vespa,,1978,62000,58000,Lahore,150
Vespa,,1981,70000,58600,Karachi,150
Honda,CBR 150R,2021,375000,59000,Karachi,150
Suzuki,GS 150,2021,370000,60000,Karachi,150
Suzuki,GS 150,2013,220000,60000,Islamabad,150
Vespa,,1981,80000,60000,Peshawar,150
Suzuki,GS 150,2015,190000,60000,Lahore,150
Suzuki,GS 150,2018,230000,60000,Lahore,150
Hi,Speed Infinity 150,2017,210000,60000,Rawalpindi,150
Honda,CB 150F,2018,320000,60000,Islamabad,150
Suzuki,GS 150,2018,245000,60000,Chakwal,150
Suzuki,GS 150 SE,2017,300000,60000,Lahore,150
Suzuki,GS 150,2020,330000,60000,Islamabad,150
Suzuki,GR 150,2019,320000,60000,Karachi,150
Suzuki,GS 150,2021,250000,60000,Lahore,150
Suzuki,GS 150,2018,200000,60000,Islamabad,150
Suzuki,GS 150,2014,150000,60000,Islamabad,150
Suzuki,GS 150,2017,275000,60000,Faisalabad,150
Suzuki,GS 150,2017,225000,60000,Karachi,150
Suzuki,GS 150 SE,2021,270000,62000,Lahore,150
Suzuki,GS 150 SE,2018,200000,63000,Islamabad,150
Suzuki,GS 150,2021,280000,63000,Sheikhupura,150
Suzuki,GS 150,2014,200000,65000,Rawalpindi,150
Suzuki,GS 150,2016,240000,65000,Karachi,150
Suzuki,GS 150,2009,210000,65000,Rawalpindi,150
Honda,CB 150F,2018,350000,65000,Gujar Khan,150
Hi,Speed Infinity 150,2022,275000,65000,Lahore,150
Suzuki,GS 150,2019,250000,65000,Rawalpindi,150
Suzuki,GS 150,2016,210000,67000,Lahore,150
Suzuki,GS 150,2018,295000,68708,Karachi,150
Suzuki,GR 150,2021,390000,69000,Karachi,150
Suzuki,GS 150,2013,150000,69999,Rawalpindi,150
Vespa,,1977,50000,70000,Chakwal,150
Suzuki,GS 150,2017,175000,70000,Lahore,150
Suzuki,GS 150,2018,215000,70000,Sialkot,150
Suzuki,GS 150,2015,250000,70000,Sheikhupura,150
Suzuki,GS 150,2021,295000,71000,Lahore,150
Road,Prince 150 Wego,2015,170000,72000,Faisalabad,150
Honda,CB 150F,2017,225000,72000,Okara,150
Suzuki,Gixxer 150,2017,250000,73912,Karachi,150
Suzuki,GS 150,2015,185000,75000,Toba Tek Singh,150
Suzuki,GS 150,2017,215000,75000,Karachi,150
Suzuki,GS 150,2018,270000,75000,Abbottabad,150
Suzuki,GS 150,2020,270000,78000,Karachi,150
Suzuki,GS 150 SE,2021,340000,78000,Karachi,150
Suzuki,GS 150 SE,2019,285000,79000,Rawalpindi,150
Suzuki,GS 150,2007,145000,79643,Karachi,150
Suzuki,GS 150,2017,280000,80000,Lahore,150
Suzuki,GR 150,2018,285000,80000,Attock,150
Suzuki,GS 150,2013,210000,80000,Rawalpindi,150
Suzuki,GS 150 SE,2018,258000,80000,Lahore,150
Vespa,,1994,50000,80000,Hyderabad,150
Suzuki,GS 150,2018,229000,80764,Rawalpindi,150
Suzuki,GS 150,2016,185000,83309,Fateh Jang,150
Suzuki,GS 150,2012,145000,84000,Mansehra,150
Suzuki,GS 150 SE,2019,290000,85000,Lahore,150
Hi,Speed Infinity 150,2019,210000,85000,Lahore,150
Suzuki,GS 150,2007,128000,85201,Karachi,150
Suzuki,GS 150,2013,175000,86000,Karachi,150
Honda,CB 150F,2018,325000,86000,Rawalpindi,150
Honda,CB 150F,2018,315000,86500,Islamabad,150
Suzuki,GS 150,2014,148000,87000,Karachi,150
Suzuki,GS 150,2018,240000,90000,Lahore,150
Vespa,,1978,35000,90000,Karachi,150
Suzuki,GS 150,2013,175000,90000,Karachi,150
Vespa,,1991,36000,90000,Karachi,150
Vespa,,1982,60000,95000,Lahore,150
Suzuki,GS 150,2017,275000,95000,Lahore,150
Suzuki,GS 150,2014,150000,95000,Lahore,150
Suzuki,GS 150,2018,242000,95000,Karachi,150
Suzuki,GS 150,2011,185000,96251,Karachi,150
Suzuki,GS 150,2017,199000,99000,Rawalpindi,150
Derbi,ETX 150,2018,280000,99999,Lahore,150
Suzuki,GS 150,2016,200000,99999,Karachi,150
Suzuki,GS 150,2014,175000,100000,Karachi,150
Suzuki,GS 150,2014,135000,100000,Karachi,150
Vespa,,1982,100000,100000,Rawalpindi,150
Suzuki,GR 150,2012,185000,100000,Karachi,150
Suzuki,GS 150,2012,185000,100000,Karachi,150
Suzuki,GS 150,2012,165000,100000,Karachi,150
Vespa,,1998,280000,100000,Rawalpindi,150
Hi,Speed Infinity 150,2019,180000,100000,Karachi,150
Suzuki,GS 150,2015,180000,100000,Karachi,150
Suzuki,GS 150,2010,130000,100000,Sukkur,150
Honda,CB 150F,2018,330000,100000,Mansehra,150
Suzuki,GS 150,2013,145000,100000,Rawalpindi,150
Suzuki,GS 150,2018,210000,100000,Karachi,150
Suzuki,GS 150 SE,2016,245000,101010,Islamabad,150
Suzuki,GS 150,2010,142000,105420,Karachi,150
Hi,Speed Infinity 150,2021,270000,108076,Rawalpindi,150
Suzuki,GS 150,2015,145000,110000,Bahawalpur,150
Honda,CB 150F,2019,220000,111111,Gujrat,150
Suzuki,GS 150,2008,115000,111333,Karachi,150
Suzuki,GS 150,2017,270000,123454,Islamabad,150
Honda,CB 150F,2017,310000,123456,Gujranwala,150
Suzuki,GS 150 SE,2019,265000,123456,Karachi,150
Honda,CB 150F,2023,465000,123456,Karachi,150
Honda,CB 150F,2021,245000,123456,Peshawar,150
Super,Power PK 150 Archi,2014,60000,123456,Burewala,150
Road,Prince 150 Wego,2019,230000,123456,Rawalpindi,150
Suzuki,GS 150,2022,370000,123456,Karachi,150
Chinese,Bikes,2020,200000,125000,Lahore,150
Honda,CB 150F,2023,420000,150000,Islamabad,150
Suzuki,GS 150,2014,200000,150000,Karachi,150
Suzuki,GS 150,2013,150000,160000,Dina,150
Suzuki,GS 150,2016,140000,180000,Lahore,150
Super,Star Falcon,2009,55000,200000,Burewala,150
Suzuki,GS 150,2006,110000,275904,Karachi,150
Super,Power SP 150 Archi,2016,62000,285793,Karachi,150
Suzuki,GS 150,2016,200000,300000,Rawalpindi,150
Suzuki,GR 150,2019,280000,300000,Sukkur,150
Derbi,STX 150,2018,400000,300000,Rawalpindi,150
Suzuki,GS 150,2013,130000,350000,Rahim Yar Khan,150
Honda,CBR 150R,2003,185000,355500,Hyderabad,150
Suzuki,GS 150,2018,250000,380000,Lahore,150
Suzuki,GS 150,2018,185000,450000,Taxila,150
Honda,CB 150F,2019,400000,970000,Kahuta,150
Vespa,,1970,36500,999999,Karachi,150
Benelli,180S,2025,1000000,753,Rawalpindi,180
Benelli,180S,2024,980000,790,Lahore,180
Benelli,180S,2024,925000,1500,Lahore,180
Benelli,180S,2024,975000,3000,Lahore,180
Benelli,180S,2024,1050000,3000,Karachi,180
Benelli,180S,2024,900000,3500,Lahore,180
Benelli,180S,2023,919000,4000,Sadiqabad,180
Benelli,180S,2021,825000,4600,Karachi,180
Benelli,180S,2021,765000,5000,Sialkot,180
Benelli,180S,2024,850000,6000,Karachi,180
Benelli,180S,2020,895000,8000,Islamabad,180
Benelli,180S,2021,755000,8300,Mirpur A.K.,180
Benelli,180S,2022,780000,9000,Bahawalpur,180
Benelli,180S,2021,760000,11000,Islamabad,180
Benelli,180S,2023,795000,11000,Lahore,180
Benelli,180S,2021,825000,12000,Wah cantt,180
Benelli,180S,2021,780000,12000,Karachi,180
Benelli,180S,2021,900000,12400,Islamabad,180
Benelli,180S,2021,750000,13000,Abbottabad,180
Benelli,180S,2021,770000,14000,Hyderabad,180
Benelli,180S,2022,700000,15000,Sahiwal,180
Benelli,180S,2021,780000,15500,Hyderabad,180
Benelli,180S,2021,675000,17540,Sialkot,180
Benelli,180S,2021,800000,24000,Karachi,180
Lifan,KPT 200,2024,1075000,1,Lahore,200
Super,Star 200R,2025,800000,1,Rawalpindi,200
Lifan,KP Master 200,2025,825000,1,Lahore,200
Hi,Speed SR 200,2025,525000,1,Rawalpindi,200
Hi,Speed SR 200,2025,525000,1,Lahore,200
Hi,Speed SR 200,2024,605000,1,Lahore,200
Super,Star 200R,2025,600000,1,Rawalpindi,200
Super,Star 200R,2025,600000,1,Karachi,200
Hi,Speed SR 200,2025,600000,1,Hyderabad,200
Hi,Speed SR 200,2025,605000,1,Hyderabad,200
Hi,Speed SR 200,2025,500000,1,Hyderabad,200
Hi,Speed SR 200,2023,425000,40,Ahmed Pur East,200
Super,Star 200R,2024,560000,115,Islamabad,200
Honda,CD 200,1979,450000,150,Peshawar,200
Hi,Speed SR 200,2024,450000,155,Kohat,200
Honda,CD 200,1982,460000,200,Karachi,200
Hi,Speed SR 200,2024,600000,200,Multan,200
Super,Star 200R,2025,540000,200,Rawalpindi,200
Hi,Speed SR 200,2025,600000,214,Gujrat,200
Hi,Speed SR 200,2024,600000,350,Karachi,200
Super,Star 200R,2025,570000,400,Hazro,200
Super,Star 200R,2024,590000,450,Sialkot,200
Zongshen,200,2025,590000,500,Lahore,200
Super,Star 200R,2024,550000,535,Islamabad,200
Super,Star 200R,2024,525000,600,Lahore,200
Super,Star 200R,2024,1010000,700,Rawalpindi,200
Hi,Speed SR 200,2023,450000,800,Faisalabad,200
Lifan,KPR 200,2017,400000,900,Islamabad,200
Super,Power Leo 200,2025,400000,1050,Mardan,200
ZXMCO,KPR 200 Cruise,2017,280000,1234,Faisalabad,200
Super,Power Leo 200,2025,120000,1234,Wah cantt,200
Hi,Speed SR 200,2023,350000,1234,Karachi,200
Super,Star 200R,2024,565000,1300,Islamabad,200
Super,Power Leo 200,2017,300000,1365,Sadiqabad,200
Honda,CD 200,1984,350000,1500,Karachi,200
Honda,CD 200,1987,800000,1600,Karachi,200
Super,Star 200R,2025,530000,1700,Sialkot,200
Super,Star 200R,2025,540000,1800,Kohat,200
Hi,Speed SR 200,2024,525000,2000,Lahore,200
Super,Star 200R,2024,580000,2000,Gujrat,200
Zongshen,200,2025,695000,2000,Rawalpindi,200
Honda,CD 200,1981,550000,2000,Karachi,200
Super,Star 200R,2025,590000,2000,Islamabad,200
Super,Power Leo 200,2018,190000,2000,Peshawar,200
Super,Star 200R,2025,520000,2100,Sialkot,200
ZXMCO,KPR 200 Cruise,2018,250000,2250,Karachi,200
Super,Star 200R,2024,510000,2880,Karachi,200
Hi,Speed SR 200,2021,520000,3000,Hangu,200
Super,Star 200R,2025,580000,3000,Islamabad,200
Hi,Speed SR 200,2025,570000,3100,Bahawalpur,200
Super,Power Leo 200,2019,260000,3300,Bhai pheru,200
Hi,Speed SR 200,2025,580000,3500,Lahore,200
Super,Star 200R,2017,400000,4000,Rawalpindi,200
Super,Power Leo 200,2023,450000,4000,Multan,200
Super,Star 200R,2024,530000,4000,Rawalpindi,200
Hi,Speed SR 200,2023,460000,4600,Karachi,200
Shelby,NINJA 200,2021,300000,5000,Peshawar,200
Super,Power Leo 200,2018,280000,5000,Karachi,200
Super,Star 200R,2024,509000,5000,Islamabad,200
Honda,CD 200,1978,515000,5000,Rawalpindi,200
Kawasaki,KDX200,2021,80000,5000,Hyderabad,200
Super,Power Leo 200,2018,220000,5000,Peshawar,200
Super,Power Leo 200,2018,210000,5000,Karachi,200
Honda,CD 200,1983,570000,5500,Karachi,200
Honda,CD 200,1979,380000,6000,Karachi,200
ZXMCO,KPR 200 Cruise,2019,300000,6000,Rawalpindi,200
Hi,Speed SR 200,2023,380000,6000,Karachi,200
Hi,Speed SR 200,2021,405000,6000,Lahore,200
Super,Power Leo 200,2017,240000,6000,Ranipur,200
Super,Star 200R,2024,500000,6500,Karachi,200
Hi,Speed SR 200,2024,440000,7000,Rawalpindi,200
Hi,Speed SR 200,2025,520000,7000,Lahore,200
Shelby,CAFE RACER 200,2023,320000,7000,Islamabad,200
Hi,Speed SR 200,2023,470000,7000,Haripur,200
Hi,Speed SR 200,2020,310000,7502,Allahabad,200
Hi,Speed SR 200,2025,585000,8000,Lahore,200
Hi,Speed SR 200,2024,480000,8000,Rawalpindi,200
Super,Power Leo 200,2018,250000,8000,Karachi,200
Honda,CD 200,1982,600000,8000,Karachi,200
Honda,CD 200,1981,525000,8800,Lahore,200
Super,Power Leo 200,2018,245000,9000,Mirpur khas,200
Super,Power Leo 200,2019,370000,9600,Islamabad,200
Hi,Speed SR 200,2022,395000,9630,Multan,200
Super,Star 200R,2024,545000,9850,Islamabad,200
Honda,CD 200,1979,375000,9856,Rawalpindi,200
Hi,Speed SR 200,2024,530000,10000,Lahore,200
Super,Power Leo 200,2019,300000,10000,Faisalabad,200
Super,Power Leo 200,2019,270000,10000,Gujrat,200
ZXMCO,KPR 200 Cruise,2020,320000,10000,Karachi,200
Super,Power Leo 200,2009,42000,10000,Sukkur,200
Super,Power Leo 200,2020,340000,11000,Abbottabad,200
Super,Power Leo 200,2017,270000,11000,Lahore,200
Hi,Speed SR 200,2024,580000,11000,Islamabad,200
Lifan,KP Master 200,2022,675000,11207,Sialkot,200
Lifan,KP Master 200,2022,675000,11207,Lahore,200
Hi,Speed SR 200,2023,395000,12000,Karachi,200
Lifan,KPR 200,2022,395000,12000,Karachi,200
Super,Power Leo 200,2017,220000,12000,Sadiqabad,200
ZXMCO,KPR 200 Cruise,2017,385000,12000,Islamabad,200
Honda,CD 200,1983,480000,12345,Karachi,200
Honda,CD 200,1980,320000,12368,Lahore,200
Super,Power Leo 200,2022,410000,13000,Ghotki,200
ZXMCO,KPR 200 Cruise,2018,345000,13000,Gujranwala,200
ZXMCO,KPR 200 Cruise,2017,390000,13131,Lahore,200
ZXMCO,KPR 200 Cruise,2018,320000,15000,Islamabad,200
Super,Power Leo 200,2017,320000,15000,Islamabad,200
Hi,Speed SR 200,2024,480000,16000,Mardan,200
Hi,Speed SR 200,2023,410000,17000,Islamabad,200
ZXMCO,KPR 200 Cruise,2017,390000,17600,Lahore,200
Hi,Speed SR 200,2022,425000,18000,Islamabad,200
Super,Power Leo 200,2018,290000,18000,Karachi,200
Hi,Speed SR 200,2019,340000,18000,Rawalpindi,200
Lifan,KPR 200,2020,605000,18000,D.G.Khan,200
Shelby,CAFE RACER 200,2019,240000,20000,Faisalabad,200
Honda,CD 200,1983,600000,20000,Karachi,200
Super,Power Leo 200,2017,325000,20000,Mandi bahauddin,200
Honda,CD 200,1982,530000,21222,Karachi,200
Hi,Speed SR 200,2021,365000,22000,Rawalpindi,200
ZXMCO,KPR 200 Cruise,2021,420000,22000,Lahore,200
Super,Power Leo 200,2017,290000,22000,Lahore,200
Hi,Speed SR 200,2020,350000,23000,Rawalpindi,200
Super,Power Leo 200,2017,285000,25000,Gujrat,200
Hi,Speed SR 200,2020,325000,25000,Karachi,200
ZXMCO,KPR 200 Cruise,2021,390000,25000,Attock,200
Super,Power Leo 200,2018,280000,28000,Swabi,200
Super,Power Leo 200,2017,250000,28000,Karachi,200
Super,Power Leo 200,2018,200000,28000,Dera ismail khan,200
Super,Power Leo 200,2017,275000,29000,Gujrat,200
Super,Power Leo 200,2018,205000,30000,Jamshoro,200
Lifan,KPR 200,2018,350000,31000,Kasur,200
Super,Power Leo 200,2019,250000,34000,Lahore,200
Lifan,KPR 200,2017,350000,34000,Islamabad,200
ZXMCO,KPR 200 Cruise,2017,320000,35000,Muzaffar Gargh,200
Hi,Speed SR 200,2022,450000,37000,Peshawar,200
Super,Power Leo 200,2018,220000,40000,Khairpur Mir,200
Super,Power Leo 200,2018,250000,41000,Rawalpindi,200
Super,Power Leo 200,2017,215000,50000,Mardan,200
Honda,CD 200,1980,455000,50000,Sialkot,200
Honda,CD 200,1983,600000,50000,Peshawar,200
Honda,CD 200,1981,450000,65000,Karachi,200
Honda,Phantom TA200,2008,485000,80009,Quetta,200
Honda,CD 200,1983,650000,90000,Hyderabad,200
Honda,CD 200,1980,375000,100000,Karachi,200
Honda,CD 200,1982,360000,100000,Lahore,200
Honda,CD 200,1983,450000,100000,Karachi,200
Hi,Speed SR 200,2018,320000,123456,Karachi,200
ZXMCO,KPR 200 Cruise,2017,365000,125000,Jhelum,200
Super,Star 200R,2006,380000,179409,Lahore,200
ZXMCO,KPR 200 Cruise,2022,380000,180000,Lahore,200
Hi,Speed Cyclone 250,2025,750000,1,Rawalpindi,250
Road,Prince 250,2025,1100000,1,Rawalpindi,250
Sigma,Valentino 250,2025,850000,1,Lahore,250
Hi,Speed Cyclone 250,2025,750000,1,Lahore,250
Kawasaki,Ninja 250R,2025,720000,1,Gujranwala,250
Taro,C6 250SR,2025,850000,1,Lahore,250
OW,Ducatin,2025,750000,1,Lahore,250
Chinese,Bikes OW Ninja,2025,650000,1,Lahore,250
Chinese,Bikes OW Ninja,2025,640000,1,Karachi,250
Hi,Speed Cyclone 250,2025,745000,1,Hyderabad,250
Lifan,250,2025,1510000,1,Gujrat,250
Hi,Speed Cyclone 250,2025,750000,1,Hyderabad,250
Kawasaki,Ninja 250R,2025,650000,1,Lahore,250
Hi,Speed Cyclone 250,2025,765000,2,Lahore,250
OW,Ducatin,2025,775000,2,Lahore,250
Hi,Speed Cyclone 250,2025,850000,2,Lahore,250
Suzuki,Bandit 250VC,1984,750000,5,Lahore,250
Hi,Speed Cyclone 250,2025,850000,8,Lahore,250
FUEGO,TEKKEN 250,2018,800000,15,Lahore,250
Chinese,Bikes OW R3,2025,1650000,35,Rahim Yar Khan,250
Suzuki,Gsxr,2023,795000,67,Rawalpindi,250
CF,MOTO 250CL-X,2024,1375000,85,Lahore,250
Hi,Speed Cyclone 250,2025,775000,100,Karachi,250
NPTC,Knight,2025,675000,280,Islamabad,250
NPTC,Knight,2025,675000,300,Rawalpindi,250
Kawasaki,Ninja 250R,2023,900000,500,Karachi,250
Chinese,Bikes OW Ninja,2025,560000,560,Lahore,250
Kawasaki,Ninja 250R,2023,605000,630,Lahore,250
CF,MOTO 250CL-X,2024,980000,740,Lahore,250
Super,Power Sultan SP 250,2022,390000,800,Islamabad,250
Hi,Speed Cyclone 250,2025,740000,900,Lahore,250
Kawasaki,Ninja 250R,2024,630000,900,Gujranwala,250
Hi,Speed Cyclone 250,2025,730000,980,Lahore,250
Yamaha,Fzr 250,1995,160000,1000,Lahore,250
Honda,CB 250F,2005,650000,1000,Karachi,250
CF,MOTO 250CL-X,2024,1299000,1290,Lahore,250
Kawasaki,Ninja 250R,2019,600000,2019,Faisalabad,250
CF,MOTO 250CL-X,2024,1350000,2200,Karachi,250
Lifan,250,2023,660000,2254,Lahore,250
Kawasaki,Ninja 250R,2024,580000,2420,Buner,250
Kawasaki,Ninja 250R,2023,600000,2800,Lahore,250
Super,Power Sultan SP 250,2019,350000,3000,Bahawalpur,250
Super,Power Sultan SP 250,2022,430000,3000,Karachi,250
Kawasaki,Ninja 250R,2022,590000,3025,Sialkot,250
Super,Power Sultan SP 250,2020,365000,3300,Karachi,250
Hi,Speed Cyclone 250,2015,490000,3500,Lahore,250
Chinese,Bikes OW Ninja,2019,365000,3500,Multan,250
CF,MOTO 250CL-X,2021,495000,4200,Lahore,250
Kawasaki,KLX250S,2023,610000,4500,Lahore,250
CF,MOTO 250CL-X,2025,1320000,4500,Bahawalpur,250
FUEGO,SCRAMBLER 250,2019,875000,4500,Lahore,250
Super,Power Sultan SP 250,2021,475000,4857,Rawalpindi,250
Super,Power Sultan SP 250,2022,365000,5000,Lahore,250
Chinese,Bikes OW R3,2021,460000,5000,Lahore,250
Honda,CRF 250L,2024,230000,5200,Faisalabad,250
Chinese,Bikes OW Ninja,2019,430000,5500,Islamabad,250
Super,Power Sultan SP 250,2021,425000,5500,Karachi,250
Chinese,Bikes OW Ninja,2023,525000,6000,Lahore,250
Chinese,Bikes OW Ninja,2022,490000,6000,Rawalpindi,250
Chinese,Bikes OW Ninja,2020,495000,6700,Karachi,250
Chinese,Bikes OW R3,2020,495000,6700,Karachi,250
Super,Power Sultan SP 250,2023,480000,6900,Peshawar,250
FUEGO,TEKKEN 250,2023,850000,7000,Lahore,250
Honda,CBR250 RR,2013,985000,7000,Lahore,250
Super,Power Sultan SP 250,2021,470000,7000,Vehari,250
Chinese,Bikes OW Ninja,2023,550000,7400,Sialkot,250
Super,Power Sultan SP 250,2022,425000,7450,Karachi,250
Kawasaki,Ninja 250R,2021,525000,7500,Sargodha,250
FUEGO,TEKKEN 250,2023,825000,7500,Lahore,250
Super,Power Sultan SP 250,2025,395000,7500,Karachi,250
Kawasaki,ZZR-250,2021,410000,8000,Bahawalpur,250
Loncin,GP 250,2022,460000,8000,Rawalpindi,250
Super,Power Sultan SP 250,2021,340000,8000,Karachi,250
Kawasaki,Ninja 250R,2021,480000,8100,Bahawalpur,250
Suzuki,Gsxr,2021,695000,8500,Karachi,250
Yamaha,Fzr 250,2023,310000,8900,Faisalabad,250
Honda,CB 250F,2018,1050000,9000,Multan,250
Super,Power Sultan SP 250,2021,420000,9000,Hyderabad,250
Chinese,Bikes OW Ninja,2021,480000,9000,Rawalpindi,250
Chinese,Bikes OW Ninja,2019,450000,9500,Gujranwala,250
Super,Power Sultan SP 250,2024,550000,9524,Lahore,250
Sigma,Valentino 250,2024,650000,9600,Wah cantt,250
Suzuki,Bandit 1250S,2003,565000,10000,Islamabad,250
Chinese,Bikes OW Ninja,2024,600000,10000,Nowshera,250
Kawasaki,Ninja 250R,2018,435000,10000,Lahore,250
Super,Power Sultan SP 250,2007,180000,10000,Multan,250
Suzuki,GN 250,2005,415000,10000,Karachi,250
Super,Power Sultan SP 250,2023,490000,10000,Haripur,250
Super,Power Sultan SP 250,2021,450000,10000,Lahore,250
Hi,Speed Cyclone 250,2023,200000,10000,Islamabad,250
Super,Power Sultan SP 250,2020,385000,10000,Rahim Yar Khan,250
Yamaha,Fzr 250,2019,300000,10000,Hyderabad,250
Honda,CB 250F,2020,1000000,11000,Sadiqabad,250
Honda,CRF 250L,2022,105000,12000,Multan,250
FUEGO,TEKKEN 250,2018,650000,12345,Islamabad,250
Shelby,NINJA 250,2018,400000,12345,Karachi,250
Honda,CRF 250L,2014,130000,12345,Mirpur A.K.,250
Yamaha,YZ250,2021,580000,12350,Lahore,250
Kawasaki,Ninja 250R,2021,350000,12456,Bahawalpur,250
Suzuki,Bandit 1250S ABS,2018,3512000,12500,Lahore,250
ZXMCO,Monster ZX 250-D,2018,1200000,14000,Peshawar,250
ZXMCO,Monster ZX 250-D,2018,1100000,14288,Peshawar,250
FUEGO,TEKKEN 250,2020,625000,15000,Lahore,250
Honda,CRF 250L,2021,153000,15000,Lahore,250
FUEGO,TEKKEN 250,2019,725000,15000,Islamabad,250
Kawasaki,Ninja 250R,2017,380000,15000,Rawalpindi,250
Kawasaki,Ninja 250R,2022,480000,15000,Rawalpindi,250
Kawasaki,Ninja 250R,2004,525000,16000,Lahore,250
Honda,CBR250 RR,2020,750000,16000,Karachi,250
Benelli,Leoncino 250,2022,400000,16375,Karachi,250
Suzuki,Bandit 250VC,1998,725000,16700,Lahore,250
FUEGO,TEKKEN 250,2017,500000,17000,Islamabad,250
Suzuki,GN 250,1996,350000,18000,Sialkot,250
Super,Power Sultan SP 250,2021,450000,18500,Faisalabad,250
Honda,CB 250F,2016,230000,19999,Karachi,250
Honda,CRF 250L,2023,165000,20000,Mirpur khas,250
Honda,CRF 250L,2007,450000,20000,Lahore,250
Honda,CRF 250L,2021,98000,20000,Sahiwal,250
Super,Power Sultan SP 250,2017,300000,20000,Lahore,250
Suzuki,Bandit 250VC,1998,650000,20000,Sialkot,250
Suzuki,GZ250,2011,185000,21000,Rawalpindi,250
Super,Power Sultan SP 250,2021,370000,21000,Islamabad,250
Super,Power Sultan SP 250,2019,370000,22000,Sargodha,250
FUEGO,TEKKEN 250,2018,680000,22000,Rawalpindi,250
Kawasaki,Ninja 250R,2012,1100000,22000,Lahore,250
Kawasaki,Ninja 250R,2010,1150000,25000,Rawalpindi,250
Suzuki,Volty 250,2004,550000,25000,Karachi,250
Super,Power Sultan SP 250,2023,410000,25000,Islamabad,250
Suzuki,Gsxr,1991,730000,33000,Lahore,250
Kawasaki,BALIUS ZR250,1992,515000,37000,Lahore,250
Road,Prince 250,2020,250000,40000,Lahore,250
Honda,CRF 250L,2010,39000,50000,Faisalabad,250
Kawasaki,Ninja 250R,2019,395000,50000,Lahore,250
Yamaha,Fzr 250,1995,525000,53000,Lahore,250
Chinese,Bikes OW Ninja,2022,500000,60000,Lahore,250
Super,Power Sultan SP 250,2019,395000,99999,Faisalabad,250
Sigma,Thunder 250,2018,350000,100000,Lahore,250
Suzuki,RM250,2021,90000,123456,Sukkur,250
Super,Power Sultan SP 250,2008,40000,150500,Sukkur,250
Yamaha,Fzr 250,2000,170000,211100,Karachi,250
Benelli,251s,2021,1180000,1500,Lahore,251
Benelli,251s,2022,1050000,6000,Islamabad,251
Benelli,251s,2021,1700000,7300,Rawalpindi,251
Benelli,251s,2021,1100000,9890,Lahore,251
Benelli,251s,2021,1400000,13975,Lahore,251
Zongshen,300,2025,1350000,1,Lahore,300
Hi,Speed RM-i300,2025,175000,1,Lahore,300
Zongshen,300,2025,1400000,1,Lahore,300
Hi,Speed RM-i300,2025,185000,1,Hyderabad,300
Hi,Speed RM-i300,2025,185000,5,Hyderabad,300
OVERDRIVE,Raptor 300,2025,1600000,870,Lahore,300
Hi,Speed RM-i300,2024,160000,2200,Okara,300
Kawasaki,Ninja ZX300,2019,365000,3500,Multan,300
OVERDRIVE,Raptor 300,2020,1125000,5100,Lahore,300
Kawasaki,Ninja ZX300,2023,650000,8611,Kohat,300
OVERDRIVE,Raptor 300,2022,1300000,9000,Islamabad,300
Chinese,Bikes OW R3,2018,525000,10000,Karachi,300
Kawasaki,Ninja ZX300,2018,415000,10000,Faisalabad,300
Kawasaki,Ninja ZX300,2016,1400000,11000,Karachi,300
Kawasaki,Ninja ZX300,2018,450000,12000,Karachi,300
Kawasaki,Ninja ZX300,2019,390000,14000,Faisalabad,300
Kawasaki,Ninja ZX300,2018,380000,15000,Rawalpindi,300
Zongshen,300,2019,360000,16000,Taxila,300
Chinese,Bikes OW Ninja,2018,420000,16000,Lahore,300
Kawasaki,Ninja ZX300,2021,750000,19000,Faisalabad,300
Aprilia,SPORTCITY CUBE 125 - 200 - 300,2018,450000,19999,Karachi,300
Kawasaki,Ninja ZX300,2014,1425000,21000,Lahore,300
Kawasaki,Ninja ZX300,2015,1750000,25000,Rawalpindi,300
Kawasaki,Ninja ZX300,2012,470000,35000,Khanewal,300
Benelli,302S,2025,1845000,1,Karachi,302
Benelli,302S,2025,1825000,1,Islamabad,302
Benelli,302S,2024,1875000,2200,Islamabad,302
Benelli,302S,2023,1650000,3800,Karachi,302
Benelli,302S,2024,1650000,5421,Gujrat,302
Benelli,302S,2024,1680000,5750,Lahore,302
Benelli,302S,2023,1525000,6300,Lahore,302
Benelli,302S,2021,1400000,8280,Karachi,302
Benelli,302S,2022,1700000,8600,Rawalpindi,302
Benelli,302S,2022,1680000,8700,Islamabad,302
Benelli,302S,2021,1450000,10000,Karachi,302
Benelli,302S,2024,1625000,10200,Lahore,302
Benelli,302S,2022,250000,12000,Gwadar,302
Benelli,302S,2022,1535000,14500,Lahore,302
Benelli,302S,2023,1620000,20000,Lahore,302
Shelby,R5V,2019,490000,14000,Lahore,350
Taro,GP One,2025,1450000,1,Lahore,380
Taro,GP One,2022,1180000,2500,Wah cantt,380
Taro,GP One,2022,1250000,3500,Sheikhupura,380
Taro,GP One,2021,680000,7500,Islamabad,380
Taro,GP One,2021,750000,11500,Karachi,380
Taro,GP One,2018,550000,12000,Multan,380
Taro,GP One,2022,980000,13000,Lahore,380
Taro,GP One,2018,850000,16000,Rawalpindi,380
Zongshen,400,2025,1450000,1,Rawalpindi,400
OW,S1000RR,2025,1250000,1,Lahore,400
OW,S1000RR,2025,950000,1,Lahore,400
Honda,CB400,1997,780000,1,Karachi,400
OW,Ducatin,2025,1250000,1,Lahore,400
OW,S1000RR,2025,1150000,1,Lahore,400
Zongshen,400,2025,950000,2,Lahore,400
Zongshen,400,2025,1375000,2,Lahore,400
Zongshen,400,2025,1200000,2,Lahore,400
Zongshen,400,2025,1225000,2,Gujranwala,400
Zongshen,400,2024,1100000,16,Faisalabad,400
Chinese,Bikes OW Ninja,2021,750000,70,Multan,400
Yamaha,FZR 400,2004,395000,200,Lahore,400
Chinese,Bikes OW Ninja,2025,1180000,220,Islamabad,400
OW,Ninja,2025,1180000,220,Islamabad,400
Chinese,Bikes OW Ninja,2025,1100000,400,Lahore,400
OW,Ducatin,2024,850000,500,Lahore,400
OW,Ducatin,2025,1150000,500,Lahore,400
Chinese,Bikes OW Ninja,2022,650000,1000,Karachi,400
Chinese,Bikes OW Ninja,2023,925000,1300,Lahore,400
NPTC,Z1000,2024,1000000,2000,Islamabad,400
Chinese,Bikes OW R3,2021,600000,2300,Mardan,400
NPTC,Rebllion,2024,1075000,2300,Rawalpindi,400
Chinese,Bikes OW Ninja,2023,850000,2500,Lahore,400
Zongshen,400,2024,850000,2500,Lahore,400
OW,Ducatin,2025,980000,2999,Lahore,400
OW,Ducatin,2025,985000,3200,Sialkot,400
Kawasaki,Ninja 400,2024,750000,4000,Lahore,400
Kawasaki,Ninja 400,2024,800000,4000,Lahore,400
Chinese,Bikes OW Ninja,2023,960000,4000,Pasrur,400
NPTC,Rebllion,2024,900000,4500,Lahore,400
OW,Ducatin,2018,590000,4800,Karachi,400
Kawasaki,Ninja 400,2023,770000,4900,Lahore,400
Chinese,Bikes OW Ninja,2022,850000,5000,Islamabad,400
OW,Ducatin,2022,760000,6000,Karachi,400
Zongshen,400,2024,725000,6000,Lahore,400
Chinese,Bikes OW Ninja,2023,740000,6000,Lahore,400
OW,Ducatin,2025,1450000,7500,Lahore,400
Kawasaki,Ninja 400,2021,629000,9000,Taxila,400
Honda,CBR 400,1994,210000,9900,Lahore,400
Zongshen,400,2019,790000,10000,Islamabad,400
Chinese,Bikes OW Ninja,2021,800000,10000,Karachi,400
Zongshen,400,2020,1200000,11000,Rawalpindi,400
Kawasaki,Ninja 400,2018,825000,12000,Lahore,400
Suzuki,DR-Z400SM,2010,1075000,15000,Lahore,400
Shelby,YCR Boom,2018,1000000,15000,Rawalpindi,400
Kawasaki,Ninja 400,2017,580000,15000,Islamabad,400
Chinese,Bikes OW Ninja,2019,525000,18000,Multan,400
Honda,CBR 400,2016,530000,19000,Quetta,400
Chinese,Bikes OW Ninja,2019,400000,19000,Faisalabad,400
Chinese,Bikes OW Ninja,2017,650000,20000,Lahore,400
NPTC,Z1000,2019,499000,20000,Multan,400
Zongshen,400,2013,1250000,25000,Islamabad,400
Honda,CB400,1998,1040000,26000,Karachi,400
Kawasaki,Ninja 400,2012,1600000,26500,Karachi,400
Honda,CB400,2014,750000,35000,Hyderabad,400
Honda,CB 400X,2015,580000,40000,Karachi,400
Chinese,Bikes OW R3,2017,420000,60000,Rawalpindi,400
Sigma,Zongshen RX3S,2016,450000,95000,Hafizabad,400
CF,MOTO 450MT,2025,3000000,120,Islamabad,450
CF,MOTO 450MT,2024,2650000,1168,Islamabad,450
CF,MOTO 450MT,2024,2300000,1200,Islamabad,450
CF,MOTO 450MT,2023,2650000,2100,Bahawalpur,450
CF,MOTO 450MT,2025,2650000,2500,Karachi,450
CF,MOTO 450MT,2024,2250000,2900,Islamabad,450
CF,MOTO 450MT,2022,2250000,4000,Sahiwal,450
CF,MOTO 450MT,2022,2050000,4400,Sahiwal,450
CF,MOTO 450MT,2024,2100000,6000,Rawalpindi,450
Yamaha,WR450F,2019,2000000,7000,Rawalpindi,450
CF,MOTO 450MT,2022,1950000,7500,Khanewal,450
CF,MOTO 450MT,2024,2500000,12000,Karachi,450
CF,MOTO 450MT,2024,2100000,13000,Islamabad,450
Hi,Speed RM-i500,2025,225000,1,Lahore,500
Hi,Speed RM-i500,2025,225000,1,Hyderabad,500
Super,Star EV-1500W,2025,275000,1,Rawalpindi,0
Super,Star EV-1500W,2025,255000,1,Rawalpindi,0
Hi,Speed RM-i500,2025,225000,6,Hyderabad,500
Hi,Speed RM-i500,2025,225000,7,Hyderabad,500
Suzuki,GS500E,1996,550000,123,Rawalpindi,500
Suzuki,GS500E,2000,625000,5000,Lahore,500
Honda,CBR 500R,2014,1650000,9500,Multan,500
Honda,CBR 500R,2016,1900000,10000,Lahore,500
Honda,CB 500X,1980,820000,10000,Lahore,500
Suzuki,GS500E,2000,550000,10000,Lahore,500
Honda,CB 500X,2024,250000,10000,Lahore,500
Suzuki,GS500F,1996,650000,10000,Rawalpindi,500
Zongshen,500,2020,750000,12000,Lahore,500
Suzuki,GS500E,2002,615000,12345,Lahore,500
Suzuki,GS500E,1991,550000,25000,Islamabad,500
Honda,CBR 500R,2015,1200000,30000,Islamabad,500
Suzuki,GS500F,2001,800000,35000,Lahore,500
Suzuki,GS500E,2004,675000,35000,Lahore,500
Benelli,TRK 502X,2025,2850000,1,Lahore,502
Benelli,TRK 502X,2021,2385000,600,Lahore,502
Benelli,TRK 502X,2023,2400000,7500,Multan,502
Benelli,TRK 502X,2023,2550000,11000,D.G.Khan,502
Benelli,TRK 502X,2022,3000000,12418,Faisalabad,502
Benelli,TRK 502X,2022,2300000,16590,Lahore,502
New,Asia Ramza F507,2025,250000,1,Rawalpindi,507
New,Asia Ramza F507,2025,220000,449,Lahore,507
New,Asia Ramza F507,2024,200000,3200,Larkana,507
QJ,Motor SRT550X,2022,2550000,8536,Karachi,550
Honda,CBR 600RR,2010,2150000,1,Rawalpindi,600
Suzuki,GSX-R600,2013,2950000,1,Rawalpindi,600
Benelli,TNT 600,2022,2735000,22,Islamabad,600
Honda,CBR 600RR,2008,1500000,123,Lahore,600
Suzuki,GSX-R600,2018,5000000,1000,Abbottabad,600
Suzuki,GSX-R600,2014,3250000,2048,Lahore,600
Benelli,TNT 600i,2021,3000000,2800,Karachi,600
Suzuki,GSX-R600,2019,4675000,6000,Lahore,600
Suzuki,GSX-R600,2018,4175000,8000,Karachi,600
Honda,CBR 600RR,2002,1050000,10000,Karachi,600
Honda,CBR 600RR,1992,1050000,10000,Karachi,600
Suzuki,GSX-R600,2011,2145000,12000,Lahore,600
Suzuki,GSX-R600,2015,3650000,12500,Islamabad,600
Suzuki,GSX-R600,2015,3850000,12900,Islamabad,600
Suzuki,GSX-R600,2014,3335000,14000,Lahore,600
Suzuki,GSX-R600,2014,3600000,14080,Lahore,600
Benelli,TNT 600i,2021,2250000,15000,Karachi,600
Suzuki,GSX-R600,2013,3100000,16000,Karachi,600
Honda,CBR 600RR,2013,2990000,16000,Lahore,600
Suzuki,GSX-R600,2015,3800000,17000,Abbottabad,600
Suzuki,GSX-R600,2013,2390000,17000,Lahore,600
Suzuki,GSX-R600,2012,3050000,17600,Hyderabad,600
Suzuki,GSX-R600,2014,3650000,19000,Islamabad,600
Suzuki,GSX-R600,2013,3150000,19600,Sargodha,600
Suzuki,GSX-R600,2011,2500000,20500,Lahore,600
Suzuki,GSX-R600,2013,3250000,22000,Lahore,600
Suzuki,GSX-R600,2015,3600000,22000,Lahore,600
Suzuki,GSX-R600,2011,2500000,22500,Karachi,600
Suzuki,GSX-R600,2011,2600000,23000,Islamabad,600
Suzuki,GSX-R600,2009,1600000,25000,Karachi,600
Honda,CBR 600RR,2009,1250000,25000,Lahore,600
Honda,CBR 600RR,2009,2000000,27000,Karachi,600
Honda,CBR 600RR,2009,2100000,27000,Islamabad,600
Suzuki,GSX-R600,2012,2800000,30000,Multan,600
Suzuki,GSX-R600,2014,3650000,30000,Lahore,600
Suzuki,GSX-R600,2014,3200000,30000,Lahore,600
Suzuki,GSX-R600,2013,3350000,30000,Rawalpindi,600
Suzuki,GSX-R600,2011,2370000,35000,Rawalpindi,600
Suzuki,GSX-R600,2009,2450000,45000,Lahore,600
Kawasaki,ZZR600,1992,200000,196878,Sheikhupura,600
NPTC,JMS 650,2022,95000,1,Rawalpindi,650
OVERDRIVE,Hyusong GV650 Pro,2008,340000,1,Peshawar,650
Honda,CB 650R,1984,700000,16,Karachi,650
Suzuki,DR650SE,2019,3500000,5000,Islamabad,650
Suzuki,V-Strom 650,2018,3333000,9000,Muzaffarabad,650
Kawasaki,KLR650,2018,2700000,9300,Okara,650
Suzuki,SV650,2000,1050000,10000,Karachi,650
Suzuki,DR650SE,2020,3300000,11600,Lahore,650
Honda,XR 650L,2024,145000,16000,Lahore,650
Suzuki,V-Strom 650 ABS,2023,4700000,23655,Islamabad,650
OVERDRIVE,Hyusong GV650 Pro,2014,450000,27000,Multan,650
BMW,F 650 GS,2011,3000000,29200,Mirpur A.K.,650
Hi,Speed RM-i700,2025,270000,1,Lahore,700
Hi,Speed RM-i700,2025,265000,1,Hyderabad,700
Hi,Speed RM-i700,2025,265000,4,Hyderabad,700
Hi,Speed RM-i700,2025,265000,8,Hyderabad,700
New,Asia Ramza A700,2025,265000,222,Lahore,700
New,Asia Ramza A700,2025,250000,590,Lahore,700
New,Asia Ramza A700,2024,200000,11000,Lahore,700
New,Asia Ramza A700,2024,230000,20000,Multan,700
Benelli,TRK 702X,2025,3650000,50,Gujranwala,702
Suzuki,GS750,1983,1200000,300,Karachi,750
Suzuki,GS750,1983,1700000,386,Karachi,750
Suzuki,GSX-R750,1993,1100000,786,Karachi,750
Suzuki,GS750,1981,700000,1000,Karachi,750
Aprilia,DORSODURO 750,2015,90000,8000,Islamabad,750
Suzuki,GSX-R750,2015,3700000,8500,Lahore,750
Suzuki,GSX-R750,2014,3800000,12911,Lahore,750
Suzuki,GSX-R750,2017,4700000,14000,Sialkot,750
Suzuki,GSX-R750,2014,3650000,19000,Islamabad,750
Honda,CB750,1977,3250000,19584,Lahore,750
Suzuki,GSX-R750,2013,3225000,31000,Karachi,750
Suzuki,GSX-R750,2003,1300000,95000,Karachi,750
Honda,CB750,1978,1800000,123456,Karachi,750
Benelli,752S,2021,2900000,9200,Karachi,752
CF,MOTO 800NK Advanced,2024,4200000,500,Lahore,800
BMW,F 800 GS,2017,5600000,20000,Lahore,800
BMW,F 800 GS,2010,4500000,21000,Quetta,800
BMW,F 800 GS,2014,3800000,23500,Lahore,800
BMW,F 800 GS,2013,3500000,57000,Lahore,800
BMW,F 800 GS,2014,1500000,79000,Islamabad,800
Suzuki,VX800,1983,1350000,150000,Islamabad,800
Hi,Speed RM-i900,2025,299000,1,Hyderabad,900
Hi,Speed RM-i900,2025,299000,2,Hyderabad,900
Hi,Speed RM-i900,2025,299000,3,Hyderabad,900
Ducati,GT 1000,2025,685000,1,Karachi,1000
BMW,S1000RR,2025,1250000,1,Lahore,1000
BMW,S1000RR,2024,1275000,1,Lahore,1000
Suzuki,GSX-R1000,2012,3850000,1,Rawalpindi,1000
Lectrix,JMS 1000 Smart,2025,290000,1,Rawalpindi,1000
BMW,S1000RR,2025,1200000,217,Lahore,1000
BMW,S1000RR,2024,1435000,265,Faisalabad,1000
BMW,S1000RR,2025,1180000,800,Gujranwala,1000
Suzuki,GSX-R1000,2006,509000,1000,Karachi,1000
Crown,EV-1000,2025,170000,1000,Sheikhupura,0
Kawasaki,Z1000,2023,990000,1500,Rawalpindi,1000
BMW,S1000RR,2022,100000000,1600,Karachi,1000
Crown,EV-1000,2019,175000,1800,Lahore,0
Ducati,GT 1000,2024,950000,2000,Lahore,1000
Crown,EV-1000,2025,160000,2000,Lahore,0
BMW,S1000RR,2023,12500000,2350,Islamabad,1000
Kawasaki,Z1000,2023,870000,3800,Faisalabad,1000
BMW,M 1000 R,2022,685000,5000,Karachi,1000
Kawasaki,Z1000,2014,4500000,6000,Islamabad,1000
Suzuki,GSX-R1000,2013,4350000,6200,Islamabad,1000
Kawasaki,Z1000,2015,3600000,7000,Karachi,1000
BMW,S1000RR,2018,650000,7700,Karachi,1000
Suzuki,GSX-R1000,2020,450000,9000,Karachi,1000
BMW,S1000RR,2018,390000,10000,Peshawar,1000
BMW,S1000RR,2018,550000,10000,Lahore,1000
BMW,S1000RR,2019,450000,10000,Jhand,1000
BMW,S1000RR,2015,5750000,10655,Rawalpindi,1000
Kawasaki,Z1000,2014,3250000,12000,Karachi,1000
BMW,S1000RR,2012,4250000,12345,Lahore,1000
Crown,EV-1000,2023,120000,12798,Karachi,0
Suzuki,GSX-R1000,2013,3850000,13800,Karachi,1000
BMW,S1000RR,2013,4995000,14000,Lahore,1000
Suzuki,GSX-R1000,2017,5750000,14000,Sialkot,1000
BMW,S1000RR,2023,850000,15000,Lahore,1000
Suzuki,GSX-R1000,2013,3900000,16000,Lahore,1000
Kawasaki,Z1000,2013,2750000,16000,Karachi,1000
Kawasaki,Z1000,2014,3350000,16000,Karachi,1000
Kawasaki,Z1000,2014,3200000,16000,Islamabad,1000
Kawasaki,Z1000,2015,3500000,16500,Lahore,1000
Kawasaki,Z1000,2014,3300000,17000,Karachi,1000
Suzuki,GSX-R1000,2017,6000000,17400,Lahore,1000
Kawasaki,Z1000,2011,2500000,18000,Islamabad,1000
BMW,S1000RR,2013,4650000,19000,Lahore,1000
Suzuki,GSX-R1000,2013,4600000,19000,Faisalabad,1000
Suzuki,GSX-R1000,2012,4500000,19000,Faisalabad,1000
BMW,S1000RR,2012,4050000,19300,Karachi,1000
BMW,M 1000 RR,2012,4200000,20000,Gujranwala,1000
Suzuki,GSX-R1000,2008,1300000,20000,Lahore,1000
Kawasaki,Z1000,2005,1100000,20000,Sialkot,1000
BMW,S1000RR,2017,6900000,20800,Lahore,1000
Suzuki,GSX-R1000,2009,3450000,21000,Islamabad,1000
BMW,S1000RR,2015,6100000,22000,Rawalpindi,1000
BMW,S1000RR,2010,3600000,22000,Lahore,1000
Suzuki,GSX-R1000,2009,2750000,22000,Lahore,1000
BMW,S1000RR,2017,5800000,24000,Gujranwala,1000
Suzuki,GSX-R1000,2010,2675000,24000,Lahore,1000
Kawasaki,Z1000,2013,2400000,25000,Karachi,1000
BMW,S1000RR,2015,6075000,26200,Karachi,1000
BMW,S1000RR,2013,5290000,27000,Lahore,1000
Kawasaki,Z1000,2010,2300000,28000,Karachi,1000
BMW,S1000RR,2015,5500000,28000,Lahore,1000
Suzuki,GSX-R1000,2008,2450000,29000,Karachi,1000
Suzuki,GSX-R1000,2009,2600000,32000,Islamabad,1000
Honda,CRF1100L Africa Twin Adventure Sports,2018,140000,29000,Attock,1100
Honda,VFR1200X,2016,4500000,16000,Lahore,1200
